{"type":"FeatureCollection","crs":{"type":"name","properties":{"name":"EPSG:4326"}},"features":[{"type":"Feature","id":2,"geometry":{"type":"Point","coordinates":[-61.290330277999942,-38.988889443999938]},"properties":{"objectid":2,"objectid_1":61,"dependenci":"MONTE HERMOSO","cod_numer":"8567","dep_organ":"BBLA - BAHIA BLANCA","cuatrigram":"MHER","nivel":"V","provincia":"BUENOS AIRES","zona":"PZMN","rios":"MAR ARGENTINO","telefono":"02921481002","direccion":"Presidente Perón Nº 235","ciudad":"Monte Hermoso","codigo_pos":"8153","jurisdicci":"No informada.","latitud":"38° 59' 20,002\" S","longitud":"61° 17' 25,189\" W","region":2,"frontera":" ","mail":"pnamontehermoso@hotmail.com.ar","senal":"L5A","frecuencia":"(1)156.450M(2)156.600M(3)156,700M(4)156,800M","canal_comu":"(1)09 (2)12 (3)14 (4)16","nombre_est":"Monte Hermoso Prefectura Naval Radio","lat_dd":-38.988889440000001,"lon_dd":-61.290330279999999}},{"type":"Feature","id":3,"geometry":{"type":"Point","coordinates":[-62.082611388999965,-38.89813694399993]},"properties":{"objectid":3,"objectid_1":62,"dependenci":"PUERTO ROSALES","cod_numer":"8739","dep_organ":"BBLA - BAHIA BLANCA","cuatrigram":"PURO","nivel":"V","provincia":"BUENOS AIRES","zona":"PZMN","rios":"MAR ARGENTINO","telefono":"02932426303","direccion":"Puerto Rosales","ciudad":"Punta Alta","codigo_pos":"8109","jurisdicci":"No informada.","latitud":"38° 53' 53,293\" S","longitud":"62° 4' 57,401\" W","region":2,"frontera":" ","mail":"puertorosales-@hotmail.com","senal":" ","frecuencia":" ","canal_comu":" ","nombre_est":" ","lat_dd":-38.898136940000001,"lon_dd":-62.082611389999997}},{"type":"Feature","id":4,"geometry":{"type":"Point","coordinates":[-62.273318888999938,-38.788183610999965]},"properties":{"objectid":4,"objectid_1":63,"dependenci":"BAHIA BLANCA","cod_numer":"8054","dep_organ":"PZMN - MAR ARGENTINO NORTE","cuatrigram":"BBLA","nivel":"II","provincia":"BUENOS AIRES","zona":"PZMN","rios":"MAR ARGENTINO","telefono":"02914573124","direccion":"Av.teófilo Salustio E/c 5 Y 6","ciudad":"Bahia Blanca","codigo_pos":"8103","jurisdicci":"Océano Atlántico Desde el punto formado por Lat. 38º 52’.1 s, Long. 60º 10’, hasta el límite del mar Jurisdiccional Argentino.","latitud":"38° 47' 17,461\" S","longitud":"62° 16' 23,948\" W","region":2,"frontera":" ","mail":"bbla@prefecturanaval.gov.ar","senal":"L2N","frecuencia":"(1)156.450M(2)156.600M(3)156,700M(4)156,800M(5)156,875","canal_comu":"(1)09 (2)12 (3)14 (4)16(5)77","nombre_est":"Bahía Blanca Prefectura Naval Radio","lat_dd":-38.788183609999997,"lon_dd":-62.273318889999999}},{"type":"Feature","id":5,"geometry":{"type":"Point","coordinates":[-62.270833055999958,-38.72060666699997]},"properties":{"objectid":5,"objectid_1":64,"dependenci":"ZONA MAR ARGENTINO NORTE","cod_numer":" ","dep_organ":" ","cuatrigram":"PZMN","nivel":"ZONA","provincia":"BUENOS AIRES","zona":"PZMN","rios":"MAR ARGENTINO","telefono":"02914563050","direccion":"Moreno Nº 244","ciudad":"Bahia Blanca","codigo_pos":"8000","jurisdicci":"Desde el paralelo que pasa por el faro Punta Médanos (Lat. 36º 53’ s, Long. 56º 40’ w, carta h 50), siguiendo por éste hasta la línea determinante del límite lateral marítimo Argentino.","latitud":"38° 43' 14,184\" S","longitud":"62° 16' 14,999\" W","region":2,"frontera":" ","mail":"pzman-operaciones@prefecturanaval.gov.ar","senal":" ","frecuencia":" ","canal_comu":" ","nombre_est":" ","lat_dd":-38.720606669999995,"lon_dd":-62.270833060000001}},{"type":"Feature","id":6,"geometry":{"type":"Point","coordinates":[-64.939373055999965,-40.726922499999944]},"properties":{"objectid":6,"objectid_1":65,"dependenci":"SAN ANTONIO OESTE","cod_numer":"8767","dep_organ":"PZMN - MAR ARGENTINO NORTE","cuatrigram":"SANT","nivel":"II","provincia":"RIO NEGRO","zona":"PZMN","rios":"MAR ARGENTINO","telefono":"02934421202","direccion":"Brown Nº 20","ciudad":"San Antonio","codigo_pos":"8520","jurisdicci":"Océano Atlántico desde promontorio Belén (Lat. 41º 09´ s, Long. 63º 51´ w -carta h-2), hasta la margen derecha del Arroyo Verde.","latitud":"40° 43' 36,921\" S","longitud":"64° 56' 21,743\" W","region":2,"frontera":" ","mail":"sant@prefecturanaval.gov.ar","senal":"L4V","frecuencia":"(1)156.450M(2)156.600M(3)156,700M(4)156,800M","canal_comu":"(1)09 (2)12 (3)14 (4)16","nombre_est":"San Antonio Oeste Prefectura Naval Radio","lat_dd":-40.726922500000001,"lon_dd":-64.939373060000008}},{"type":"Feature","id":7,"geometry":{"type":"Point","coordinates":[-64.884557499999971,-40.798714999999959]},"properties":{"objectid":7,"objectid_1":184,"dependenci":"SAN ANTONIO ESTE","cod_numer":"8765","dep_organ":"SANT - SAN ANTONIO OESTE","cuatrigram":"SANE","nivel":"V","provincia":"RIO NEGRO","zona":"PZMN","rios":"MAR ARGENTINO","telefono":"02934492073","direccion":"Brown S/n°","ciudad":"San Antonio","codigo_pos":"8520","jurisdicci":"No informada.","latitud":"40° 47' 55,374\" S","longitud":"64° 53' 4,407\" W","region":2,"frontera":" ","mail":"sanepna@hotmail.com","senal":"L4W","frecuencia":"(1)156.450M(2)156.600M(3)156,700M(4)156,800M","canal_comu":"(1)09 (2)12 (3)14 (4)16","nombre_est":"San Antonio Este Prefectura Naval Radio","lat_dd":-40.798714999999994,"lon_dd":-64.8845575}},{"type":"Feature","id":8,"geometry":{"type":"Point","coordinates":[-65.092120277999982,-40.813381666999931]},"properties":{"objectid":8,"objectid_1":66,"dependenci":"LAS GRUTAS","cod_numer":"8770","dep_organ":"SANT - SAN ANTONIO OESTE","cuatrigram":"LGRU","nivel":"V","provincia":"RIO NEGRO","zona":"PZMN","rios":"MAR ARGENTINO","telefono":" ","direccion":"San Antonio Oeste","ciudad":"Las Grutas","codigo_pos":"R8520","jurisdicci":"No informada.","latitud":"40° 48' 48,174\" S","longitud":"65° 5' 31,633\" W","region":2,"frontera":" ","mail":" ","senal":" ","frecuencia":" ","canal_comu":" ","nombre_est":" ","lat_dd":-40.813381669999998,"lon_dd":-65.092120280000003}},{"type":"Feature","id":9,"geometry":{"type":"Point","coordinates":[-62.236249166999983,-40.549742777999938]},"properties":{"objectid":9,"objectid_1":67,"dependenci":"SAN BLAS","cod_numer":"8769","dep_organ":"PNES - PATAGONES","cuatrigram":"SBLA","nivel":"V","provincia":"BUENOS AIRES","zona":"PZMN","rios":"MAR ARGENTINO","telefono":"02920499477","direccion":"Bahía San Blas Piedrabuena S/n Entre Calles 27 Y 28","ciudad":"Bahia San Blas","codigo_pos":"8506","jurisdicci":"No informada.","latitud":"40° 32' 59,074\" S","longitud":"62° 14' 10,497\" W","region":2,"frontera":" ","mail":"sanblaspna@gmail.com","senal":"L4Y","frecuencia":"(1)156.450M(2)156.600M(3)156,700M(4)156,800M","canal_comu":"(1)09 (2)12 (3)14 (4)16","nombre_est":"San Blas Prefectura Naval Radio","lat_dd":-40.549742780000003,"lon_dd":-62.236249169999994}},{"type":"Feature","id":10,"geometry":{"type":"Point","coordinates":[-62.990553610999939,-40.799343055999941]},"properties":{"objectid":10,"objectid_1":68,"dependenci":"PATAGONES","cod_numer":"8631","dep_organ":"PZMN - MAR ARGENTINO NORTE","cuatrigram":"PNES","nivel":"III","provincia":"BUENOS AIRES","zona":"PZMN","rios":"RIO NEGRO","telefono":"02920464923","direccion":"Mitre Nº 350","ciudad":"Patagones","codigo_pos":"8504","jurisdicci":"Océano Atlántico desde brazo sur del Río Colorado, al este una línea imaginaria con una marcación verdadera de 121º hasta promontorio Belén (Lat. 41º 09´ s, Long. 63º 51´ w -carta h-2).","latitud":"62° 59' 25,993\" W","longitud":"40° 47' 57,635\" S","region":2,"frontera":" ","mail":"pnes@prefecturanaval.gov.ar","senal":"L4X","frecuencia":"(1)156.450M(2)156.600M(3)156,700M(4)156,800M","canal_comu":"(1)09 (2)12 (3)14 (4)16","nombre_est":"Patagones Prefectura Naval Radio","lat_dd":-40.799343060000005,"lon_dd":-62.990553609999999}},{"type":"Feature","id":11,"geometry":{"type":"Point","coordinates":[-65.026164999999935,-41.694741943999929]},"properties":{"objectid":11,"objectid_1":69,"dependenci":"PUNTA COLORADA","cod_numer":"8695","dep_organ":"SANT - SAN ANTONIO OESTE","cuatrigram":"PCOL","nivel":"IV","provincia":"RIO NEGRO","zona":"PZMN","rios":"MAR ARGENTINO","telefono":"02934481154","direccion":"Villa Hi.pa.r.s.a. Sector “d” Casa Nº 12","ciudad":"Punta Colorada","codigo_pos":"8532","jurisdicci":"Desde Punta Sierra (Lat. 41º 31´ s, Long. 64º 59´ w -carta h-2), hasta el límite del mar jurisdiccional argentino, hasta la margen derecha del Arroyo Verde.","latitud":"41° 41' 41,071\" S","longitud":"65° 1' 34,194\" W","region":2,"frontera":" ","mail":"pcol@prefecturanaval.gov.ar","senal":"L4T","frecuencia":"(1)156.450M(2)156.600M(3)156,700M(4)156,800M","canal_comu":"(1)09 (2)12 (3)14 (4)16","nombre_est":"Punta Colorada Prefectura Naval Radio","lat_dd":-41.69474194,"lon_dd":-65.026165000000006}},{"type":"Feature","id":13,"geometry":{"type":"Point","coordinates":[-64.27590472199995,-42.575756943999977]},"properties":{"objectid":13,"objectid_1":198,"dependenci":"PUNTA PIRAMIDES","cod_numer":"8490","dep_organ":"MADR - PUERTO MADRYN","cuatrigram":"PIRA","nivel":"IV","provincia":"CHUBUT","zona":"PZMN","rios":"MAR ARGENTINO","telefono":"02804495054","direccion":"Roca S/n Bajada Al Mar","ciudad":"Puerto Piramides","codigo_pos":"9121","jurisdicci":"No informada.","latitud":"42° 34' 32,725\" S","longitud":"64° 16' 33,257\" W","region":2,"frontera":" ","mail":"pira@prefecturanaval.gov.ar","senal":" ","frecuencia":" ","canal_comu":" ","nombre_est":" ","lat_dd":-42.575756939999998,"lon_dd":-64.275904720000014}},{"type":"Feature","id":14,"geometry":{"type":"Point","coordinates":[-65.061171943999966,-43.337704443999939]},"properties":{"objectid":14,"objectid_1":71,"dependenci":"RAWSON","cod_numer":"8707","dep_organ":"PZMN - MAR ARGENTINO NORTE","cuatrigram":"RAWS","nivel":"II","provincia":"CHUBUT","zona":"PZMN","rios":"RIO CHUBUT","telefono":"02804496004","direccion":"Av. Marcelino González S/nº","ciudad":"Union","codigo_pos":"9103","jurisdicci":"Océano Atlántico desde Punta León (Lat. 43º 04´ s, Long. 64º 25´ w -carta h-3 )hasta Punta Roja en la Bahía de Camarones Lat. 44º 35´ s, Long. 65º 22´ w -carta h-3.","latitud":"43° 20' 15,736\" S","longitud":"65° 3' 40,219\" W","region":2,"frontera":" ","mail":"raws@prefecturanaval.gov.ar","senal":"L4R","frecuencia":"(1)156.450M(2)156.600M(3)156,700M(4)156,800M","canal_comu":"(1)09 (2)12 (3)14 (4)16","nombre_est":"Rawson Prefectura Naval Radio","lat_dd":-43.337704439999996,"lon_dd":-65.061171939999994}},{"type":"Feature","id":16,"geometry":{"type":"Point","coordinates":[-71.531126666999967,-41.052916943999946]},"properties":{"objectid":16,"objectid_1":73,"dependenci":"PUERTO PAÑUELO","cod_numer":"8773","dep_organ":"SCBA - SAN CARLOS DE BARILOCHE","cuatrigram":"PANU","nivel":"V","provincia":"RIO NEGRO","zona":"PZLC","rios":"RIO NEGRO","telefono":"02944448214","direccion":"Km. 25 Ruta  (lao)","ciudad":"Llao-llao","codigo_pos":"CP.8409","jurisdicci":"No informada.","latitud":"41° 3' 10,501\" S","longitud":"71° 31' 52,056\" W","region":2,"frontera":" ","mail":" ","senal":"L9Q","frecuencia":"(1)156.450M(2)156.600M(3)156,700M(4)156,800M","canal_comu":"(1)09 (2)12 (3)14 (4)16","nombre_est":"Puerto Pañuelo Prefectura Naval Radio","lat_dd":-41.052916940000003,"lon_dd":-71.531126669999992}},{"type":"Feature","id":18,"geometry":{"type":"Point","coordinates":[-68.544006388999946,-38.543351943999937]},"properties":{"objectid":18,"objectid_1":175,"dependenci":"LAGO MARI MENUCO","cod_numer":"8578","dep_organ":"CHUE - DEL COMAHUE","cuatrigram":"MMEN","nivel":"V","provincia":"NEUQUEN","zona":"PZLC","rios":"RIO NEUQUEN","telefono":"02994898131","direccion":"Departamento Añelo","ciudad":"Villa Mari Menuco","codigo_pos":"8309","jurisdicci":"No informada.","latitud":"38° 32' 36,067\" S","longitud":"68° 32' 38,423\" W","region":2,"frontera":" ","mail":" ","senal":" ","frecuencia":" ","canal_comu":" ","nombre_est":" ","lat_dd":-38.543351940000001,"lon_dd":-68.544006389999993}},{"type":"Feature","id":19,"geometry":{"type":"Point","coordinates":[-68.030600555999968,-38.701873888999955]},"properties":{"objectid":19,"objectid_1":1,"dependenci":"LAGO PELLEGRINI","cod_numer":"8442","dep_organ":"CHUE - DEL COMAHUE","cuatrigram":"LPEL","nivel":"V","provincia":"RIO NEGRO","zona":"PZLC","rios":"LAGO PELLEGRINI","telefono":"0299155096875","direccion":"Carlos Pellegrini S/n","ciudad":"Pellegrini","codigo_pos":"W3344","jurisdicci":"No informada.","latitud":"38° 42' 6,746\" S","longitud":"68° 1' 50,162\" W","region":2,"frontera":" ","mail":" ","senal":"L9R","frecuencia":"(1)156,800M","canal_comu":"(1)16","nombre_est":"Lago Pellegrini Prefectura Naval Radio","lat_dd":-38.701873890000002,"lon_dd":-68.030600560000011}},{"type":"Feature","id":20,"geometry":{"type":"Point","coordinates":[-68.053222499999947,-38.978653055999985]},"properties":{"objectid":20,"objectid_1":2,"dependenci":"ZONA LACUSTRE Y DEL COMAHUE","cod_numer":" ","dep_organ":" ","cuatrigram":"PZLC","nivel":"ZONA","provincia":"NEUQUEN","zona":"PZLC","rios":"RIO LIMAY","telefono":"02994420192","direccion":"Calle Rió Negro Y Democracia Isla Nº 132","ciudad":"Neuquen","codigo_pos":"8300","jurisdicci":"Todos los Ríos navegables 'Lanín', 'Nahuel Huapí' 'Los Arrayanes', 'Puelo' y 'Los Alerces'; Río Limay desde su nacimiento en el Lago Nahuel Huapí, hasta su confluencia con el Rio Neuquén.","latitud":"38° 58' 43,151\" S","longitud":"68° 3' 11,601\" W","region":2,"frontera":" ","mail":"pzonapzlc@prefecturanaval.gov.ar","senal":" ","frecuencia":" ","canal_comu":" ","nombre_est":" ","lat_dd":-38.978653059999999,"lon_dd":-68.053222500000004}},{"type":"Feature","id":21,"geometry":{"type":"Point","coordinates":[-68.786777777999987,-39.262354999999957]},"properties":{"objectid":21,"objectid_1":176,"dependenci":"LAGO EZEQUIEL RAMOS MEJIA","cod_numer":"8582","dep_organ":"CHUE - DEL COMAHUE","cuatrigram":"LERM","nivel":"V","provincia":"NEUQUEN","zona":"PZLC","rios":"RIO LIMAY","telefono":"02994901102","direccion":"El Choconn° 68","ciudad":"Ramos Mexia","codigo_pos":"8311","jurisdicci":"No informada.","latitud":"39° 15' 44,478\" S","longitud":"68° 47' 12,400\" W","region":2,"frontera":" ","mail":"lermpna@yahoo.com","senal":" ","frecuencia":" ","canal_comu":" ","nombre_est":" ","lat_dd":-39.262355000000007,"lon_dd":-68.786777779999994}},{"type":"Feature","id":22,"geometry":{"type":"Point","coordinates":[-71.501080277999961,-39.752520555999979]},"properties":{"objectid":22,"objectid_1":199,"dependenci":"PUERTO CANOA","cod_numer":"8785","dep_organ":"SMAN - SAN MARTIN DE LOS ANDES","cuatrigram":"PUCA","nivel":"V","provincia":"NEUQUEN","zona":"PZLC","rios":"LAGO CURRUHUE","telefono":" ","direccion":"Calle Malvinas Argentina","ciudad":"Huiliches","codigo_pos":"3300","jurisdicci":"No informada.","latitud":"39° 45' 9,074\" S","longitud":"71° 30' 3,889\" W","region":2,"frontera":" ","mail":" ","senal":" ","frecuencia":" ","canal_comu":" ","nombre_est":" ","lat_dd":-39.752520560000001,"lon_dd":-71.501080280000011}},{"type":"Feature","id":24,"geometry":{"type":"Point","coordinates":[-56.264404999999954,-27.410489721999966]},"properties":{"objectid":24,"objectid_1":4,"dependenci":"RINCON DEL OMBU","cod_numer":"8660","dep_organ":"POSA - POSADAS","cuatrigram":"OMBU","nivel":"V","provincia":"MISIONES","zona":"PZAP","rios":"RIO PARANA","telefono":" ","direccion":"San Martín Nº 151","ciudad":"Ituzaingo","codigo_pos":"N3300","jurisdicci":"No informada.","latitud":"27° 24' 37,763\" S","longitud":"56° 15' 51,858\" W","region":0,"frontera":" ","mail":" ","senal":" ","frecuencia":" ","canal_comu":" ","nombre_est":" ","lat_dd":-27.410489719999998,"lon_dd":-56.264405000000004}},{"type":"Feature","id":25,"geometry":{"type":"Point","coordinates":[-58.819161943999973,-27.959398332999967]},"properties":{"objectid":25,"objectid_1":5,"dependenci":"EMPEDRADO","cod_numer":"8274","dep_organ":"CORR - CORRIENTES","cuatrigram":"EMPE","nivel":"IV","provincia":"CORRIENTES","zona":"PZPP","rios":"RIO PARANA","telefono":"03794491001","direccion":"Bartolomé Mitre E Ituzaingo","ciudad":"Empedrado","codigo_pos":"W3418","jurisdicci":"No informada.","latitud":"27° 57' 33,834\" S","longitud":"58° 49' 8,983\" W","region":0,"frontera":" ","mail":" ","senal":" ","frecuencia":" ","canal_comu":" ","nombre_est":" ","lat_dd":-27.959398329999999,"lon_dd":-58.819161940000001}},{"type":"Feature","id":26,"geometry":{"type":"Point","coordinates":[-59.328301110999973,-29.165209721999929]},"properties":{"objectid":26,"objectid_1":186,"dependenci":"PUERTO EXTERIOR GOYA","cod_numer":"8291","dep_organ":"GOYA - GOYA","cuatrigram":"PUEG","nivel":"V","provincia":"CORRIENTES","zona":"PZPP","rios":"RIO PARANA","telefono":" ","direccion":"Caaú Y 25 De Mayo","ciudad":"Goya","codigo_pos":"W3450","jurisdicci":"No informada.","latitud":"29° 9' 54,755\" S","longitud":"59° 19' 41,884\" W","region":0,"frontera":" ","mail":" ","senal":" ","frecuencia":" ","canal_comu":" ","nombre_est":" ","lat_dd":-29.16520972,"lon_dd":-59.328301109999998}},{"type":"Feature","id":27,"geometry":{"type":"Point","coordinates":[-59.578627777999941,-29.232641666999939]},"properties":{"objectid":27,"objectid_1":6,"dependenci":"RECONQUISTA","cod_numer":"8711","dep_organ":"PZPP - PARANA SUPERIOR Y PARAGUAY","cuatrigram":"RECO","nivel":"III","provincia":"SANTA FE","zona":"PZPP","rios":"RIO PARANA","telefono":"03482499711","direccion":"Av. Prefectura Naval Argentina S/nº","ciudad":"Reconquista","codigo_pos":"3567","jurisdicci":"Río Paraná desde el km 969 al km. 866. Río San Javier, desde el Puerto Reconquista (km 950 del Río Paraná) hasta el  Arroyo Sauce.","latitud":"29° 13' 57,510\" S","longitud":"59° 34' 43,060\" W","region":0,"frontera":" ","mail":"reco@prefecturanaval.gov.ar","senal":"L6V","frecuencia":"(1)156.450M(2)156.600M(3)156,700M(4)156,800M","canal_comu":"(1)09 (2)12 (3)14 (4)16","nombre_est":"Reconquistas Prefectura Naval Radio","lat_dd":-29.232641670000003,"lon_dd":-59.578627780000005}},{"type":"Feature","id":28,"geometry":{"type":"Point","coordinates":[-58.935819999999978,-27.513566666999964]},"properties":{"objectid":28,"objectid_1":7,"dependenci":"PUERTO VILELAS","cod_numer":"8864","dep_organ":"BARR - BARRANQUERAS","cuatrigram":"PUVI","nivel":"V","provincia":"CHACO","zona":"PZPP","rios":"RIO PARANA","telefono":"0262480017","direccion":"Puerto Vilelas","ciudad":"Vilelas","codigo_pos":"3230","jurisdicci":"No informada.","latitud":"27° 30' 48,840\" S","longitud":"58° 56' 8,952\" W","region":0,"frontera":" ","mail":" ","senal":" ","frecuencia":" ","canal_comu":" ","nombre_est":" ","lat_dd":-27.513566669999999,"lon_dd":-58.93582}},{"type":"Feature","id":29,"geometry":{"type":"Point","coordinates":[-58.32595833299996,-26.852091666999968]},"properties":{"objectid":29,"objectid_1":211,"dependenci":"COLONIA CANO","cod_numer":"8174","dep_organ":"FORM - FORMOSA","cuatrigram":"CANO","nivel":"IV","provincia":"FORMOSA","zona":"PZPP","rios":"RIO PARAGUAY","telefono":" ","direccion":"Belgrano 770","ciudad":"Colonia Cano","codigo_pos":"P3610","jurisdicci":"Río Paraguay desde la margen izquierda del Riacho Herradura (km 150), hasta la desembocadura del Río Bermejo (km 82), límite interprovincial entre Chaco y Formosa.","latitud":"26° 51' 7,530\" S","longitud":"58° 19' 33,450\" W","region":0,"frontera":"PAR","mail":" ","senal":" ","frecuencia":" ","canal_comu":" ","nombre_est":" ","lat_dd":-26.85209167,"lon_dd":-58.325958329999999}},{"type":"Feature","id":30,"geometry":{"type":"Point","coordinates":[-58.645340555999951,-27.118793332999928]},"properties":{"objectid":30,"objectid_1":8,"dependenci":"LAS PALMAS","cod_numer":"8459","dep_organ":"BERM - BERMEJO","cuatrigram":"LMAS","nivel":"V","provincia":"CHACO","zona":"PZPP","rios":"RIO PARAGUAY","telefono":" ","direccion":"Km 37 Las Palmas","ciudad":"Las Palmas","codigo_pos":"3515","jurisdicci":"No informada.","latitud":"27° 7' 7,656\" S","longitud":"58° 38' 43,226\" W","region":0,"frontera":" ","mail":" ","senal":" ","frecuencia":" ","canal_comu":" ","nombre_est":" ","lat_dd":-27.118793329999999,"lon_dd":-58.645340560000001}},{"type":"Feature","id":31,"geometry":{"type":"Point","coordinates":[-58.610240555999951,-27.288803610999935]},"properties":{"objectid":31,"objectid_1":9,"dependenci":"ISLA DEL CERRITO","cod_numer":"8399","dep_organ":"BARR - BARRANQUERAS","cuatrigram":"ISCE","nivel":"IV","provincia":"CHACO","zona":"PZPP","rios":"RIO PARAGUAY","telefono":"03624496201","direccion":"Punta Norte, Planta Urbana","ciudad":"Isla Del Cerrito","codigo_pos":"3515","jurisdicci":"Río Paraguay desde el km 10 hasta el km 0, su desembocadura en el Río Paraná; Río Paraná desde el km 1.240 hasta el km 1.229.","latitud":"27° 17' 19,693\" S","longitud":"58° 36' 36,866\" W","region":0,"frontera":" ","mail":"isce@prefecturanaval.gov.ar","senal":" ","frecuencia":" ","canal_comu":" ","nombre_est":" ","lat_dd":-27.288803609999999,"lon_dd":-58.610240560000001}},{"type":"Feature","id":32,"geometry":{"type":"Point","coordinates":[-59.049374166999939,-28.505639721999955]},"properties":{"objectid":32,"objectid_1":10,"dependenci":"BELLA VISTA","cod_numer":"8079","dep_organ":"GOYA - GOYA","cuatrigram":"BVIS","nivel":"IV","provincia":"CORRIENTES","zona":"PZPP","rios":"RIO PARANA","telefono":"03777451981","direccion":"Ingeniero Humberto Canales Nº 198","ciudad":"Bella Vista","codigo_pos":"W3450","jurisdicci":"Río Paraná desde el km 1103,5 (margen izquierda del Riacho Piracuá), hasta Punta Quaviyú y Riacho Salamanca (km.1026).","latitud":"28° 30' 20,303\" S","longitud":"59° 2' 57,747\" W","region":0,"frontera":" ","mail":"bvis@prefecturanaval.gov.ar","senal":" ","frecuencia":" ","canal_comu":" ","nombre_est":" ","lat_dd":-28.505639720000001,"lon_dd":-59.04937417}},{"type":"Feature","id":466,"geometry":{"type":"Point","coordinates":[-58.367634721999934,-34.604610832999981]},"properties":{"objectid":466,"objectid_1":null,"dependenci":"PREFECTURA NACIONAL","cod_numer":null,"dep_organ":null,"cuatrigram":"PNAR","nivel":"DIRECCIÓN","provincia":"CABA","zona":"PNAR","rios":"RIO DE LA PLATA","telefono":null,"direccion":"Eduardo Madero 235","ciudad":"Ciudad Autonoma de Buenas Aires","codigo_pos":null,"jurisdicci":null,"latitud":"34° 36' 16,599\" S","longitud":"58° 22' 3,485\" W","region":1,"frontera":null,"mail":null,"senal":null,"frecuencia":null,"canal_comu":null,"nombre_est":null,"lat_dd":-34.604610999999998,"lon_dd":-58.367635}},{"type":"Feature","id":34,"geometry":{"type":"Point","coordinates":[-60.169892221999987,-33.355441388999964]},"properties":{"objectid":34,"objectid_1":12,"dependenci":"SAN NICOLAS","cod_numer":"8794","dep_organ":"PZBP - BAJO PARANA","cuatrigram":"SNIC","nivel":"II","provincia":"BUENOS AIRES","zona":"PZBP","rios":"RIO PARANA","telefono":"03364423693","direccion":"Román Alfredo Subiza S/nº","ciudad":"San Nicolas","codigo_pos":"2900","jurisdicci":"Río Paraná desde la margen izquierda del Arroyo del Medio, hasta el extremo sur de la Isla Bodega (km. 334).","latitud":"33° 21' 19,589\" S","longitud":"60° 10' 11,612\" W","region":1,"frontera":" ","mail":"snic@prefecturanaval.gov.ar","senal":"L6G","frecuencia":"(1)156.450M(2)156.600M(3)156,700M(4)156,800M","canal_comu":"(1)09 (2)12 (3)14 (4)16","nombre_est":"San Nicolás Prefectura Naval Radio","lat_dd":-33.355441390000003,"lon_dd":-60.169892220000001}},{"type":"Feature","id":36,"geometry":{"type":"Point","coordinates":[-69.213745555999935,-51.615124166999976]},"properties":{"objectid":36,"objectid_1":16,"dependenci":"RIO GALLEGOS E ISLAS MALVINAS","cod_numer":"8731","dep_organ":"PZMS - MAR ARGENTINO SUR","cuatrigram":"RGAL","nivel":"II","provincia":"SANTA CRUZ","zona":"PZMS","rios":"RIO GALLEGOS","telefono":"02966420375","direccion":"Pasaje Abuela Paredes Nº 071","ciudad":"Gallegos","codigo_pos":"9400","jurisdicci":"Océano Atlántico desde faro Coig (Lat. 50º 54´ s, Long 69º 07´ w), hacia el este una línea imaginaria con una marcación verdadera de 90º hasta el límite de las aguas jurisdiccionales Argenti","latitud":"51° 36' 54,447\" S","longitud":"69° 12' 49,484\" W","region":2,"frontera":" ","mail":"rgal@prefecturanaval.gov.ar","senal":"L3C","frecuencia":"(1)156.450M(2)156.600M(3)156,700M(4)156,800M","canal_comu":"(1)09 (2)12 (3)14 (4)16","nombre_est":"Rio Gallegos  Prefectura Naval Radio","lat_dd":-51.615124170000001,"lon_dd":-69.213745560000007}},{"type":"Feature","id":37,"geometry":{"type":"Point","coordinates":[-68.386061666999979,-52.328781110999955]},"properties":{"objectid":37,"objectid_1":17,"dependenci":"CABO VIRGENES","cod_numer":"8117","dep_organ":"RGAL - RIO GALLEGOS E ISLAS MALVINAS","cuatrigram":"CAVI","nivel":"IV","provincia":"SANTA CRUZ","zona":"PZMS","rios":"RIO GALLEGOS","telefono":"0296615564506","direccion":"Km 134","ciudad":"Cabo Virgenes","codigo_pos":"9400","jurisdicci":"Océano Atlántico desde Lat. 52º 10´ s, Long. 68º 40´ w; hasta el límite internacional con la República de Chile (Lat. 52º 23´ 08´´ s, Long. 68º 25´ w).","latitud":"52° 19' 43,612\" S","longitud":"68° 23' 9,822\" W","region":2,"frontera":" ","mail":"cavipna@gmail.com","senal":"L4I","frecuencia":"(1)156,450M(2)156,600M(3)156,700M(4)156,800M","canal_comu":"(1)09 (2)12 (3)14 (4)16","nombre_est":"Cabo Viergenes Prefectura Naval Radio","lat_dd":-52.328781110000001,"lon_dd":-68.386061669999989}},{"type":"Feature","id":38,"geometry":{"type":"Point","coordinates":[-69.209969721999983,-51.617583610999986]},"properties":{"objectid":38,"objectid_1":18,"dependenci":"ZONA MAR ARGENTINO SUR","cod_numer":" ","dep_organ":" ","cuatrigram":"PZMS","nivel":"ZONA","provincia":"SANTA CRUZ","zona":"PZMS","rios":"RIO GALLEGOS","telefono":"02966420375","direccion":"San Martín Nº 116","ciudad":"Rio Gallegos","codigo_pos":"Z9400","jurisdicci":"Desde Punta Roja en la Bahía de Camarones (Lat. 44º 35´ s, Long. 65º 22´ w -carta h-3).Hasta el límite entre la república Argentina y la República de Chile.","latitud":"51° 37' 3,301\" S","longitud":"69° 12' 35,891\" W","region":2,"frontera":" ","mail":"pzonapzms@prefecturanaval.gov.ar","senal":" ","frecuencia":" ","canal_comu":" ","nombre_est":" ","lat_dd":-51.617583609999997,"lon_dd":-69.209969720000004}},{"type":"Feature","id":39,"geometry":{"type":"Point","coordinates":[-69.011665277999953,-51.608158332999949]},"properties":{"objectid":39,"objectid_1":19,"dependenci":"PUNTA LOYOLA","cod_numer":"8732","dep_organ":"RGAL - RIO GALLEGOS E ISLAS MALVINAS","cuatrigram":"LOYO","nivel":"V","provincia":"SANTA CRUZ","zona":"PZMS","rios":"RIO GALLEGOS","telefono":" ","direccion":"Ruta Rn40","ciudad":"Punta Loyola","codigo_pos":"9407","jurisdicci":"No informada.","latitud":"51° 36' 29,370\" S","longitud":"69° 0' 41,995\" W","region":2,"frontera":" ","mail":" ","senal":" ","frecuencia":" ","canal_comu":" ","nombre_est":" ","lat_dd":-51.608158330000002,"lon_dd":-69.011665280000003}},{"type":"Feature","id":40,"geometry":{"type":"Point","coordinates":[-68.297617221999985,-54.805373610999936]},"properties":{"objectid":40,"objectid_1":20,"dependenci":"USHUAIA E ISLAS DEL ATLANTICO SUR","cod_numer":"8847","dep_organ":"PZMS - MAR ARGENTINO SUR","cuatrigram":"USHU","nivel":"I","provincia":"TIERRA DEL FUEGO","zona":"PZMS","rios":"MAR ARGENTINO","telefono":"02901422382","direccion":"Maipú Yagánes 98","ciudad":"Ushuaia","codigo_pos":"9410","jurisdicci":"Océano Atlántico desde faro Cabo San Diego (Lat. 54º 39´ s, Long. 65º 07´ w), al este una línea imaginaria con una marcación verdadera de 90º hasta el límite de las aguas jurisdiccionales Ar","latitud":"54° 48' 19,345\" S","longitud":"68° 17' 51,422\" W","region":2,"frontera":" ","mail":"ushu@prefecturanaval.gov.ar","senal":"L3P","frecuencia":"(1)156,450M(2)156,600M(3)156,700M(4)156,800M","canal_comu":"(1)09 (2)12 (3)14 (4)16(5)77","nombre_est":"Ushuaia Prefectura Naval Radio","lat_dd":-54.805373610000004,"lon_dd":-68.297617220000006}},{"type":"Feature","id":41,"geometry":{"type":"Point","coordinates":[-67.685148332999972,-53.794963055999972]},"properties":{"objectid":41,"objectid_1":187,"dependenci":"RIO GRANDE","cod_numer":"8734","dep_organ":"PZMS - MAR ARGENTINO SUR","cuatrigram":"RGRA","nivel":"II","provincia":"TIERRA DEL FUEGO","zona":"PZMS","rios":"RIO GRANDE","telefono":"02964422305","direccion":"Zona Portuaria","ciudad":"Rio Grande","codigo_pos":"9420","jurisdicci":"Océano Atlántico desde la intersección de la línea imaginaria que desde Punta Dúngenes toca la costa de la Isla Grande de Tierra del Fuego, a la altura del Hito 1 hasta el faro Cabo San Diego.","latitud":"53° 47' 41,867\" S","longitud":"67° 41' 6,534\" W","region":2,"frontera":" ","mail":"rgra@prefecturanaval.gov.ar","senal":"L4F","frecuencia":"(1)156,450M(2)156,600M(3)156,700M(4)156,800M","canal_comu":"(1)09 (2)12 (3)14 (4)16","nombre_est":"Rio Grande Prefectura Naval Radio","lat_dd":-53.794963060000001,"lon_dd":-67.685148330000004}},{"type":"Feature","id":42,"geometry":{"type":"Point","coordinates":[-68.475073055999985,-54.864347499999951]},"properties":{"objectid":42,"objectid_1":21,"dependenci":"LAPATAIA","cod_numer":"8457","dep_organ":"USHU - USHUAIA E ISLAS DEL ATLANTICO SUR","cuatrigram":"LAIA","nivel":"V","provincia":"TIERRA DEL FUEGO","zona":"PZMS","rios":"MAR ARGENTINO","telefono":" ","direccion":"Reverendo Padre Beauvoir Nº 651","ciudad":"Lapataia","codigo_pos":"9420","jurisdicci":"No informada.","latitud":"54° 51' 51,651\" S","longitud":"68° 28' 30,263\" W","region":2,"frontera":" ","mail":" ","senal":"L4A","frecuencia":"(1)156,450M(2)156,600M(3)156,700M(4)156,800M","canal_comu":"(1)09 (2)12 (3)14 (4)16","nombre_est":"Lapatia Prefectura Naval Radio","lat_dd":-54.864347500000001,"lon_dd":-68.47507306}},{"type":"Feature","id":43,"geometry":{"type":"Point","coordinates":[-67.564725277999969,-54.869937777999951]},"properties":{"objectid":43,"objectid_1":181,"dependenci":"PUERTO ALMANZA","cod_numer":"8011","dep_organ":"USHU - USHUAIA E ISLAS DEL ATLANTICO SUR","cuatrigram":"PUAL","nivel":"V","provincia":"TIERRA DEL FUEGO","zona":"PZMS","rios":"MAR ARGENTINO","telefono":" ","direccion":"Indios Yamanas 1315","ciudad":"Almanza","codigo_pos":"9410","jurisdicci":"No informada.","latitud":"54° 52' 11,776\" S","longitud":"67° 33' 53,011\" W","region":2,"frontera":"CHL","mail":" ","senal":" ","frecuencia":" ","canal_comu":" ","nombre_est":" ","lat_dd":-54.869937780000001,"lon_dd":-67.564725280000005}},{"type":"Feature","id":44,"geometry":{"type":"Point","coordinates":[-67.417260277999958,-54.905096110999978]},"properties":{"objectid":44,"objectid_1":22,"dependenci":"CABO PRIMERO JULIO OMAR BENITEZ","cod_numer":"8369","dep_organ":"USHU - USHUAIA E ISLAS DEL ATLANTICO SUR","cuatrigram":"JUBE","nivel":"V","provincia":"TIERRA DEL FUEGO","zona":"PZMS","rios":"MAR ARGENTINO","telefono":" ","direccion":"Maipú Yagánes","ciudad":"Ushuaia","codigo_pos":"9410","jurisdicci":"No informada.","latitud":"54° 54' 18,346\" S","longitud":"67° 25' 2,137\" W","region":2,"frontera":" ","mail":" ","senal":" ","frecuencia":" ","canal_comu":" ","nombre_est":" ","lat_dd":-54.905096110000002,"lon_dd":-67.417260279999994}},{"type":"Feature","id":45,"geometry":{"type":"Point","coordinates":[-66.74457777799995,-54.975738888999956]},"properties":{"objectid":45,"objectid_1":23,"dependenci":"CABO SEGUNDO JORGE E. LOPEZ","cod_numer":"8558","dep_organ":"USHU - USHUAIA E ISLAS DEL ATLANTICO SUR","cuatrigram":"JOEL","nivel":"V","provincia":"TIERRA DEL FUEGO","zona":"PZMS","rios":"MAR ARGENTINO","telefono":" ","direccion":"Ruta Complementaria","ciudad":"Ushuaia","codigo_pos":"9414","jurisdicci":"No informada.","latitud":"54° 58' 32,660\" S","longitud":"66° 44' 40,480\" W","region":2,"frontera":" ","mail":" ","senal":" ","frecuencia":" ","canal_comu":" ","nombre_est":" ","lat_dd":-54.975738890000002,"lon_dd":-66.74457778}},{"type":"Feature","id":46,"geometry":{"type":"Point","coordinates":[-67.624942221999959,-54.595381943999939]},"properties":{"objectid":46,"objectid_1":24,"dependenci":"LAGO FAGNANO","cod_numer":"8447","dep_organ":"USHU - USHUAIA E ISLAS DEL ATLANTICO SUR","cuatrigram":"LFAG","nivel":"V","provincia":"TIERRA DEL FUEGO","zona":"PZMS","rios":"LAGO  FAGNANO","telefono":" ","direccion":"Maipú Yagáne 1562","ciudad":"Fagnano","codigo_pos":"3453","jurisdicci":"No informada.","latitud":"54° 35' 43,375\" S","longitud":"67° 37' 29,792\" W","region":2,"frontera":" ","mail":" ","senal":"L4E","frecuencia":"(1)156,450M(2)156,600M(3)156,700M(4)156,800M","canal_comu":"(1)09 (2)12 (3)14 (4)16","nombre_est":"Lago Fagnano Prefectura Naval Radio","lat_dd":-54.595381940000003,"lon_dd":-67.624942219999994}},{"type":"Feature","id":47,"geometry":{"type":"Point","coordinates":[-68.357774999999947,-52.899027499999931]},"properties":{"objectid":47,"objectid_1":201,"dependenci":"CULLEN","cod_numer":"8735","dep_organ":"RGRA - RIO GRANDE","cuatrigram":"CULL","nivel":"V","provincia":"TIERRA DEL FUEGO","zona":"PZMS","rios":"MAR ARGENTINO","telefono":"02964435497","direccion":"Planta Total Austral S.a.","ciudad":"Rio Grande","codigo_pos":"9420","jurisdicci":"No informada.","latitud":"52° 53' 56,499\" S","longitud":"68° 21' 27,990\" W","region":2,"frontera":" ","mail":"prefecturariocullen@hotmail.com","senal":" ","frecuencia":" ","canal_comu":" ","nombre_est":" ","lat_dd":-52.899027500000003,"lon_dd":-68.35777499999999}},{"type":"Feature","id":49,"geometry":{"type":"Point","coordinates":[-56.860134721999941,-37.12090749999993]},"properties":{"objectid":49,"objectid_1":26,"dependenci":"PINAMAR","cod_numer":"8322","dep_organ":"MPLA - MAR DEL PLATA","cuatrigram":"PINA","nivel":"V","provincia":"BUENOS AIRES","zona":"PZMN","rios":"MAR ARGENTINO","telefono":"02254485741","direccion":"Av. Del Mar Y Eolo","ciudad":"Pinamar","codigo_pos":"7167","jurisdicci":"No informada.","latitud":"37° 7' 15,267\" S","longitud":"56° 51' 36,485\" W","region":2,"frontera":" ","mail":"pnapina_l2z@hotmail.com","senal":" ","frecuencia":" ","canal_comu":" ","nombre_est":" ","lat_dd":-37.120907500000001,"lon_dd":-56.860134720000005}},{"type":"Feature","id":50,"geometry":{"type":"Point","coordinates":[-56.673749443999952,-36.722736110999961]},"properties":{"objectid":50,"objectid_1":27,"dependenci":"MAR DE AJO","cod_numer":"8318","dep_organ":"GLAV - GENERAL LAVALLE","cuatrigram":"MAJO","nivel":"V","provincia":"BUENOS AIRES","zona":"PZRP","rios":"MAR ARGENTINO","telefono":"02257423261","direccion":"Av. Costanera Y Diagonal Rivadavia","ciudad":"Mar De Ajo","codigo_pos":"7109","jurisdicci":"No informada.","latitud":"36° 43' 21,850\" S","longitud":"56° 40' 25,498\" W","region":1,"frontera":" ","mail":" ","senal":"L5C","frecuencia":"156,450Mhz- 156,600Mhz- 156,700Mhz- 156,800Mhz","canal_comu":"09 -12 -14 -16","nombre_est":"General Lavalle Prefectura Naval Radio","lat_dd":-36.722736110000007,"lon_dd":-56.673749439999995}},{"type":"Feature","id":51,"geometry":{"type":"Point","coordinates":[-56.688784443999964,-36.533137499999953]},"properties":{"objectid":51,"objectid_1":28,"dependenci":"SANTA TERESITA","cod_numer":"8317","dep_organ":"GLAV - GENERAL LAVALLE","cuatrigram":"STER","nivel":"V","provincia":"BUENOS AIRES","zona":"PZRP","rios":"MAR ARGENTINO","telefono":"02246420095","direccion":"Av. Costanera Y Playa  Entre 29 Y 30","ciudad":"Santa Teresita","codigo_pos":"7107","jurisdicci":"No informada.","latitud":"36° 31' 59,295\" S","longitud":"56° 41' 19,624\" W","region":1,"frontera":" ","mail":" ","senal":"L5C","frecuencia":"156,450Mhz- 156,600Mhz- 156,700Mhz- 156,800Mhz","canal_comu":"09 -12 -14 -16","nombre_est":"General Lavalle Prefectura Naval Radio","lat_dd":-36.533137499999995,"lon_dd":-56.688784439999999}},{"type":"Feature","id":52,"geometry":{"type":"Point","coordinates":[-57.534117499999979,-35.020900832999985]},"properties":{"objectid":52,"objectid_1":29,"dependenci":"ATALAYA","cod_numer":"8037","dep_organ":"LPLA - LA PLATA","cuatrigram":"ATAL","nivel":"V","provincia":"BUENOS AIRES","zona":"PZRP","rios":"RIO DE LA PLATA","telefono":" ","direccion":"Terra Rosa S/N","ciudad":"Atalaya","codigo_pos":"1913","jurisdicci":"No informada.","latitud":"35° 1' 15,243\" S","longitud":"57° 32' 2,823\" W","region":1,"frontera":" ","mail":"atalpna@yahoo.com.ar","senal":"L5F","frecuencia":"156,450Mhz- 156,600Mhz- 156,700Mhz- 156,800Mhz","canal_comu":"09-12-14-16","nombre_est":"La Plata Prefectura Naval Radio","lat_dd":-35.020900829999995,"lon_dd":-57.534117500000001}},{"type":"Feature","id":53,"geometry":{"type":"Point","coordinates":[-57.379593332999946,-35.746764999999982]},"properties":{"objectid":53,"objectid_1":30,"dependenci":"BOCA DEL SALADO (EX RIO SALADO)","cod_numer":"8737","dep_organ":"LPLA - LA PLATA","cuatrigram":"RSAL","nivel":"V","provincia":"BUENOS AIRES","zona":"PZRP","rios":"RIO SALADO","telefono":" ","direccion":"Km 190 Río de la Plata","ciudad":"Boca Del Salado","codigo_pos":"1414","jurisdicci":"No informada.","latitud":"35° 44' 48,354\" S","longitud":"57° 22' 46,536\" W","region":1,"frontera":" ","mail":" ","senal":"L5F","frecuencia":"156,450Mhz- 156,600Mhz- 156,700Mhz- 156,800Mhz","canal_comu":"09-12-14-16","nombre_est":"La Plata Prefectura Naval Radio","lat_dd":-35.746764999999996,"lon_dd":-57.379593329999999}},{"type":"Feature","id":55,"geometry":{"type":"Point","coordinates":[-57.622296110999969,-30.252051388999973]},"properties":{"objectid":55,"objectid_1":31,"dependenci":"MONTE CASEROS","cod_numer":"8564","dep_organ":"PZAU - ALTO URUGUAY","cuatrigram":"MCAS","nivel":"III","provincia":"CORRIENTES","zona":"PZAU","rios":"RIO URUGUAY","telefono":"03775425325","direccion":"Almirante Brown Y Juan Pujol","ciudad":"Monte Caseros","codigo_pos":"W3220","jurisdicci":"Río Uruguay desde  la margen izquierda del Arroyo Sarandí (km 534,6), hasta la margen derecha del Río Mocoretá (km. 423,6).","latitud":"30° 15' 7,385\" S","longitud":"57° 37' 20,266\" W","region":0,"frontera":"URU","mail":"mcas@prefecturanaval.gov.ar","senal":"L9H","frecuencia":"(1)156,450M(2)156,600M(3)156,700M(4)156,800M","canal_comu":"(1)09 (2)12 (3)14 (4)16","nombre_est":"Monte Caseros Prefectura Naval Radio","lat_dd":-30.252051389999998,"lon_dd":-57.622296110000001}},{"type":"Feature","id":56,"geometry":{"type":"Point","coordinates":[-57.523566666999955,-30.14268722199995]},"properties":{"objectid":56,"objectid_1":32,"dependenci":"SANTA ROSA","cod_numer":"8565","dep_organ":"MCAS - MONTE CASEROS","cuatrigram":"SANR","nivel":"V","provincia":"CORRIENTES","zona":"PZAU","rios":"RIO URUGUAY","telefono":" ","direccion":"Malvar Y Pinto Nº 517/523 (3260)","ciudad":"Santa Rosa","codigo_pos":"W3421","jurisdicci":"No informada.","latitud":"30° 8' 33,674\" S","longitud":"57° 31' 24,840\" W","region":0,"frontera":" ","mail":" ","senal":" ","frecuencia":" ","canal_comu":" ","nombre_est":" ","lat_dd":-30.142687220000003,"lon_dd":-57.523566670000001}},{"type":"Feature","id":57,"geometry":{"type":"Point","coordinates":[-57.64494777799996,-30.325239721999935]},"properties":{"objectid":57,"objectid_1":33,"dependenci":"PANIAGUA","cod_numer":"8607","dep_organ":"MCAS - MONTE CASEROS","cuatrigram":"PGUA","nivel":"V","provincia":"CORRIENTES","zona":"PZAU","rios":"RIO URUGUAY","telefono":" ","direccion":"Avenida Bartolome Mitre Rn 118","ciudad":"Paniagua","codigo_pos":"W3220","jurisdicci":"No informada.","latitud":"30° 19' 30,863\" S","longitud":"57° 38' 41,812\" W","region":0,"frontera":" ","mail":" ","senal":" ","frecuencia":" ","canal_comu":" ","nombre_est":" ","lat_dd":-30.325239719999999,"lon_dd":-57.644947780000003}},{"type":"Feature","id":58,"geometry":{"type":"Point","coordinates":[-57.821919443999946,-30.690801943999929]},"properties":{"objectid":58,"objectid_1":34,"dependenci":"MOCORETA","cod_numer":"8559","dep_organ":"MCAS - MONTE CASEROS","cuatrigram":"META","nivel":"IV","provincia":"CORRIENTES","zona":"PZAU","rios":"RIO URUGUAY","telefono":"03775494914","direccion":"Colonia San Gregorio S/nº","ciudad":"Mocoreta","codigo_pos":"W3226","jurisdicci":"Río Uruguay desde la margen izquierda del Arroyo Naranjito (km 455,6) hasta la margen derecha del Río Mocoretá (km 423,6).","latitud":"30° 41' 26,887\" S","longitud":"57° 49' 18,910\" W","region":0,"frontera":" ","mail":"meta@prefecturanaval.gov.ar","senal":" ","frecuencia":" ","canal_comu":" ","nombre_est":" ","lat_dd":-30.69080194,"lon_dd":-57.821919440000002}},{"type":"Feature","id":59,"geometry":{"type":"Point","coordinates":[-56.998216943999978,-29.624498888999938]},"properties":{"objectid":59,"objectid_1":35,"dependenci":"MARINERO MARTIN LEIVA","cod_numer":"8622","dep_organ":"LIBR - PASO DE LOS LIBRES","cuatrigram":"MALE","nivel":"V","provincia":"CORRIENTES","zona":"PZAU","rios":"RIO URUGUAY","telefono":" ","direccion":"Bonpland Nº 1001","ciudad":"Paso de los Libres","codigo_pos":"W3400","jurisdicci":"No informada.","latitud":"29° 37' 28,196\" S","longitud":"56° 59' 53,581\" W","region":0,"frontera":" ","mail":" ","senal":" ","frecuencia":" ","canal_comu":" ","nombre_est":" ","lat_dd":-29.624498890000002,"lon_dd":-56.998216939999999}},{"type":"Feature","id":60,"geometry":{"type":"Point","coordinates":[-57.163533055999949,-29.770359721999966]},"properties":{"objectid":60,"objectid_1":36,"dependenci":"LOS 108","cod_numer":"8474","dep_organ":"LIBR - PASO DE LOS LIBRES","cuatrigram":"LOSC","nivel":"V","provincia":"CORRIENTES","zona":"PZAU","rios":"RIO URUGUAY","telefono":" ","direccion":"E/c Jose Sanchez Y Jorge Neybery","ciudad":"Paso de los Libres","codigo_pos":"W3546","jurisdicci":"No informada.","latitud":"29° 46' 13,295\" S","longitud":"57° 9' 48,719\" W","region":0,"frontera":" ","mail":" ","senal":" ","frecuencia":" ","canal_comu":" ","nombre_est":" ","lat_dd":-29.770359719999998,"lon_dd":-57.163533059999999}},{"type":"Feature","id":61,"geometry":{"type":"Point","coordinates":[-57.337934999999959,-29.979343332999974]},"properties":{"objectid":61,"objectid_1":188,"dependenci":"JUAN BOMPLAND","cod_numer":"8431","dep_organ":"LIBR - PASO DE LOS LIBRES","cuatrigram":"JBOM","nivel":"V","provincia":"CORRIENTES","zona":"PZAU","rios":"RIO URUGUAY","telefono":" ","direccion":"Ruta 14","ciudad":"Bella Union","codigo_pos":"W3659","jurisdicci":"No informada.","latitud":"29° 58' 45,636\" S","longitud":"57° 20' 16,566\" W","region":0,"frontera":" ","mail":" ","senal":" ","frecuencia":" ","canal_comu":" ","nombre_est":" ","lat_dd":-29.979343329999999,"lon_dd":-57.337934999999995}},{"type":"Feature","id":62,"geometry":{"type":"Point","coordinates":[-56.811294166999971,-29.470029443999977]},"properties":{"objectid":62,"objectid_1":37,"dependenci":"YAPEYU","cod_numer":"8879","dep_organ":"PZAU - ALTO URUGUAY","cuatrigram":"YAPE","nivel":"III","provincia":"CORRIENTES","zona":"PZAU","rios":"RIO URUGUAY","telefono":"03772493289","direccion":"Chacabuco S/nº","ciudad":"Yapeyú","codigo_pos":"W3232","jurisdicci":"Río Uruguay desde el Arroyo Estingana (km 641,6); hasta Puerto Arenas (km 610,6).","latitud":"29° 28' 12,106\" S","longitud":"56° 48' 40,659\" W","region":0,"frontera":"BRZ","mail":"yape@prefecturanaval.gov.ar","senal":" ","frecuencia":" ","canal_comu":" ","nombre_est":" ","lat_dd":-29.470029439999998,"lon_dd":-56.811294169999996}},{"type":"Feature","id":63,"geometry":{"type":"Point","coordinates":[-56.781561388999933,-29.390155555999968]},"properties":{"objectid":63,"objectid_1":202,"dependenci":"AGUAPE","cod_numer":"8007","dep_organ":"YAPE - YAPEYU","cuatrigram":"AGUA","nivel":"V","provincia":"CORRIENTES","zona":"PZAU","rios":"RIO URUGUAY","telefono":" ","direccion":"Ruta 14","ciudad":"Aguape","codigo_pos":"W6490","jurisdicci":"No informada.","latitud":"29° 23' 24,560\" S","longitud":"56° 46' 53,621\" W","region":0,"frontera":" ","mail":" ","senal":" ","frecuencia":" ","canal_comu":" ","nombre_est":" ","lat_dd":-29.39015556,"lon_dd":-56.78156139}},{"type":"Feature","id":64,"geometry":{"type":"Point","coordinates":[-56.860874999999965,-29.501296666999963]},"properties":{"objectid":64,"objectid_1":38,"dependenci":"GUAVIRAVI","cod_numer":"8364","dep_organ":"YAPE - YAPEYU","cuatrigram":"GUVI","nivel":"V","provincia":"CORRIENTES","zona":"PZAU","rios":"RIO URUGUAY","telefono":" ","direccion":"Ruta 14","ciudad":"Guaviravi","codigo_pos":"W3445","jurisdicci":"No informada.","latitud":"29° 30' 4,668\" S","longitud":"56° 51' 39,150\" W","region":0,"frontera":" ","mail":" ","senal":" ","frecuencia":" ","canal_comu":" ","nombre_est":" ","lat_dd":-29.501296670000002,"lon_dd":-56.860875}},{"type":"Feature","id":65,"geometry":{"type":"Point","coordinates":[-56.555504721999966,-29.112843888999976]},"properties":{"objectid":65,"objectid_1":39,"dependenci":"ALVEAR","cod_numer":"8014","dep_organ":"PZAU - ALTO URUGUAY","cuatrigram":"ALVE","nivel":"III","provincia":"CORRIENTES","zona":"PZAU","rios":"RIO URUGUAY","telefono":"03772470022","direccion":"9 De Julio Nº 823","ciudad":"Alvear","codigo_pos":"W2130","jurisdicci":"Río Uruguay desde la margen izquierda del Arroyo los Cuays (km 730,6); hasta el Arroyo Estingana (km 641,6).","latitud":"29° 6' 46,238\" S","longitud":"56° 33' 19,817\" W","region":0,"frontera":"BRZ","mail":"alve@prefecturanaval.gov.ar","senal":" ","frecuencia":" ","canal_comu":" ","nombre_est":" ","lat_dd":-29.112843890000001,"lon_dd":-56.555504720000002}},{"type":"Feature","id":67,"geometry":{"type":"Point","coordinates":[-56.41917472199998,-29.001668888999973]},"properties":{"objectid":67,"objectid_1":41,"dependenci":"RETEN","cod_numer":"8721","dep_organ":"ALVE - ALVEAR","cuatrigram":"RTEN","nivel":"V","provincia":"CORRIENTES","zona":"PZAU","rios":"RIO URUGUAY","telefono":" ","direccion":"Carlos Pellegrini S/nº","ciudad":"Alvear","codigo_pos":"W3344","jurisdicci":"No informada.","latitud":"29° 0' 6,008\" S","longitud":"56° 25' 9,029\" W","region":0,"frontera":" ","mail":" ","senal":" ","frecuencia":" ","canal_comu":" ","nombre_est":" ","lat_dd":-29.001668890000001,"lon_dd":-56.419174720000001}},{"type":"Feature","id":68,"geometry":{"type":"Point","coordinates":[-56.303304443999934,-28.852631388999953]},"properties":{"objectid":68,"objectid_1":42,"dependenci":"LOS CUAYS","cod_numer":"8477","dep_organ":"ALVE - ALVEAR","cuatrigram":"CUAY","nivel":"V","provincia":"CORRIENTES","zona":"PZAU","rios":"RIO URUGUAY","telefono":" ","direccion":"Unión N° 20","ciudad":"Los Cuays","codigo_pos":"W3346","jurisdicci":"No informada.","latitud":"28° 51' 9,473\" S","longitud":"56° 18' 11,896\" W","region":0,"frontera":" ","mail":" ","senal":" ","frecuencia":" ","canal_comu":" ","nombre_est":" ","lat_dd":-28.852631389999999,"lon_dd":-56.303304439999998}},{"type":"Feature","id":69,"geometry":{"type":"Point","coordinates":[-57.820044721999977,-30.762141388999964]},"properties":{"objectid":69,"objectid_1":43,"dependenci":"SANTA ELOISA","cod_numer":"8811","dep_organ":"FEDE - FEDERACION","cuatrigram":"SELO","nivel":"V","provincia":"ENTRE RIOS","zona":"PZBU","rios":"RIO URUGUAY","telefono":" ","direccion":" Av. Santa Eloisa","ciudad":"Santa Eloisa","codigo_pos":"E3272","jurisdicci":"No informada.","latitud":"30° 45' 43,709\" S","longitud":"57° 49' 12,161\" W","region":0,"frontera":"URU","mail":" ","senal":" ","frecuencia":" ","canal_comu":" ","nombre_est":" ","lat_dd":-30.76214139,"lon_dd":-57.820044719999999}},{"type":"Feature","id":71,"geometry":{"type":"Point","coordinates":[-55.642432221999968,-28.177196943999945]},"properties":{"objectid":71,"objectid_1":125,"dependenci":"GARRUCHOS","cod_numer":"8311","dep_organ":"PZAU - ALTO URUGUAY","cuatrigram":"GARR","nivel":"III","provincia":"CORRIENTES","zona":"PZAU","rios":"RIO URUGUAY","telefono":"03758497706","direccion":"Av. San Martín S/nº","ciudad":"Garruchos","codigo_pos":"W3349","jurisdicci":"Río Uruguay desde la margen izquierda del Arroyo Chimiray (km 878,6), hasta la margen derecha del Arroyo San Guillermo (km 823,6).","latitud":"28° 10' 37,909\" S","longitud":"55° 38' 32,756\" W","region":0,"frontera":"BRZ","mail":"garr@prefecturanaval.gov.ar","senal":" ","frecuencia":" ","canal_comu":" ","nombre_est":" ","lat_dd":-28.177196939999998,"lon_dd":-55.642432220000003}},{"type":"Feature","id":72,"geometry":{"type":"Point","coordinates":[-55.770567221999954,-28.23822888899997]},"properties":{"objectid":72,"objectid_1":189,"dependenci":"GARAVI","cod_numer":"8307","dep_organ":"GARR - GARRUCHOS","cuatrigram":"GAVI","nivel":"V","provincia":"CORRIENTES","zona":"PZAU","rios":"RIO URUGUAY","telefono":" ","direccion":"Ruta N° 94","ciudad":"Garavi","codigo_pos":"W3349","jurisdicci":"No informada.","latitud":"28° 14' 17,624\" S","longitud":"55° 46' 14,042\" W","region":0,"frontera":" ","mail":" ","senal":" ","frecuencia":" ","canal_comu":" ","nombre_est":" ","lat_dd":-28.238228889999998,"lon_dd":-55.770567219999997}},{"type":"Feature","id":73,"geometry":{"type":"Point","coordinates":[-56.187268332999963,-28.76089555599998]},"properties":{"objectid":73,"objectid_1":45,"dependenci":"MARINERO LORENZO ROMERO","cod_numer":"8511","dep_organ":"TOME - SANTO TOME","cuatrigram":"MLRO","nivel":"V","provincia":"CORRIENTES","zona":"PZAU","rios":"RIO URUGUAY","telefono":" ","direccion":"Santa Luzia S/n°","ciudad":"Santo Tome","codigo_pos":"W3343","jurisdicci":"No informada.","latitud":"28° 45' 39,224\" S","longitud":"56° 11' 14,166\" W","region":0,"frontera":" ","mail":" ","senal":" ","frecuencia":" ","canal_comu":" ","nombre_est":" ","lat_dd":-28.760895559999998,"lon_dd":-56.187268329999995}},{"type":"Feature","id":74,"geometry":{"type":"Point","coordinates":[-56.098238332999983,-28.661136110999962]},"properties":{"objectid":74,"objectid_1":46,"dependenci":"MARINERO RAMON GUARDA","cod_numer":"8704","dep_organ":"TOME - SANTO TOME","cuatrigram":"RGDA","nivel":"V","provincia":"CORRIENTES","zona":"PZAU","rios":"RIO URUGUAY","telefono":" ","direccion":"Bonpland Nº 1001","ciudad":"Santo Tome","codigo_pos":"W3577","jurisdicci":"No informada.","latitud":"28° 39' 40,090\" S","longitud":"56° 5' 53,658\" W","region":0,"frontera":" ","mail":" ","senal":" ","frecuencia":" ","canal_comu":" ","nombre_est":" ","lat_dd":-28.661136110000001,"lon_dd":-56.098238330000001}},{"type":"Feature","id":75,"geometry":{"type":"Point","coordinates":[-56.025664443999972,-28.612067777999982]},"properties":{"objectid":75,"objectid_1":47,"dependenci":"PASO HORMIGUERO","cod_numer":"8624","dep_organ":"TOME - SANTO TOME","cuatrigram":"HORM","nivel":"V","provincia":"CORRIENTES","zona":"PZAU","rios":"RIO URUGUAY","telefono":" ","direccion":"Av.patagonia S/n°","ciudad":"Paso Hormiguero","codigo_pos":"W3422","jurisdicci":"No informada.","latitud":"28° 36' 43,444\" S","longitud":"56° 1' 32,392\" W","region":0,"frontera":" ","mail":" ","senal":" ","frecuencia":" ","canal_comu":" ","nombre_est":" ","lat_dd":-28.612067779999997,"lon_dd":-56.02566444}},{"type":"Feature","id":76,"geometry":{"type":"Point","coordinates":[-55.894786110999974,-28.379438610999955]},"properties":{"objectid":76,"objectid_1":48,"dependenci":"MARINERO ESTEBAN FIGUEREDO","cod_numer":"8529","dep_organ":"TOME - SANTO TOME","cuatrigram":"MEFI","nivel":"V","provincia":"CORRIENTES","zona":"PZAU","rios":"RIO URUGUAY","telefono":" ","direccion":"López De Bertodano Nº 1272","ciudad":"Santo Tome","codigo_pos":"W3340","jurisdicci":"No informada.","latitud":"28° 22' 45,979\" S","longitud":"55° 53' 41,230\" W","region":0,"frontera":" ","mail":" ","senal":" ","frecuencia":" ","canal_comu":" ","nombre_est":" ","lat_dd":-28.379438610000001,"lon_dd":-55.894786109999998}},{"type":"Feature","id":77,"geometry":{"type":"Point","coordinates":[-56.030264999999986,-28.547746110999981]},"properties":{"objectid":77,"objectid_1":49,"dependenci":"SANTO TOME","cod_numer":"8821","dep_organ":"PZAU - ALTO URUGUAY","cuatrigram":"TOME","nivel":"II","provincia":"CORRIENTES","zona":"PZAU","rios":"RIO URUGUAY","telefono":"03756420215","direccion":"López De Bertodano Nº 1272","ciudad":"Santo Tome","codigo_pos":"W3340","jurisdicci":"Río Uruguay desde la margen derecha del Arroyo San Guillermo (km 823,6), hasta la margen izquierda del Arroyo los Cuays (km 730,6).","latitud":"28° 32' 51,886\" S","longitud":"56° 1' 48,954\" W","region":0,"frontera":" ","mail":"tome@prefecturanaval.gov.ar","senal":" ","frecuencia":" ","canal_comu":" ","nombre_est":" ","lat_dd":-28.547746109999999,"lon_dd":-56.030265}},{"type":"Feature","id":78,"geometry":{"type":"Point","coordinates":[-57.915003610999975,-30.993178055999977]},"properties":{"objectid":78,"objectid_1":50,"dependenci":"FEDERACION","cod_numer":"8294","dep_organ":"PZBU - BAJO URUGUAY","cuatrigram":"FEDE","nivel":"III","provincia":"ENTRE RIOS","zona":"PZBU","rios":"RIO URUGUAY","telefono":"03456481514","direccion":"Corrientes Y Tucumán","ciudad":"Federacion","codigo_pos":"E3206","jurisdicci":"Río Uruguay desde la margen derecha del Río Mocoretá (km 423,6), hasta el km 369,6.","latitud":"30° 59' 35,441\" S","longitud":"57° 54' 54,013\" W","region":0,"frontera":"URU","mail":"fede@prefecturanaval.gov.ar","senal":"L9E","frecuencia":"(1)156,450M(2)156,600M(3)156,700M(4)156,800M","canal_comu":"(1)09 (2)12 (3)14 (4)16","nombre_est":"Federación Prefectura Naval  Radio","lat_dd":-30.993178059999998,"lon_dd":-57.915003609999999}},{"type":"Feature","id":79,"geometry":{"type":"Point","coordinates":[-57.927083332999985,-30.914608888999965]},"properties":{"objectid":79,"objectid_1":51,"dependenci":"MANDISOVI","cod_numer":"8494","dep_organ":"FEDE - FEDERACION","cuatrigram":"MOVI","nivel":"V","provincia":"ENTRE RIOS","zona":"PZBU","rios":"RIO URUGUAY","telefono":" ","direccion":"Zona Portuaria S/nº","ciudad":"Santa Ana","codigo_pos":"E3316","jurisdicci":"No informada.","latitud":"30° 54' 52,592\" S","longitud":"57° 55' 37,500\" W","region":0,"frontera":" ","mail":" ","senal":" ","frecuencia":" ","canal_comu":" ","nombre_est":" ","lat_dd":-30.91460889,"lon_dd":-57.927083330000002}},{"type":"Feature","id":80,"geometry":{"type":"Point","coordinates":[-57.952828055999987,-31.263579721999974]},"properties":{"objectid":80,"objectid_1":52,"dependenci":"REPRESA SALTO GRANDE","cod_numer":"8759","dep_organ":"PZBU - BAJO URUGUAY","cuatrigram":"SLGR","nivel":"III","provincia":"ENTRE RIOS","zona":"PZBU","rios":"RIO URUGUAY","telefono":"03454215013","direccion":"Av. Los Pinos Y Av. Eucaliptos","ciudad":"Concordia","codigo_pos":"E3200","jurisdicci":"Río Uruguay desde el km. 369,6 hasta el km 340,2.","latitud":"31° 15' 48,887\" S","longitud":"57° 57' 10,181\" W","region":0,"frontera":"URU","mail":"slgr@prefecturanaval.gov.ar","senal":"L9D","frecuencia":"(1)156,450M(2)156,600M(3)156,700M(4)156,800M","canal_comu":"(1)09 (2)12 (3)14 (4)16","nombre_est":"Salto Grande Prefectura Naval Radio","lat_dd":-31.263579719999999,"lon_dd":-57.952828060000002}},{"type":"Feature","id":81,"geometry":{"type":"Point","coordinates":[-58.00385111099996,-31.402017499999943]},"properties":{"objectid":81,"objectid_1":53,"dependenci":"CONCORDIA","cod_numer":"8189","dep_organ":"PZBU - BAJO URUGUAY","cuatrigram":"CONC","nivel":"III","provincia":"ENTRE RIOS","zona":"PZBU","rios":"RIO URUGUAY","telefono":"03454212404","direccion":"Cervantes 18 Cp.x","ciudad":"Concordia","codigo_pos":"E3206","jurisdicci":"Río Uruguay desde el km. 340,2 hasta la margen izquierda del Arroyo Grande (km 287,6).","latitud":"31° 24' 7,263\" S","longitud":"58° 0' 13,864\" W","region":0,"frontera":"URU","mail":"conc@prefecturanaval.gov.ar","senal":"L9T","frecuencia":"(1)156,450M(2)156,600M(3)156,700M(4)156,800M","canal_comu":"(1)09 (2)12 (3)14 (4)16","nombre_est":"Concordia Prefectura Naval Radio","lat_dd":-31.402017499999999,"lon_dd":-58.003851109999999}},{"type":"Feature","id":82,"geometry":{"type":"Point","coordinates":[-58.014407499999948,-31.528901666999957]},"properties":{"objectid":82,"objectid_1":54,"dependenci":"YERUA","cod_numer":"8881","dep_organ":"CONC - CONCORDIA","cuatrigram":"YRUA","nivel":"V","provincia":"ENTRE RIOS","zona":"PZBU","rios":"RIO URUGUAY","telefono":"03454991084","direccion":"Av. Roca Y San Martín S/nº","ciudad":"Concordia","codigo_pos":"E3201","jurisdicci":"No informada.","latitud":"31° 31' 44,046\" S","longitud":"58° 0' 51,867\" W","region":0,"frontera":" ","mail":" ","senal":" ","frecuencia":" ","canal_comu":" ","nombre_est":" ","lat_dd":-31.52890167,"lon_dd":-58.014407500000004}},{"type":"Feature","id":84,"geometry":{"type":"Point","coordinates":[-58.20467333299996,-31.890651110999954]},"properties":{"objectid":84,"objectid_1":178,"dependenci":"LA CALERA","cod_numer":"8437","dep_organ":"CLON - COLON","cuatrigram":"LACA","nivel":"V","provincia":"ENTRE RIOS","zona":"PZBU","rios":"RIO URUGUAY","telefono":" ","direccion":"Gral Paz 1018","ciudad":"La Calera","codigo_pos":"E5151","jurisdicci":"No informada.","latitud":"31° 53' 26,344\" S","longitud":"58° 12' 16,824\" W","region":0,"frontera":" ","mail":" ","senal":" ","frecuencia":" ","canal_comu":" ","nombre_est":" ","lat_dd":-31.89065111,"lon_dd":-58.204673329999999}},{"type":"Feature","id":86,"geometry":{"type":"Point","coordinates":[-58.420235555999966,-33.073996388999944]},"properties":{"objectid":86,"objectid_1":55,"dependenci":"BOCA GUALEGUAYCHU","cod_numer":"8089","dep_organ":"GYCH - GUALEGUAYCHU","cuatrigram":"BGYC","nivel":"V","provincia":"ENTRE RIOS","zona":"PZBU","rios":"RIO GUALEGUAYCHU","telefono":" ","direccion":"Leandro N. Além Nº 504","ciudad":"Gualeguaychú","codigo_pos":"E2820","jurisdicci":"No informada.","latitud":"33° 4' 26,387\" S","longitud":"58° 25' 12,848\" W","region":0,"frontera":"URU","mail":" ","senal":" ","frecuencia":" ","canal_comu":" ","nombre_est":" ","lat_dd":-33.073996390000005,"lon_dd":-58.420235560000002}},{"type":"Feature","id":87,"geometry":{"type":"Point","coordinates":[-58.221861388999969,-32.477720832999978]},"properties":{"objectid":87,"objectid_1":56,"dependenci":"CONCEPCIÓN DEL URUGUAY","cod_numer":"8187","dep_organ":"PZBU - BAJO URUGUAY","cuatrigram":"CURU","nivel":"II","provincia":"ENTRE RIOS","zona":"PZBU","rios":"RIO URUGUAY","telefono":"03442425504","direccion":"Máximo Álvarez Y 8 De Junio","ciudad":"Concepción del Uruguay","codigo_pos":"E3260","jurisdicci":"Río Uruguay desde la margen izquierda del Arroyo Urquiza (km 196,6); hasta el extremo sur de la isla San Lorenzo (km 119,6).","latitud":"32° 28' 39,795\" S","longitud":"58° 13' 18,701\" W","region":0,"frontera":"URU","mail":"curu@prefecturanaval.gov.ar","senal":"L8T","frecuencia":"(1)156,450M(2)156,600M(3)156,700M(4)156,800M","canal_comu":"(1)09 (2)12 (3)14 (4)16","nombre_est":"Concepción del Uruguay Prefectura Naval Radio","lat_dd":-32.477720829999996,"lon_dd":-58.221861390000001}},{"type":"Feature","id":88,"geometry":{"type":"Point","coordinates":[-58.190841110999941,-32.689404443999933]},"properties":{"objectid":88,"objectid_1":57,"dependenci":"CAMPICHUELO","cod_numer":"8134","dep_organ":"CURU - CONCEPCION DEL URUGUAY","cuatrigram":"CMPI","nivel":"V","provincia":"ENTRE RIOS","zona":"PZBU","rios":"RIO URUGUAY","telefono":" ","direccion":"Dr. L. A. De Herrera Y 18 De Julio","ciudad":"Campichuelo","codigo_pos":"E3261","jurisdicci":"No informada.","latitud":"32° 41' 21,856\" S","longitud":"58° 11' 27,028\" W","region":0,"frontera":" ","mail":" ","senal":" ","frecuencia":" ","canal_comu":" ","nombre_est":" ","lat_dd":-32.689404439999997,"lon_dd":-58.190841110000001}},{"type":"Feature","id":89,"geometry":{"type":"Point","coordinates":[-58.195066666999935,-32.383108055999969]},"properties":{"objectid":89,"objectid_1":169,"dependenci":"ARROYO URQUIZA","cod_numer":"8024","dep_organ":"CURU - CONCEPCION DEL URUGUAY","cuatrigram":"AURQ","nivel":"V","provincia":"ENTRE RIOS","zona":"PZBU","rios":"RIO URUGUAY","telefono":" ","direccion":"Av.urquiza","ciudad":"Urquiza","codigo_pos":"E3113","jurisdicci":"No informada.","latitud":"32° 22' 59,189\" S","longitud":"58° 11' 42,240\" W","region":0,"frontera":" ","mail":" ","senal":" ","frecuencia":" ","canal_comu":" ","nombre_est":" ","lat_dd":-32.383108059999998,"lon_dd":-58.195066670000003}},{"type":"Feature","id":90,"geometry":{"type":"Point","coordinates":[-59.363131110999973,-33.220724166999958]},"properties":{"objectid":90,"objectid_1":58,"dependenci":"PUERTO RUIZ","cod_numer":"8749","dep_organ":"GYCH - GUALEGUAYCHU","cuatrigram":"PURU","nivel":"V","provincia":"ENTRE RIOS","zona":"PZBU","rios":"RIO GUALEGUAYCHU","telefono":" ","direccion":"Leandro .alem Cp","ciudad":"Gualeguay","codigo_pos":"E2840","jurisdicci":"No informada.","latitud":"33° 13' 14,607\" S","longitud":"59° 21' 47,272\" W","region":0,"frontera":" ","mail":" ","senal":" ","frecuencia":" ","canal_comu":" ","nombre_est":" ","lat_dd":-33.220724170000004,"lon_dd":-59.363131110000005}},{"type":"Feature","id":91,"geometry":{"type":"Point","coordinates":[-55.135968055999967,-27.893346110999971]},"properties":{"objectid":91,"objectid_1":59,"dependenci":"PASO DE LA BARCA","cod_numer":"8621","dep_organ":"SJAV - SAN JAVIER","cuatrigram":"PBAR","nivel":"V","provincia":"MISIONES","zona":"PZAP","rios":"RIO URUGUAY","telefono":" ","direccion":"25 De Mayo Nº 719","ciudad":"San Javier","codigo_pos":"W3409","jurisdicci":"No informada.","latitud":"27° 53' 36,046\" S","longitud":"55° 8' 9,485\" W","region":0,"frontera":"BRZ","mail":" ","senal":" ","frecuencia":" ","canal_comu":" ","nombre_est":" ","lat_dd":-27.89334611,"lon_dd":-55.135968059999996}},{"type":"Feature","id":92,"geometry":{"type":"Point","coordinates":[-55.351053055999955,-27.967742499999929]},"properties":{"objectid":92,"objectid_1":75,"dependenci":"SANTA MARIA","cod_numer":"8816","dep_organ":"SJAV - SAN JAVIER","cuatrigram":"SAMA","nivel":"V","provincia":"MISIONES","zona":"PZAP","rios":"RIO URUGUAY","telefono":" ","direccion":"Magaldi 460","ciudad":"Santa Maria","codigo_pos":"N3380","jurisdicci":"No informada.","latitud":"27° 58' 3,873\" S","longitud":"55° 21' 3,791\" W","region":0,"frontera":"BRZ","mail":" ","senal":" ","frecuencia":" ","canal_comu":" ","nombre_est":" ","lat_dd":-27.9677425,"lon_dd":-55.351053059999998}},{"type":"Feature","id":93,"geometry":{"type":"Point","coordinates":[-55.253346110999985,-27.902095555999949]},"properties":{"objectid":93,"objectid_1":76,"dependenci":"ITACARUARE","cod_numer":"8407","dep_organ":"SJAV - SAN JAVIER","cuatrigram":"ITAC","nivel":"V","provincia":"MISIONES","zona":"PZAP","rios":"RIO URUGUAY","telefono":" ","direccion":"San Martín Nº 95","ciudad":"Itacaruare","codigo_pos":"N3357","jurisdicci":"No informada.","latitud":"27° 54' 7,544\" S","longitud":"55° 15' 12,046\" W","region":0,"frontera":" ","mail":" ","senal":" ","frecuencia":" ","canal_comu":" ","nombre_est":" ","lat_dd":-27.902095559999999,"lon_dd":-55.253346110000003}},{"type":"Feature","id":94,"geometry":{"type":"Point","coordinates":[-55.415806110999938,-28.049961388999975]},"properties":{"objectid":94,"objectid_1":77,"dependenci":"MARINERO BENIGNO NIZ","cod_numer":"8524","dep_organ":"PUCO - PUERTO CONCEPCION","cuatrigram":"MBNI","nivel":"V","provincia":"MISIONES","zona":"PZAP","rios":"RIO URUGUAY","telefono":" ","direccion":"Malvar Y Pinto Nº 517/52","ciudad":"Concepción de la Sierra","codigo_pos":"N3300","jurisdicci":"No informada.","latitud":"28° 2' 59,861\" S","longitud":"55° 24' 56,902\" W","region":0,"frontera":" ","mail":" ","senal":" ","frecuencia":" ","canal_comu":" ","nombre_est":" ","lat_dd":-28.04996139,"lon_dd":-55.415806109999998}},{"type":"Feature","id":96,"geometry":{"type":"Point","coordinates":[-65.710661110999979,-44.800512777999984]},"properties":{"objectid":96,"objectid_1":78,"dependenci":"BAHIA CAMARONES","cod_numer":"8182","dep_organ":"CRIV - COMODORO RIVADAVIA","cuatrigram":"BCAM","nivel":"IV","provincia":"CHUBUT","zona":"PZMS","rios":"MAR ARGENTINO","telefono":"02974963118","direccion":"Juan Manuel De Estrada S/nº","ciudad":"Bahia Camarones","codigo_pos":"9111","jurisdicci":"Océano Atlántico, desde el\r\nparalelo que pasa por “Punta Roja” (Lat. 44º 35` S - Long. 65º 22’ W) y el paralelo que pasa por “Bahía\r\nBustamante” (Lat. 45º 08` 40.5” S - Long. 66º 28","latitud":"44° 48' 1,846\" S","longitud":"65° 42' 38,380\" W","region":2,"frontera":" ","mail":"bcam.pna@hotmail.com","senal":" ","frecuencia":" ","canal_comu":" ","nombre_est":" ","lat_dd":-44.800512779999998,"lon_dd":-65.710661110000004}},{"type":"Feature","id":97,"geometry":{"type":"Point","coordinates":[-67.374846943999955,-45.752906388999975]},"properties":{"objectid":97,"objectid_1":79,"dependenci":"CALETA CORDOVA","cod_numer":"8119","dep_organ":"CRIV - COMODORO RIVADAVIA","cuatrigram":"CORD","nivel":"V","provincia":"CHUBUT","zona":"PZMS","rios":"MAR ARGENTINO","telefono":"02974590117","direccion":"Punta Novales S/nº","ciudad":"Comodoro Rivadavia","codigo_pos":"9000","jurisdicci":"No informada.","latitud":"45° 45' 10,463\" S","longitud":"67° 22' 29,449\" W","region":2,"frontera":" ","mail":"caletacordovapna@hotmail.com","senal":"L4P","frecuencia":"(1)156,450M(2)156,600M(3)156,700M(4)156,800M","canal_comu":"(1)09 (2)12 (3)14 (4)16","nombre_est":"Caleta Cordova Prefectura Naval Radio","lat_dd":-45.75290639,"lon_dd":-67.374846939999998}},{"type":"Feature","id":98,"geometry":{"type":"Point","coordinates":[-60.770011110999974,-32.598425832999965]},"properties":{"objectid":98,"objectid_1":80,"dependenci":"TIMBUES","cod_numer":"8677","dep_organ":"SLOR - SAN LORENZO","cuatrigram":"TIMB","nivel":"IV","provincia":"SANTA FE","zona":"PZBP","rios":"RIO PARANA","telefono":"03476686711","direccion":"Córdoba Nº 100","ciudad":"Timbues","codigo_pos":"2204","jurisdicci":"No informada.","latitud":"32° 35' 54,333\" S","longitud":"60° 46' 12,040\" W","region":1,"frontera":" ","mail":"prefecturatimbues@gmail.com","senal":" ","frecuencia":" ","canal_comu":" ","nombre_est":" ","lat_dd":-32.598425829999996,"lon_dd":-60.770011110000006}},{"type":"Feature","id":99,"geometry":{"type":"Point","coordinates":[-67.512546388999965,-46.440580555999986]},"properties":{"objectid":99,"objectid_1":81,"dependenci":"CALETA OLIVIA","cod_numer":"8121","dep_organ":"PZMS - MAR ARGENTINO SUR","cuatrigram":"OLVA","nivel":"III","provincia":"SANTA CRUZ","zona":"PZMS","rios":"MAR ARGENTINO","telefono":"02974851275","direccion":"Av. De Los Mártires Del Crucero General Belgrano Nº 60","ciudad":"Caleta Olivia","codigo_pos":"9011","jurisdicci":"Desde Lat. 46º 00´ s, Long. 67º 37´ w, límite interprovincial entre Chubut y Santa Cruz, hasta Cabo Tres Puntas (Lat. 47º 06´ s, Long. 65º 53´ w).","latitud":"46° 26' 26,090\" S","longitud":"67° 30' 45,167\" W","region":2,"frontera":" ","mail":"olva@prefecturanaval.gov.ar","senal":"L4O","frecuencia":"(1)156.450M(2)156.600M(3)156,800M","canal_comu":"(1)09 (2)12 (3)16","nombre_est":"Caleta Oliva Prefectura Naval Radio","lat_dd":-46.440580560000001,"lon_dd":-67.512546389999997}},{"type":"Feature","id":100,"geometry":{"type":"Point","coordinates":[-65.908511388999955,-47.75312916699994]},"properties":{"objectid":100,"objectid_1":82,"dependenci":"PUERTO DESEADO","cod_numer":"8239","dep_organ":"PZMS - MAR ARGENTINO SUR","cuatrigram":"DESE","nivel":"II","provincia":"SANTA CRUZ","zona":"PZMS","rios":"RIO DESEADO","telefono":"02974872322","direccion":"España  Nº 1828 -bah","ciudad":"Puerto Deseado","codigo_pos":"9050","jurisdicci":"Océano Atlántico desde Cabo Tres Puntas (Lat. 47º 06´ s, Long. 65º 53´ w), hasta el faro Cabo Guardián (Lat. 48º 21´ s, Long. 66º 21´ w).","latitud":"47° 45' 11,265\" S","longitud":"65° 54' 30,641\" W","region":2,"frontera":" ","mail":"dese@prefecturanaval.gov.ar","senal":"L4N","frecuencia":"(1)156,450M(2)156,600M(3)156,700M(4)156,800M","canal_comu":"(1)09 (2)12 (3)14 (4)16","nombre_est":"Puerto Deseado Prefectura Naval Radio","lat_dd":-47.753129170000001,"lon_dd":-65.908511390000001}},{"type":"Feature","id":235,"geometry":{"type":"Point","coordinates":[-58.354777499999955,-34.632394721999958]},"properties":{"objectid":235,"objectid_1":253,"dependenci":"ASESORIA TECNICA NAVAL","cod_numer":" ","dep_organ":" ","cuatrigram":"ASTN","nivel":"DEPARTAMENTO","provincia":"CABA","zona":"PNAR","rios":"RIO DE LA PLATA","telefono":" ","direccion":"Brandsen 65","ciudad":"Ciudad Autonoma de Buenos Aires","codigo_pos":" ","jurisdicci":" ","latitud":"34° 37' 56,621\" S","longitud":"58° 21' 17,199\" W","region":1,"frontera":" ","mail":" ","senal":" ","frecuencia":" ","canal_comu":" ","nombre_est":" ","lat_dd":-34.632394720000001,"lon_dd":-58.354777500000004}},{"type":"Feature","id":102,"geometry":{"type":"Point","coordinates":[-68.515653610999948,-50.017409999999984]},"properties":{"objectid":102,"objectid_1":83,"dependenci":"SANTA CRUZ","cod_numer":"8807","dep_organ":"PZMS - MAR ARGENTINO SUR","cuatrigram":"SCRU","nivel":"III","provincia":"SANTA CRUZ","zona":"PZMS","rios":"RIO SANTA CRUZ","telefono":"02962498646","direccion":"Av. Piedra Buena N°380","ciudad":"Santa Cruz","codigo_pos":"9300","jurisdicci":"Océano Atlántico faro San Francisco de Paula (Lat. 49º 44´ s, Long. 67º 44´ w), hasta faro Coig (Lat. 50º 54´ s, Long. 69º 07´ w).","latitud":"50° 1' 2,676\" S","longitud":"68° 30' 56,353\" W","region":2,"frontera":" ","mail":"scru@prefecturanaval.gov.ar","senal":"L4L","frecuencia":"(1)156,450M(2)156,600M(3)156,700M(4)156,800M","canal_comu":" ","nombre_est":"Santa Cruz Prefectura Naval Radio","lat_dd":-50.017410000000005,"lon_dd":-68.515653610000001}},{"type":"Feature","id":103,"geometry":{"type":"Point","coordinates":[-68.414838055999951,-50.116996943999936]},"properties":{"objectid":103,"objectid_1":84,"dependenci":"PUNTA QUILLA","cod_numer":"8696","dep_organ":"SCRU - SANTA CRUZ","cuatrigram":"PQUI","nivel":"V","provincia":"SANTA CRUZ","zona":"PZMS","rios":"RIO SANTA CRUZ","telefono":"02962498181","direccion":"Puerto Punta Quilla S/nº","ciudad":"Punta Quilla","codigo_pos":"9300","jurisdicci":"No informada.","latitud":"50° 7' 1,189\" S","longitud":"68° 24' 53,417\" W","region":2,"frontera":" ","mail":" ","senal":"L4K","frecuencia":"(1)156,450M(2)156,600M(3)156,700M(4)156,800M","canal_comu":"(1)09 (2)12 (3)14 (4)16","nombre_est":"Punta Quilla Prefectura Naval Radio","lat_dd":-50.11699694,"lon_dd":-68.414838059999994}},{"type":"Feature","id":104,"geometry":{"type":"Point","coordinates":[-72.795194443999947,-50.312897777999979]},"properties":{"objectid":104,"objectid_1":85,"dependenci":"LAGO ARGENTINO","cod_numer":"8440","dep_organ":"PZMS - MAR ARGENTINO SUR","cuatrigram":"LARG","nivel":"III","provincia":"SANTA CRUZ","zona":"PZMS","rios":"LAGO ARGENTINO","telefono":"02902497653","direccion":"Escuela Deportes Náuticos Punta Bandera S/nº","ciudad":"El Calafate","codigo_pos":"9405","jurisdicci":"Los espejos de agua de los Lagos Argentino, Viedma, San Martín y del desiertorío Santa Cruz, desde su nacimiento en el Lago Argentino hasta el Paso Cóndor Cliff (km 262).","latitud":"50° 18' 46,432\" S","longitud":"72° 47' 42,700\" W","region":2,"frontera":" ","mail":"larg@prefecturanaval.gov.ar","senal":"L4J","frecuencia":"(1)156,450M(2)156,600M(3)156,700M(4)156,800M","canal_comu":"(1)09 (2)12 (3)14 (4)16","nombre_est":"Lago Argentino Prefectura Naval Radio","lat_dd":-50.31289778,"lon_dd":-72.795194440000003}},{"type":"Feature","id":105,"geometry":{"type":"Point","coordinates":[-54.695862777999935,-26.432268610999984]},"properties":{"objectid":105,"objectid_1":86,"dependenci":"ELDORADO","cod_numer":"8271","dep_organ":"PZAP - ALTO PARANA","cuatrigram":"ELDO","nivel":"II","provincia":"MISIONES","zona":"PZAP","rios":"RIO PARANA","telefono":"03751431212","direccion":"Puerto Pinares, Av.9 De Julio 2590","ciudad":"Eldorado","codigo_pos":"N3380","jurisdicci":"Río Paraná desde Arroyo Aguaray-ú (km 1.840,2) hasta su confluencia con el Arroyo Ita Curuzú (km. 1.777).","latitud":"26° 25' 56,167\" S","longitud":"54° 41' 45,106\" W","region":0,"frontera":"PAR","mail":"eldo@prefecturanaval.gov.ar","senal":"L7Z","frecuencia":"(1)156,450M(2)156,600M(3)156,700M(4)156,800M","canal_comu":"(1)09 (2)12 (3)14 (4)16","nombre_est":"Eldorado Prefectura Naval Radio","lat_dd":-26.432268610000001,"lon_dd":-54.695862779999999}},{"type":"Feature","id":106,"geometry":{"type":"Point","coordinates":[-54.726177777999965,-26.472728055999937]},"properties":{"objectid":106,"objectid_1":87,"dependenci":"PIRAY","cod_numer":"8647","dep_organ":"ELDO - ELDORADO","cuatrigram":"PRAY","nivel":"V","provincia":"MISIONES","zona":"PZAP","rios":"RIO PARANA","telefono":" ","direccion":"Marco Paz S/n°","ciudad":"Piray","codigo_pos":"N3381","jurisdicci":"No informada.","latitud":"26° 28' 21,821\" S","longitud":"54° 43' 34,240\" W","region":0,"frontera":"PAR","mail":" ","senal":" ","frecuencia":" ","canal_comu":" ","nombre_est":" ","lat_dd":-26.472728060000001,"lon_dd":-54.72617778}},{"type":"Feature","id":108,"geometry":{"type":"Point","coordinates":[-58.353263610999932,-34.634747777999962]},"properties":{"objectid":108,"objectid_1":114,"dependenci":"BOCA DEL RIACHUELO","cod_numer":"8150","dep_organ":"PZRP - RIO DE LA PLATA","cuatrigram":"BOCA","nivel":"II","provincia":"CABA","zona":"PZRP","rios":"RIO DE LA PLATA","telefono":"01143024440","direccion":"Av. Pedro De Mendoza  Nº 1200","ciudad":"Ciudad Autonoma de Buenos Aires","codigo_pos":"1156","jurisdicci":"Riachuelo ambas márgenes, desde su intersección con la avenida General Paz, hasta antepuerto sur, a partir de la línea imaginaria que une la margen este (Lat. 34º 38’ 13” s, Long. 58º 21’ 0","latitud":"34° 38' 5,092\" S","longitud":"58° 21' 11,749\" W","region":1,"frontera":" ","mail":"boca-polinav@prefecturanaval.gov.ar","senal":"L2G","frecuencia":"156,450Mhz - 156,625Mhz- 156,700Mhz- 156,800Mhz- 156,875Mhz","canal_comu":"09-12-14-16-77","nombre_est":"Buenos Aires Prefectura Naval Radio","lat_dd":-34.634747780000005,"lon_dd":-58.353263609999999}},{"type":"Feature","id":109,"geometry":{"type":"Point","coordinates":[-58.339664721999952,-34.644271110999966]},"properties":{"objectid":109,"objectid_1":115,"dependenci":"DOCK SUD","cod_numer":"8264","dep_organ":"PZRP - RIO DE LA PLATA","cuatrigram":"DSUD","nivel":"II","provincia":"BUENOS AIRES","zona":"PZRP","rios":"RIO DE LA PLATA","telefono":"01142017642","direccion":"Morse S/N Ribera Este Puerto Dock Sud","ciudad":"Dock Sud","codigo_pos":"1871","jurisdicci":"Río de la Plata, antepuerto sur a partir de la línea imaginaria que une la margen este (Lat. 34º 38’ 13” s y Long. 58º 21’ 04” w) con el semáforo del riachuelo, hasta el km 10.","latitud":"34° 38' 39,376\" S","longitud":"58° 20' 22,793\" W","region":1,"frontera":" ","mail":"dsud@prefecturanaval.gov.ar","senal":"L2G","frecuencia":"156,450Mhz - 156,625Mhz- 156,700Mhz- 156,800Mhz- 156,875Mhz","canal_comu":"09-12-14-16-77","nombre_est":"Buenos Aires Prefectura Naval Radio","lat_dd":-34.644271109999998,"lon_dd":-58.339664719999995}},{"type":"Feature","id":110,"geometry":{"type":"Point","coordinates":[-57.897765555999968,-34.863830555999982]},"properties":{"objectid":110,"objectid_1":116,"dependenci":"LA PLATA","cod_numer":"8444","dep_organ":"PZRP - RIO DE LA PLATA","cuatrigram":"LPLA","nivel":"I","provincia":"BUENOS AIRES","zona":"PZRP","rios":"CANAL SANTIAGO","telefono":"02214690376","direccion":"Ortiz De Rozas S/N y Gilberto Gaggino","ciudad":"La Plata","codigo_pos":"1925","jurisdicci":"Desde Punta Colorada y con una marcación verdadera de 052º hasta que partiendo de la margen izquierda del Canal 15 en la ensenada de Samborombón y con una marcación verdadera de 051º.","latitud":"34° 51' 49,790\" S","longitud":"57° 53' 51,956\" W","region":1,"frontera":" ","mail":"lpla@prefecturanaval.gov.ar","senal":"L5F","frecuencia":"(1)156,450M(2)156,600M(3)156,700M(4)156,800M","canal_comu":"(1)09 (2)12 (3)14 (4)16","nombre_est":"La Plata Prefectura Naval Radio","lat_dd":-34.863830559999997,"lon_dd":-57.897765560000003}},{"type":"Feature","id":111,"geometry":{"type":"Point","coordinates":[-56.950780555999984,-36.402063888999976]},"properties":{"objectid":111,"objectid_1":223,"dependenci":"GENERAL LAVALLE","cod_numer":"8319","dep_organ":"PZRP - RIO DE LA PLATA","cuatrigram":"GLAV","nivel":"II","provincia":"BUENOS AIRES","zona":"PZRP","rios":"RIO DE AJO","telefono":"02252491063","direccion":"Av. Bartolomé Mitre Nº 95","ciudad":"General Lavalle","codigo_pos":"7103","jurisdicci":"Desde la línea imaginaria que partiendo de la margen izquierda del canal 15 en la ensenada de Samborombón hasta el paralelo que pasa por el faro Punta Médanos (lat. 36º 53’ s, Long. 56º 40’ w","latitud":"36° 24' 7,430\" S","longitud":"56° 57' 2,810\" W","region":1,"frontera":" ","mail":"glav-operaciones@prefecturanaval.gov.ar","senal":"L5C","frecuencia":"(1)156,450M(2)156,600M(3)156,700M(4)156,800M","canal_comu":"(1)09 (2)12 (3)14 (4)16","nombre_est":"General Lavalle Prefectura Naval Radio","lat_dd":-36.402063890000001,"lon_dd":-56.950780559999998}},{"type":"Feature","id":112,"geometry":{"type":"Point","coordinates":[-56.687338055999987,-36.569782499999974]},"properties":{"objectid":112,"objectid_1":117,"dependenci":"MAR DEL TUYU","cod_numer":"8320","dep_organ":"GLAV - GENERAL LAVALLE","cuatrigram":"TUYU","nivel":"V","provincia":"BUENOS AIRES","zona":"PZRP","rios":"MAR ARGENTINO","telefono":"02246434704","direccion":"Av. Costanera Calle N° 68","ciudad":"Mar Del Tuyu","codigo_pos":"7108","jurisdicci":"No informada.","latitud":"36° 34' 11,217\" S","longitud":"56° 41' 14,417\" W","region":1,"frontera":" ","mail":" ","senal":"L5C","frecuencia":"156,450Mhz- 156,600Mhz- 156,700Mhz- 156,800Mhz","canal_comu":"09 -12 -14 -16","nombre_est":"General Lavalle Prefectura Naval Radio","lat_dd":-36.569782499999995,"lon_dd":-56.687338060000002}},{"type":"Feature","id":113,"geometry":{"type":"Point","coordinates":[-56.69138972199994,-36.49504944399996]},"properties":{"objectid":113,"objectid_1":118,"dependenci":"LAS TONINAS","cod_numer":"8321","dep_organ":"GLAV - GENERAL LAVALLE","cuatrigram":"LATO","nivel":"V","provincia":"BUENOS AIRES","zona":"PZRP","rios":"MAR ARGENTINO","telefono":"02246431785","direccion":"Calle Costanera Y 36","ciudad":"Las Toninas","codigo_pos":"7106","jurisdicci":"No informada.","latitud":"36° 29' 42,178\" S","longitud":"56° 41' 29,003\" W","region":1,"frontera":" ","mail":"lastonina31@gmail.com","senal":"L5C","frecuencia":"156,450Mhz- 156,600Mhz- 156,700Mhz- 156,800Mhz","canal_comu":"09 -12 -14 -16","nombre_est":"General Lavalle Prefectura Naval Radio","lat_dd":-36.495049439999995,"lon_dd":-56.691389719999997}},{"type":"Feature","id":464,"geometry":{"type":"Point","coordinates":[-57.952828055999987,-31.263579721999974]},"properties":{"objectid":464,"objectid_1":null,"dependenci":"CENTRO DE FORM. BASICA P/  PERS. SUB. SALTO GRANDE","cod_numer":"8760","dep_organ":"SLGR - REPRESA SALTO GRANDE","cuatrigram":"CISG","nivel":"DEPARTAMENTO","provincia":"ENTRE RIOS","zona":"PZBU","rios":"RIO URUGUAY","telefono":null,"direccion":"Cervantes 18","ciudad":"Concordia","codigo_pos":null,"jurisdicci":null,"latitud":"31° 24' 7,263\" S","longitud":"58° 0' 13,864\" W","region":0,"frontera":null,"mail":null,"senal":null,"frecuencia":null,"canal_comu":null,"nombre_est":null,"lat_dd":-31.402017499999999,"lon_dd":null}},{"type":"Feature","id":115,"geometry":{"type":"Point","coordinates":[-57.651260277999938,-25.372465555999952]},"properties":{"objectid":115,"objectid_1":120,"dependenci":"PILCOMAYO","cod_numer":"8644","dep_organ":"PZPP - PARANA SUPERIOR Y PARAGUAY","cuatrigram":"PILC","nivel":"II","provincia":"FORMOSA","zona":"PZPP","rios":"RIO PARAGUAY","telefono":"03718425244","direccion":"Ruta Nacional Nº 11 (acceso Puerto Pilcomayo)","ciudad":"Pilcomayo","codigo_pos":"P3639","jurisdicci":"Río Paraná desde la desembocadura del Río Pilcomayo (km 379) hasta el km 291.","latitud":"25° 22' 20,876\" S","longitud":"57° 39' 4,537\" W","region":0,"frontera":"PAR","mail":"pilc@prefecturanaval.gov.ar","senal":"L8L","frecuencia":"(1)156,450M(2)156,600M(3)156,700M(4)156,800M","canal_comu":"(1)09 (2)12 (3)14 (4)16","nombre_est":"Patagones Prefectura Naval Radio","lat_dd":-25.372465559999998,"lon_dd":-57.651260280000002}},{"type":"Feature","id":116,"geometry":{"type":"Point","coordinates":[-59.536573610999938,-30.01775472199995]},"properties":{"objectid":116,"objectid_1":121,"dependenci":"ESQUINA","cod_numer":"8287","dep_organ":"GOYA - GOYA","cuatrigram":"ESQU","nivel":"IV","provincia":"CORRIENTES","zona":"PZPP","rios":"RIO CORRIENTES","telefono":"03777468000","direccion":"25 De Mayo Nº 734 Y Av. Juan Domingo Perón","ciudad":"Esquina","codigo_pos":"W3414","jurisdicci":"Desde el extremo sur de la Isla Pindotí (km. 895) y Riacho Selzo (km.890), hasta la boca norte del Riacho Espinillo (km. 810). En los tramos de jurisdicción concurrentes (km 895 a 866).","latitud":"30° 1' 3,917\" S","longitud":"59° 32' 11,665\" W","region":0,"frontera":" ","mail":"esqu@prefecturanaval.gov.ar","senal":" ","frecuencia":" ","canal_comu":" ","nombre_est":" ","lat_dd":-30.017754720000003,"lon_dd":-59.536573609999998}},{"type":"Feature","id":117,"geometry":{"type":"Point","coordinates":[-58.243841943999939,-27.266934166999931]},"properties":{"objectid":117,"objectid_1":122,"dependenci":"ITATI","cod_numer":"8414","dep_organ":"PZPP - PARANA SUPERIOR Y PARAGUAY","cuatrigram":"ITAT","nivel":"III","provincia":"CORRIENTES","zona":"PZPP","rios":"RIO PARANA","telefono":"03794493074","direccion":"25 De Mayo Y Roque González De Santa Cruz","ciudad":"Itati","codigo_pos":"W3414","jurisdicci":"Río Paraná desde Puerto Tuyutí, extremo sur de la Isla Caygue (km 1330), hasta Punta Yaguarí (km 1268).","latitud":"27° 16' 0,963\" S","longitud":"58° 14' 37,831\" W","region":0,"frontera":"PAR","mail":"itat@prefecturanaval.gov.ar","senal":"L7D","frecuencia":"(1)156,450M(2)156,600M(3)156,700M(4)156,800M","canal_comu":"(1)09 (2)12 (3)14 (4)16","nombre_est":"Itati Prefectura Naval Radio","lat_dd":-27.266934169999999,"lon_dd":-58.243841940000003}},{"type":"Feature","id":118,"geometry":{"type":"Point","coordinates":[-58.835334999999986,-27.461906388999978]},"properties":{"objectid":118,"objectid_1":214,"dependenci":"CORRIENTES","cod_numer":"8221","dep_organ":"PZPP - PARANA SUPERIOR Y PARAGUAY","cuatrigram":"CORR","nivel":"II","provincia":"CORRIENTES","zona":"PZPP","rios":"RIO PARANA","telefono":"03794421477","direccion":"Pasaje Mantilla Nº 385","ciudad":"Corrientes","codigo_pos":"W3400","jurisdicci":"Río Paraná desde el km 1225, hasta el km 1103,5. En los tramos de jurisdicción concurrentes  por su margen izquierda, contando de la línea del Thalweg del canal principal de navegación.","latitud":"27° 27' 42,863\" S","longitud":"58° 50' 7,206\" W","region":0,"frontera":" ","mail":"corr@prefecturanaval.gov.ar","senal":"L6Y","frecuencia":"(1)156,450M(2)156,600M(3)156,700M(4)156,800M","canal_comu":"(1)09 (2)12 (3)14 (4)16","nombre_est":"Corrientes Prefectura Naval Radio","lat_dd":-27.461906389999999,"lon_dd":-58.835334999999993}},{"type":"Feature","id":119,"geometry":{"type":"Point","coordinates":[-57.541857499999935,-38.048531943999933]},"properties":{"objectid":119,"objectid_1":123,"dependenci":"MAR DEL PLATA","cod_numer":"8499","dep_organ":"PZMN - MAR ARGENTINO NORTE","cuatrigram":"MPLA","nivel":"I","provincia":"BUENOS AIRES","zona":"PZMN","rios":"MAR ARGENTINO","telefono":"02234805362","direccion":"Dársena De Ultramar","ciudad":"Mar del Plata","codigo_pos":"7600","jurisdicci":"Desde Punta Médanos hasta su intersección con la línea determinante del límite lateral marítimo Argentino-Uruguayo, hasta su intersección con el límite del Mar Jurisdiccional Argentino.","latitud":"38° 2' 54,715\" S","longitud":"57° 32' 30,687\" W","region":2,"frontera":" ","mail":"mpla@prefecturanaval.gov.ar","senal":"L2U","frecuencia":"(1)156,450M(2)156,600M(3)156,700M(4)156,800M","canal_comu":"(1)09 (2)12 (3)14 (4)16","nombre_est":"Mar del Plata Prefectura Naval Radio","lat_dd":-38.048531939999997,"lon_dd":-57.541857499999999}},{"type":"Feature","id":120,"geometry":{"type":"Point","coordinates":[-59.428897777999964,-38.753168610999978]},"properties":{"objectid":120,"objectid_1":124,"dependenci":"BALNEARIO SAN CAYETANO","cod_numer":"8700","dep_organ":"QUEQ - QUEQUEN","cuatrigram":"CAYE","nivel":"V","provincia":"BUENOS AIRES","zona":"PZMN","rios":"MAR ARGENTINO","telefono":" ","direccion":"Moreno 244","ciudad":"San Cayetano","codigo_pos":"8000","jurisdicci":"No informada.","latitud":"38° 45' 11,407\" S","longitud":"59° 25' 44,032\" W","region":2,"frontera":" ","mail":" ","senal":" ","frecuencia":" ","canal_comu":" ","nombre_est":" ","lat_dd":-38.753168610000003,"lon_dd":-59.42889778}},{"type":"Feature","id":121,"geometry":{"type":"Point","coordinates":[-60.068859166999971,-38.859235277999971]},"properties":{"objectid":121,"objectid_1":180,"dependenci":"CLAROMECO","cod_numer":"8052","dep_organ":"QUEQ - QUEQUEN","cuatrigram":"CLAR","nivel":"V","provincia":"BUENOS AIRES","zona":"PZMN","rios":"MAR ARGENTINO","telefono":" ","direccion":"Moreno N° 244","ciudad":"Claromeco","codigo_pos":"8000","jurisdicci":"No informada.","latitud":"38° 51' 33,247\" S","longitud":"60° 4' 7,893\" W","region":2,"frontera":" ","mail":" ","senal":" ","frecuencia":" ","canal_comu":" ","nombre_est":" ","lat_dd":-38.85923528,"lon_dd":-60.068859170000003}},{"type":"Feature","id":128,"geometry":{"type":"Point","coordinates":[-71.610701666999944,-46.539503055999944]},"properties":{"objectid":128,"objectid_1":132,"dependenci":"LAGO BUENOS AIRES","cod_numer":"8190","dep_organ":"OLVA - CALETA OLIVIA","cuatrigram":"LABA","nivel":"V","provincia":"SANTA CRUZ","zona":"PZMS","rios":"RIO LOS ANTIGUOS","telefono":" ","direccion":"Av. Costanera S/nº","ciudad":"Los Antiguos","codigo_pos":"9041","jurisdicci":"No informada.","latitud":"46° 32' 22,211\" S","longitud":"71° 36' 38,526\" W","region":2,"frontera":" ","mail":" ","senal":" ","frecuencia":" ","canal_comu":" ","nombre_est":" ","lat_dd":-46.539503059999994,"lon_dd":-71.610701669999997}},{"type":"Feature","id":129,"geometry":{"type":"Point","coordinates":[-68.936291943999947,-50.004834443999982]},"properties":{"objectid":129,"objectid_1":193,"dependenci":"COMANDANTE LUIS PIEDRABUENA","cod_numer":"8808","dep_organ":"SCRU - SANTA CRUZ","cuatrigram":"CLPB","nivel":"V","provincia":"SANTA CRUZ","zona":"PZMS","rios":"RIO SANTA CRUZ","telefono":" ","direccion":"Muelle Comandante Luís Piedra Buena","ciudad":"Puerto Madryn","codigo_pos":"9120","jurisdicci":"No informada.","latitud":"50° 0' 17,404\" S","longitud":"68° 56' 10,651\" W","region":2,"frontera":" ","mail":" ","senal":" ","frecuencia":" ","canal_comu":" ","nombre_est":" ","lat_dd":-50.004834440000003,"lon_dd":-68.936291940000004}},{"type":"Feature","id":131,"geometry":{"type":"Point","coordinates":[-71.658429999999953,-40.782551388999934]},"properties":{"objectid":131,"objectid_1":134,"dependenci":"VILLA LA ANGOSTURA","cod_numer":"8772","dep_organ":"PZLC - LACUSTRE Y DEL COMAHUE","cuatrigram":"VIAN","nivel":"III","provincia":"NEUQUEN","zona":"PZLC","rios":"LAGO NAHUEL HUAPI","telefono":"02944494032","direccion":"Avda. Nahuel Huapi Nº 2240","ciudad":"Villa La Angostura","codigo_pos":"8407","jurisdicci":"Al norte de la línea imaginaria que une la desembocadura del  Arroyo del Medio o Ragintuco, con la del Arroyo Colorado, hasta una distancia de 35m.","latitud":"40° 46' 57,185\" S","longitud":"71° 39' 30,348\" W","region":2,"frontera":" ","mail":"vian@prefecturanaval.gov.ar","senal":" ","frecuencia":" ","canal_comu":" ","nombre_est":" ","lat_dd":-40.782551390000002,"lon_dd":-71.658429999999996}},{"type":"Feature","id":132,"geometry":{"type":"Point","coordinates":[-54.629428055999938,-26.230384999999956]},"properties":{"objectid":132,"objectid_1":135,"dependenci":"MADO","cod_numer":"8560","dep_organ":"ELDO - ELDORADO","cuatrigram":"MADO","nivel":"V","provincia":"MISIONES","zona":"PZAP","rios":"RIO PARANA","telefono":" ","direccion":"Av.9 De Julio Nº 2590","ciudad":"Puerto Mado","codigo_pos":"N3380","jurisdicci":"No informada.","latitud":"26° 13' 49,386\" S","longitud":"54° 37' 45,941\" W","region":0,"frontera":"PAR","mail":" ","senal":" ","frecuencia":" ","canal_comu":" ","nombre_est":" ","lat_dd":-26.230384999999998,"lon_dd":-54.629428059999995}},{"type":"Feature","id":133,"geometry":{"type":"Point","coordinates":[-67.097820832999957,-39.166683888999955]},"properties":{"objectid":133,"objectid_1":137,"dependenci":"VILLA REGINA","cod_numer":"8579","dep_organ":"CHUE - DEL COMAHUE","cuatrigram":"VREG","nivel":"V","provincia":"RIO NEGRO","zona":"PZLC","rios":"RIO NEGRO","telefono":" ","direccion":"Isla 58 González Jezzi","ciudad":"Villa-regina","codigo_pos":"8336","jurisdicci":"No informada.","latitud":"39° 10' 0,062\" S","longitud":"67° 5' 52,155\" W","region":2,"frontera":" ","mail":" ","senal":" ","frecuencia":" ","canal_comu":" ","nombre_est":" ","lat_dd":-39.166683890000002,"lon_dd":-67.097820830000003}},{"type":"Feature","id":134,"geometry":{"type":"Point","coordinates":[-71.174102499999947,-38.880444721999936]},"properties":{"objectid":134,"objectid_1":138,"dependenci":"VILLA PEHUENIA","cod_numer":"8576","dep_organ":"SMAN - SAN MARTIN DE LOS ANDES","cuatrigram":"PEHU","nivel":"V","provincia":"NEUQUEN","zona":"PZLC","rios":"LAGO  ALUMINE","telefono":"02942498046","direccion":"Centro Cívicomza W Lote 3","ciudad":"Villa Pehuenia","codigo_pos":"8305","jurisdicci":"No informada.","latitud":"38° 52' 49,601\" S","longitud":"71° 10' 26,769\" W","region":2,"frontera":" ","mail":"pehupna@yahoo.com.ar","senal":" ","frecuencia":" ","canal_comu":" ","nombre_est":" ","lat_dd":-38.88044472,"lon_dd":-71.174102499999989}},{"type":"Feature","id":135,"geometry":{"type":"Point","coordinates":[-60.083843055999978,-31.103596943999946]},"properties":{"objectid":135,"objectid_1":139,"dependenci":"HELVECIA","cod_numer":"8826","dep_organ":"SAFE - SANTA FE","cuatrigram":"HELV","nivel":"V","provincia":"SANTA FE","zona":"PZBP","rios":"RIO SAN JAVIER","telefono":"03405470462","direccion":"Calle Paseo Colon Entre C/ Sellares Y C/ Dr. Ramón","ciudad":"Helvecia","codigo_pos":"3003","jurisdicci":"No informada.","latitud":"31° 6' 12,949\" S","longitud":"60° 5' 1,835\" W","region":1,"frontera":" ","mail":"prefectura.helvecia@yahoo.com.ar","senal":" ","frecuencia":" ","canal_comu":" ","nombre_est":" ","lat_dd":-31.103596939999999,"lon_dd":-60.08384306}},{"type":"Feature","id":136,"geometry":{"type":"Point","coordinates":[-60.914660277999985,-31.972672221999971]},"properties":{"objectid":136,"objectid_1":206,"dependenci":"CORONDA","cod_numer":"8813","dep_organ":"SAFE - SANTA FE","cuatrigram":"CNDA","nivel":"V","provincia":"SANTA FE","zona":"PZBP","rios":"RIO PARANA","telefono":"03424911116","direccion":"Dique 1, María Samaro","ciudad":"Coronda","codigo_pos":"2240","jurisdicci":"No informada.","latitud":"31° 58' 21,620\" S","longitud":"60° 54' 52,777\" W","region":1,"frontera":" ","mail":"prefecturacoronda@outlook.com","senal":" ","frecuencia":" ","canal_comu":" ","nombre_est":" ","lat_dd":-31.97267222,"lon_dd":-60.91466028}},{"type":"Feature","id":137,"geometry":{"type":"Point","coordinates":[-59.810229721999974,-33.597155555999962]},"properties":{"objectid":137,"objectid_1":140,"dependenci":"VUELTA DE OBLIGADO","cod_numer":"8798","dep_organ":"SPED - SAN PEDRO","cuatrigram":"VOBL","nivel":"V","provincia":"BUENOS AIRES","zona":"PZDE","rios":"RIO PARANA","telefono":" ","direccion":"25 De Mayo S/N","ciudad":"Obligado","codigo_pos":"2931","jurisdicci":"No informada.","latitud":"33° 35' 49,760\" S","longitud":"59° 48' 36,827\" W","region":1,"frontera":" ","mail":" ","senal":"L6E (PREFECTURA SAN PEDRO)","frecuencia":"156,450 Mhz - 156,600 Mhz - 156,700 Mhz - 156,800 Mhz","canal_comu":"09 - 12 - 14 - 16","nombre_est":"San Pedro Prefectura Naval Radio","lat_dd":-33.597155559999997,"lon_dd":-59.810229720000002}},{"type":"Feature","id":138,"geometry":{"type":"Point","coordinates":[-57.880552499999965,-34.833892499999934]},"properties":{"objectid":138,"objectid_1":141,"dependenci":"ISLA MONTE SANTIAGO","cod_numer":"8569","dep_organ":"LPLA - LA PLATA","cuatrigram":"ISMS","nivel":"V","provincia":"BUENOS AIRES","zona":"PZRP","rios":"RIO DE LA PLATA","telefono":"02214271145","direccion":"Canal Acceso Puerto La Plata","ciudad":"Ensenada","codigo_pos":"1925","jurisdicci":"No informada.","latitud":"34° 50' 2,013\" S","longitud":"57° 52' 49,989\" W","region":1,"frontera":" ","mail":"prefecturamontesantiago@hotmail.com","senal":"L5F","frecuencia":"156,450Mhz- 156,600Mhz- 156,700Mhz- 156,800Mhz","canal_comu":"09-12-14-16","nombre_est":"La Plata Prefectura Naval Radio","lat_dd":-34.833892499999997,"lon_dd":-57.8805525}},{"type":"Feature","id":139,"geometry":{"type":"Point","coordinates":[-58.223770555999977,-32.481164166999974]},"properties":{"objectid":139,"objectid_1":142,"dependenci":"ZONA BAJO URUGUAY","cod_numer":" ","dep_organ":" ","cuatrigram":"PZBU","nivel":"ZONA","provincia":"ENTRE RIOS","zona":"PZBU","rios":"RIO URUGUAY","telefono":"03442422044","direccion":"Máximo Álvarez Y 8 De Junio","ciudad":"Concepción del Uruguay","codigo_pos":"E3260","jurisdicci":"Río Uruguay desde la margen derecha del Río Mocoretá (km 423,6); hasta el km 0.","latitud":"32° 28' 52,191\" S","longitud":"58° 13' 25,574\" W","region":0,"frontera":" ","mail":"pzonapzbu@prefecturanaval.gov.ar","senal":" ","frecuencia":" ","canal_comu":" ","nombre_est":" ","lat_dd":-32.48116417,"lon_dd":-58.223770559999998}},{"type":"Feature","id":140,"geometry":{"type":"Point","coordinates":[-54.66143361099995,-26.334103332999973]},"properties":{"objectid":140,"objectid_1":143,"dependenci":"PUERTO VICTORIA","cod_numer":"8859","dep_organ":"ELDO - ELDORADO","cuatrigram":"VRIA","nivel":"V","provincia":"MISIONES","zona":"PZAP","rios":"RIO PARANA","telefono":" ","direccion":"Av San Martín 1088","ciudad":"Eldorado","codigo_pos":"N3380","jurisdicci":"No informada.","latitud":"26° 20' 2,772\" S","longitud":"54° 39' 41,161\" W","region":0,"frontera":"PAR","mail":" ","senal":" ","frecuencia":" ","canal_comu":" ","nombre_est":" ","lat_dd":-26.334103329999998,"lon_dd":-54.661433610000003}},{"type":"Feature","id":142,"geometry":{"type":"Point","coordinates":[-60.506913888999975,-33.129282499999931]},"properties":{"objectid":142,"objectid_1":145,"dependenci":"ARROYO SECO","cod_numer":"8021","dep_organ":"PZBP - BAJO PARANA","cuatrigram":"ASEC","nivel":"III","provincia":"SANTA FE","zona":"PZBP","rios":"RIO PARANA","telefono":"03402428341","direccion":"Bella Vista S/nº -arroyo Seco","ciudad":"Arroyo Seco","codigo_pos":"2128","jurisdicci":"Río Paraná desde el km 410 hasta el km 389; Riacho la Brava, desde su nacimiento, en el extremo norte de la Isla la Paloma.","latitud":"33° 7' 45,417\" S","longitud":"60° 30' 24,890\" W","region":1,"frontera":" ","mail":"asec@prefecturanaval.gov.ar","senal":" ","frecuencia":" ","canal_comu":" ","nombre_est":" ","lat_dd":-33.129282499999995,"lon_dd":-60.50691389}},{"type":"Feature","id":143,"geometry":{"type":"Point","coordinates":[-60.573633610999934,-33.049210832999961]},"properties":{"objectid":143,"objectid_1":146,"dependenci":"PUNTA ALVEAR","cod_numer":"8742","dep_organ":"ASEC - ARROYO SECO","cuatrigram":"PUNA","nivel":"V","provincia":"SANTA FE","zona":"PZBP","rios":"RIO PARANA","telefono":"03415188232","direccion":"Pellegrini S/n Lh","ciudad":"Alvear","codigo_pos":"3344","jurisdicci":"No informada.","latitud":"33° 2' 57,159\" S","longitud":"60° 34' 25,081\" W","region":1,"frontera":" ","mail":" ","senal":" ","frecuencia":" ","canal_comu":" ","nombre_est":" ","lat_dd":-33.04921083,"lon_dd":-60.573633610000002}},{"type":"Feature","id":144,"geometry":{"type":"Point","coordinates":[-60.633489443999963,-32.943358332999935]},"properties":{"objectid":144,"objectid_1":147,"dependenci":"ZONA BAJO PARANA","cod_numer":" ","dep_organ":" ","cuatrigram":"PZBP","nivel":"ZONA","provincia":"SANTA FE","zona":"PZBP","rios":"RIO PARANA","telefono":"03414720346","direccion":"Belgrano 315 Cp","ciudad":"Rosario","codigo_pos":"2000","jurisdicci":"Río Paraná desde la boca norte del Riacho Espinillo (km 810) hasta su confluencia con el Arroyo del Soldado (km. 300,5).","latitud":"60° 38' 0,562\" W","longitud":"32° 56' 36,090\" S","region":1,"frontera":" ","mail":"pzonapzbp@prefecturanaval.gov.ar","senal":" ","frecuencia":" ","canal_comu":" ","nombre_est":" ","lat_dd":-32.943358330000002,"lon_dd":-60.633489440000005}},{"type":"Feature","id":145,"geometry":{"type":"Point","coordinates":[-60.633365555999944,-32.943471388999967]},"properties":{"objectid":145,"objectid_1":148,"dependenci":"ROSARIO","cod_numer":"8741","dep_organ":"PZBP - BAJO PARANA","cuatrigram":"ROSA","nivel":"REGION","provincia":"SANTA FE","zona":"PZBP","rios":"RIO PARANA","telefono":"03414720340","direccion":"Ayacucho Nº 1253","ciudad":"Rosario","codigo_pos":"2000","jurisdicci":"Río Paraná desde el km 435 hasta el km 410 desde su desembocadura en el Río Paraná hasta su confluencia con el Arroyo Martillo.","latitud":"32° 56' 36,497\" S","longitud":"60° 38' 0,116\" W","region":1,"frontera":" ","mail":"rosa@prefecturanaval.gov.ar","senal":"L6I","frecuencia":"(1)156,450M(2)156,600M(3)156,700M(4)156,800M","canal_comu":"(1)09 (2)12 (3)14 (4)16","nombre_est":"Rosario Prefectura Naval Radio","lat_dd":-32.943471389999999,"lon_dd":-60.633365560000001}},{"type":"Feature","id":236,"geometry":{"type":"Point","coordinates":[-58.367634721999934,-34.604610832999981]},"properties":{"objectid":236,"objectid_1":254,"dependenci":"DEPARTAMENTO AUDITORIA Y REGLAMENTACION","cod_numer":" ","dep_organ":" ","cuatrigram":"AUDI","nivel":"DEPARTAMENTO","provincia":"CABA","zona":"DAFI","rios":"RIO DE LA PLATA","telefono":" ","direccion":"Eduardo Madero 235","ciudad":"Ciudad Autonoma de Buenos Aires","codigo_pos":" ","jurisdicci":" ","latitud":"34° 36' 16,599\" S","longitud":"58° 22' 3,485\" W","region":1,"frontera":" ","mail":" ","senal":" ","frecuencia":" ","canal_comu":" ","nombre_est":" ","lat_dd":-34.604610829999999,"lon_dd":-58.367634720000005}},{"type":"Feature","id":147,"geometry":{"type":"Point","coordinates":[-60.810579166999958,-32.434297499999957]},"properties":{"objectid":147,"objectid_1":150,"dependenci":"PUERTO GABOTO","cod_numer":"8790","dep_organ":"SLOR - SAN LORENZO","cuatrigram":"GABO","nivel":"V","provincia":"SANTA FE","zona":"PZBP","rios":"RIO PARANA","telefono":"03476488863","direccion":"Sebastián Gaboto Nº 930","ciudad":"Gaboto","codigo_pos":"1157","jurisdicci":"No informada.","latitud":"32° 26' 3,471\" S","longitud":"60° 48' 38,085\" W","region":1,"frontera":" ","mail":"prefecturagaboto@gmail.com","senal":" ","frecuencia":" ","canal_comu":" ","nombre_est":" ","lat_dd":-32.4342975,"lon_dd":-60.810579169999997}},{"type":"Feature","id":148,"geometry":{"type":"Point","coordinates":[-60.643392499999948,-32.065594166999972]},"properties":{"objectid":148,"objectid_1":151,"dependenci":"DIAMANTE","cod_numer":"8241","dep_organ":"PZBP-BAJO PARANA","cuatrigram":"DIAM","nivel":"III","provincia":"ENTRE RIOS","zona":"PZBP","rios":"RIO PARANA","telefono":"03434981117","direccion":"Etchevehere Nº 239","ciudad":"Diamante","codigo_pos":"E3105","jurisdicci":"Río Paraná desde el km 570 hasta el km 512 extremo norte de la Isla del Soldado, ambas márgenes; en los tramos de jurisdicción concurrentes (km. 512 a el km. 495).","latitud":"32° 3' 56,139\" S","longitud":"60° 38' 36,213\" W","region":1,"frontera":" ","mail":"diam@prefecturanaval.gov.ar","senal":"L6M","frecuencia":"(1)156,450M(2)156,600M(3)156,700M(4)156,800M","canal_comu":"(1)09 (2)12 (3)14 (4)16","nombre_est":"Diamante Prefectura Naval Radio","lat_dd":-32.065594169999997,"lon_dd":-60.643392499999997}},{"type":"Feature","id":149,"geometry":{"type":"Point","coordinates":[-60.165301388999978,-32.631365277999976]},"properties":{"objectid":149,"objectid_1":152,"dependenci":"VICTORIA","cod_numer":"8861","dep_organ":"PZBP - BAJO PARANA","cuatrigram":"VICT","nivel":"III","provincia":"ENTRE RIOS","zona":"PZBP","rios":"RIO EL ESPINILLO","telefono":"03436421467","direccion":"Zona Portuaria S/nº","ciudad":"Victoria","codigo_pos":"E3153","jurisdicci":"No informada.","latitud":"32° 37' 52,915\" S","longitud":"60° 9' 55,085\" W","region":1,"frontera":" ","mail":"vict@prefecturanaval.gov.ar","senal":"L6L","frecuencia":"(1)156,450M(2)156,600M(3)156,700M(4)156,800M","canal_comu":"(1)09 (2)12 (3)14 (4)16","nombre_est":"Victoria Prefectura Naval Radio","lat_dd":-32.631365280000004,"lon_dd":-60.165301390000003}},{"type":"Feature","id":150,"geometry":{"type":"Point","coordinates":[-59.640054999999961,-30.734567777999928]},"properties":{"objectid":150,"objectid_1":153,"dependenci":"LA PAZ","cod_numer":"8441","dep_organ":"PZBP - BAJO PARANA","cuatrigram":"LPAZ","nivel":"III","provincia":"ENTRE RIOS","zona":"PZBP","rios":"RIO PARANA","telefono":"03437422215","direccion":"Rondeau Nº 1233","ciudad":"La Paz","codigo_pos":"E3190","jurisdicci":"Río Paraná desde su Boca Norte (km 810 del Río Paraná), hasta su confluencia con el Riacho Ignacito (altura km 800 del Río Paraná).","latitud":"30° 44' 4,444\" S","longitud":"59° 38' 24,198\" W","region":1,"frontera":" ","mail":"lpaz-contrase@prefecturanaval.gov.ar","senal":"L6S","frecuencia":"(1)156,450M(2)156,600M(3)156,700M(4)156,800M","canal_comu":"(1)09 (2)12 (3)14 (4)16","nombre_est":"La Paz Prefectura Naval Radio","lat_dd":-30.734567779999999,"lon_dd":-59.640055000000004}},{"type":"Feature","id":151,"geometry":{"type":"Point","coordinates":[-59.80005861099994,-30.95058611099995]},"properties":{"objectid":151,"objectid_1":174,"dependenci":"SANTA ELENA","cod_numer":"LPAZ - LA PAZ","dep_organ":" ","cuatrigram":"SELE","nivel":"V","provincia":"ENTRE RIOS","zona":"PZBP","rios":"RIO PARANA","telefono":"03437481247","direccion":"Zona Costanera S/nº","ciudad":"Santa Elena","codigo_pos":"E3192","jurisdicci":"No informada.","latitud":"30° 57' 2,110\" S","longitud":"59° 48' 0,211\" W","region":1,"frontera":" ","mail":" ","senal":" ","frecuencia":" ","canal_comu":" ","nombre_est":" ","lat_dd":-30.950586110000003,"lon_dd":-59.800058610000001}},{"type":"Feature","id":152,"geometry":{"type":"Point","coordinates":[-59.991464443999973,-31.227846666999937]},"properties":{"objectid":152,"objectid_1":154,"dependenci":"HERNANDARIAS","cod_numer":"8374","dep_organ":"LPAZ - LA PAZ","cuatrigram":"HERN","nivel":"V","provincia":"ENTRE RIOS","zona":"PZBP","rios":"RIO PARANA","telefono":"0343154591117","direccion":"Calle Lisandro De La Torre","ciudad":"Helvecia","codigo_pos":"E7220","jurisdicci":"No informada.","latitud":"31° 13' 40,248\" S","longitud":"59° 59' 29,272\" W","region":1,"frontera":" ","mail":"hern@prefecturanaval.gov.ar","senal":" ","frecuencia":" ","canal_comu":" ","nombre_est":" ","lat_dd":-31.227846669999998,"lon_dd":-59.991464440000001}},{"type":"Feature","id":153,"geometry":{"type":"Point","coordinates":[-60.51923527799994,-31.71947027799996]},"properties":{"objectid":153,"objectid_1":215,"dependenci":"PARANA","cod_numer":"8609","dep_organ":"PZBP - BAJO PARANA","cuatrigram":"PARA","nivel":"II","provincia":"ENTRE RIOS","zona":"PZBP","rios":"RIO PARANA","telefono":"03434310201","direccion":"Av. Costanera 1158","ciudad":"Parana","codigo_pos":"E3400","jurisdicci":"Río Paraná desde la línea imaginaria que partiendo de Puerto Piragua (km 680) se une con el Riacho el Dorado (km. 676) hasta el km. 620.","latitud":"31° 43' 10,093\" S","longitud":"60° 31' 9,247\" W","region":1,"frontera":" ","mail":"para-polinave@prefecturanaval.gov.ar","senal":"L6N","frecuencia":"(1)156,450M(2)156,600M(3)156,700M(4)156,800M","canal_comu":"(1)09 (2)12 (3)14 (4)16","nombre_est":"Paraná Prefectura Naval Radio","lat_dd":-31.719470279999999,"lon_dd":-60.519235279999997}},{"type":"Feature","id":154,"geometry":{"type":"Point","coordinates":[-59.011542777999978,-34.100160555999935]},"properties":{"objectid":154,"objectid_1":88,"dependenci":"ZARATE","cod_numer":"8889","dep_organ":"PZDE - DELTA","cuatrigram":"ZARA","nivel":"II","provincia":"BUENOS AIRES","zona":"PZDE","rios":"RIO CNEL MARTIN YRIGOYEN","telefono":"03487422733","direccion":"Apolo XI S/N Puerto","ciudad":"Zárate","codigo_pos":"2800","jurisdicci":"Río Paraná desde la desembocadura del Arroyo del Francés (km  235,5) hasta su bifurcación con el Río Paraná de las Palmas y Río Paraná ú.","latitud":"34° 6' 0,578\" S","longitud":"59° 0' 41,554\" W","region":1,"frontera":" ","mail":"zara@prefecturanaval.gov.ar","senal":"L5T","frecuencia":"156,450 Mhz - 156,600 Mhz - 156,700 Mhz - 156,800 Mhz","canal_comu":"09 - 12 - 14 - 16","nombre_est":"Zárate Prefectura Naval Radio","lat_dd":-34.100160559999999,"lon_dd":-59.011542779999999}},{"type":"Feature","id":155,"geometry":{"type":"Point","coordinates":[-58.476213055999949,-34.507072221999977]},"properties":{"objectid":155,"objectid_1":89,"dependenci":"OLIVOS","cod_numer":"8597","dep_organ":"PZDE - DELTA","cuatrigram":"OLIV","nivel":"III","provincia":"BUENOS AIRES","zona":"PZDE","rios":"RIO DE LA PLATA","telefono":"01145121021","direccion":"Pelliza y Río De La Plata -olivos","ciudad":"Olivos","codigo_pos":"1636","jurisdicci":"Río de la Plata desde la línea imaginaria que partiendo del muelle de la calle Anchorena, hasta la línea que partiendo de la Av. General Paz.","latitud":"34° 30' 25,460\" S","longitud":"58° 28' 34,367\" W","region":1,"frontera":" ","mail":"oliv@prefecturanaval.gov.ar","senal":"L5I","frecuencia":"156,450 Mhz - 156,600 Mhz - 156,700 Mhz - 156,800 Mhz","canal_comu":"09 - 12 - 14 - 16","nombre_est":"Olivos  Prefectura Naval Radio","lat_dd":-34.507072219999998,"lon_dd":-58.476213059999999}},{"type":"Feature","id":156,"geometry":{"type":"Point","coordinates":[-58.687600832999976,-34.35080499999998]},"properties":{"objectid":156,"objectid_1":90,"dependenci":"DIQUE LUJAN","cod_numer":"8244","dep_organ":"PZDE - DELTA","cuatrigram":"DLUJ","nivel":"III","provincia":"BUENOS AIRES","zona":"PZDE","rios":"RIO LUJAN","telefono":"01147281437","direccion":"Río Luján y Canal Gobernador Arias","ciudad":"Tigre","codigo_pos":"1622","jurisdicci":"Desde el Río Paraná de las Palmas hasta el Río Luján, Río Luján  desde el  Arroyo Correntino  hasta la desembocadura del  Arroyo Caraguatá Arroyo Caraguatá hasta su confluencia con el canal Ar","latitud":"34° 21' 2,898\" S","longitud":"58° 41' 15,363\" W","region":1,"frontera":" ","mail":"dluj@prefecturanaval.gov.ar","senal":"L5M (PREFECTURA TIGRE)","frecuencia":"156,450 Mhz - 156,600 Mhz - 156,700 Mhz - 156,800 Mhz","canal_comu":"09 - 12 - 14 - 16","nombre_est":"Tigre Prefectura Naval Radio","lat_dd":-34.350805000000001,"lon_dd":-58.687600830000001}},{"type":"Feature","id":157,"geometry":{"type":"Point","coordinates":[-58.57991444399994,-34.415984721999962]},"properties":{"objectid":157,"objectid_1":194,"dependenci":"ZONA DELTA","cod_numer":" ","dep_organ":" ","cuatrigram":"PZDE","nivel":"ZONA","provincia":"BUENOS AIRES","zona":"PZDE","rios":"RIO TIGRE","telefono":"01145124902","direccion":"Lavalle Nº 13","ciudad":"Tigre","codigo_pos":"1648","jurisdicci":"Río Paraná desde su confluencia con el Arroyo del Soldado (km 300,5), hasta la línea imaginaria, que partiendo de la Avenida General Paz (prolongación), pase por el km. 28,5.","latitud":"34° 24' 57,545\" S","longitud":"58° 34' 47,692\" W","region":1,"frontera":" ","mail":"pzonapzde@prefecturanaval.gov.ar","senal":"L9O","frecuencia":"156,450 Mhz - 156,600 Mhz - 156,700 Mhz - 156,800 Mhz","canal_comu":"09 - 12 - 14 - 16","nombre_est":"Delta Prefectura Naval Radio","lat_dd":-34.415984719999997,"lon_dd":-58.579914440000003}},{"type":"Feature","id":158,"geometry":{"type":"Point","coordinates":[-58.578929999999957,-34.420239443999947]},"properties":{"objectid":158,"objectid_1":91,"dependenci":"TIGRE","cod_numer":"8841","dep_organ":"PZDE - DELTA","cuatrigram":"TIGR","nivel":"II","provincia":"BUENOS AIRES","zona":"PZDE","rios":"RIO TIGRE","telefono":"01145124907","direccion":"Gral. Bartolomé Mitre Nº 165","ciudad":"Tigre","codigo_pos":"1648","jurisdicci":"Río Barca Grande, excluido éste, por su margen derecha desde su nacimiento en el Río Paraná ú hasta su confluencia con el canal Gobernador Arana.","latitud":"34° 25' 12,862\" S","longitud":"58° 34' 44,148\" W","region":1,"frontera":" ","mail":"tigr@prefecturanaval.gov.ar","senal":"L5M","frecuencia":"156,450 Mhz - 156,600 Mhz - 156,700 Mhz - 156,800 Mhz","canal_comu":"09 - 12 - 14 - 16","nombre_est":"Tigre Prefectura Naval Radio","lat_dd":-34.420239440000003,"lon_dd":-58.57893}},{"type":"Feature","id":159,"geometry":{"type":"Point","coordinates":[-58.487406666999959,-34.194595555999967]},"properties":{"objectid":159,"objectid_1":92,"dependenci":"CHANA MINI","cod_numer":"8161","dep_organ":"SFER - SAN FERNANDO","cuatrigram":"MINI","nivel":"IV","provincia":"BUENOS AIRES","zona":"PZDE","rios":"RIO PARANA MINI","telefono":"01147289134","direccion":"Río Paraná Miní y Arroyo Chaná 2° Sección Islas","ciudad":"Chana Mini","codigo_pos":"1646","jurisdicci":"No informada.","latitud":"34° 11' 40,544\" S","longitud":"58° 29' 14,664\" W","region":1,"frontera":" ","mail":" ","senal":"L5K (PREFECTURA SAN FERNANDO)","frecuencia":"156,450 Mhz - 156,600 Mhz - 156,700 Mhz - 156,800 Mhz","canal_comu":"09 - 12 - 14 - 16","nombre_est":"San Fernando Prefectura Naval Radio","lat_dd":-34.194595559999996,"lon_dd":-58.487406669999999}},{"type":"Feature","id":1,"geometry":{"type":"Point","coordinates":[-58.704293610999969,-38.57453861099998]},"properties":{"objectid":1,"objectid_1":182,"dependenci":"QUEQUEN","cod_numer":"8697","dep_organ":"PZMN - MAR ARGENTINO NORTE","cuatrigram":"QUEQ","nivel":"II","provincia":"BUENOS AIRES","zona":"PZMN","rios":"MAR ARGENTINO","telefono":"02262450514","direccion":"Calle 507 Nº 945","ciudad":"Quequén","codigo_pos":"7631","jurisdicci":"Océano Atlántico desde la margen izquierda del Arroyo la Tigra, hasta el punto formado por Lat. 38º 52’.1 s, Long. 60º 10’ w (punto ubicado a 5,5 mn al sur del faro claromecó).","latitud":"38° 34' 28,339\" S","longitud":"58° 42' 15,457\" W","region":2,"frontera":" ","mail":"queq@prefecturanaval.gov.ar","senal":"L5B","frecuencia":"(1)156.450M(2)156.600M(3)156,700M(4)156,800M","canal_comu":"(1)09 (2)12 (3)14 (4)16","nombre_est":"Quequen Prefectura Naval Radio","lat_dd":-38.574538609999998,"lon_dd":-58.704293610000001}},{"type":"Feature","id":161,"geometry":{"type":"Point","coordinates":[-58.254567777999966,-34.186921388999963]},"properties":{"objectid":161,"objectid_1":94,"dependenci":"MARTIN GARCIA","cod_numer":"8539","dep_organ":"PZDE - DELTA","cuatrigram":"MGAR","nivel":"III","provincia":"BUENOS AIRES","zona":"PZDE","rios":"RIO DE LA PLATA","telefono":"01147282816","direccion":"Gral. Gerónimo Costa S/N","ciudad":"Martin Garcia","codigo_pos":"1601","jurisdicci":"Río de la Plata Desde el punto determinado por Lat 34º 14’ 08” s y Long 58º 15’ 05” o, hasta que toque la boya verde demarcatoria del km 106,800.","latitud":"34° 11' 12,917\" S","longitud":"58° 15' 16,444\" W","region":1,"frontera":"URU","mail":"mgar@prefecturanaval.gov.ar","senal":"L5P","frecuencia":"156,450 Mhz - 156,600 Mhz - 156,700 Mhz - 156,800 Mhz","canal_comu":"09 - 12 - 14 - 16","nombre_est":"Martin Garcia Prefectura Naval Radio","lat_dd":-34.186921390000002,"lon_dd":-58.254567780000002}},{"type":"Feature","id":162,"geometry":{"type":"Point","coordinates":[-58.394915555999944,-34.014843610999947]},"properties":{"objectid":162,"objectid_1":95,"dependenci":"GUAZU GUAZUCITO","cod_numer":"8367","dep_organ":"PZDE - DELTA","cuatrigram":"GUAZ","nivel":"III","provincia":"BUENOS AIRES","zona":"PZDE","rios":"RIO PARANA U","telefono":"01147282879","direccion":"Km.124,7 Domicilio Postal Lavalle Nº 13","ciudad":"San Fernando","codigo_pos":"1648","jurisdicci":"Río de la Plata desde la línea imaginaria que une la margen derecha de la desembocadura del Río Barca grande en el Río de la Plata, hasta el km 0 del Río Uruguay.","latitud":"34° 0' 53,437\" S","longitud":"58° 23' 41,696\" W","region":1,"frontera":"URU","mail":"@prefecturanaval.gov.ar","senal":"L5U","frecuencia":"156,450 Mhz - 156,600 Mhz - 156,700 Mhz - 156,800 Mhz","canal_comu":"09 - 12 - 14 - 16","nombre_est":"Guazú Guazucito Prefectura Naval Radio","lat_dd":-34.01484361,"lon_dd":-58.394915560000001}},{"type":"Feature","id":163,"geometry":{"type":"Point","coordinates":[-58.485906110999963,-33.894954721999966]},"properties":{"objectid":163,"objectid_1":96,"dependenci":"LA PALOMA","cod_numer":" ","dep_organ":" ","cuatrigram":"LPAL","nivel":"V","provincia":"ENTRE RIOS","zona":"PZDE","rios":"RIO PARANA U","telefono":" ","direccion":"Av. Santos Domingo","ciudad":"La Paloma","codigo_pos":"E1404","jurisdicci":"No informada.","latitud":"33° 53' 41,837\" S","longitud":"58° 29' 9,262\" W","region":1,"frontera":" ","mail":" ","senal":"L5U (PREFECTURA GUAZU GUAZUCITO)","frecuencia":"156,450 Mhz - 156,600 Mhz - 156,700 Mhz - 156,800 Mhz","canal_comu":"09 - 12 - 14 - 16","nombre_est":"Guazú Guazucito Prefectura Naval Radio","lat_dd":-33.894954720000001,"lon_dd":-58.485906110000002}},{"type":"Feature","id":164,"geometry":{"type":"Point","coordinates":[-58.656133610999973,-33.716112221999936]},"properties":{"objectid":164,"objectid_1":208,"dependenci":"PARANACITO","cod_numer":"8611","dep_organ":"PZBU - BAJO URUGUAY","cuatrigram":"PRTO","nivel":"III","provincia":"ENTRE RIOS","zona":"PZBU","rios":"RIO PARANACITO","telefono":"03446495251","direccion":"La Alameda Nº 35","ciudad":"Villa Paranacito","codigo_pos":"E2823","jurisdicci":"Desde el paralelo que pasa por el km 43,6 hasta la boya del km 0 (paralelo punta gorda), excluidas aguas jurisdiccionales de la república oriental del Uruguay.","latitud":"33° 42' 58,004\" S","longitud":"58° 39' 22,081\" W","region":0,"frontera":"URU","mail":"prto@prefecturanaval.gov.ar","senal":"L5Z","frecuencia":"(1)156,450M(2)156,600M(3)156,700M(4)156,800M","canal_comu":"(1)09 (2)12 (3)14 (4)16","nombre_est":"Paranacito Prefectura Naval Radio","lat_dd":-33.716112219999999,"lon_dd":-58.656133610000005}},{"type":"Feature","id":165,"geometry":{"type":"Point","coordinates":[-58.50602555599994,-34.459089721999931]},"properties":{"objectid":165,"objectid_1":97,"dependenci":"SAN ISIDRO","cod_numer":"8781","dep_organ":"PZDE - DELTA","cuatrigram":"SISI","nivel":"II","provincia":"BUENOS AIRES","zona":"PZDE","rios":"RIO LUJAN","telefono":"01141321503","direccion":"Av. Mitre Nº 1385","ciudad":"San Isidro","codigo_pos":"1641","jurisdicci":"Desde la línea imaginaria que une el muelle Anchorena con el km. 106,800 del canal Martin García (ex canal del infierno) hasta el punto determinado por Lat 034º 14’ 08”S y Long 58º 15.","latitud":"34° 27' 32,723\" S","longitud":"58° 30' 21,692\" W","region":1,"frontera":" ","mail":"sisi@prefecturanaval.gov.ar","senal":"L5J","frecuencia":"156,450 Mhz - 156,600 Mhz - 156,700 Mhz - 156,800 Mhz","canal_comu":"09 - 12 - 14 - 16","nombre_est":"San Isidro Prefectura Naval Radio","lat_dd":-34.459089720000001,"lon_dd":-58.506025559999998}},{"type":"Feature","id":166,"geometry":{"type":"Point","coordinates":[-58.48524638899994,-34.335638055999937]},"properties":{"objectid":166,"objectid_1":98,"dependenci":"CABO PRIMERO LUIS BRAGA","cod_numer":"8115","dep_organ":"SISI - SAN ISIDRO","cuatrigram":"CILB","nivel":"V","provincia":"BUENOS AIRES","zona":"PZDE","rios":"RIO PARANA DE LAS PALMAS","telefono":"01147281725","direccion":"1º Sección de Islas del Delta","ciudad":"Escobar","codigo_pos":"1643","jurisdicci":"No informada.","latitud":"34° 20' 8,297\" S","longitud":"58° 29' 6,887\" W","region":1,"frontera":" ","mail":" ","senal":"L5L","frecuencia":"156,625 Mhz - 156,800 Mhz","canal_comu":"72 - 16","nombre_est":"Braga Prefectura Naval Radio","lat_dd":-34.335638060000001,"lon_dd":-58.48524639}},{"type":"Feature","id":167,"geometry":{"type":"Point","coordinates":[-58.908548055999972,-33.879353332999983]},"properties":{"objectid":167,"objectid_1":99,"dependenci":"BRAZO LARGO","cod_numer":"8101","dep_organ":"ZARA - ZARATE","cuatrigram":"BRLG","nivel":"V","provincia":"ENTRE RIOS","zona":"PZDE","rios":"ARROYO BRAZO LARGO","telefono":"0111541596385","direccion":"Ruta N° 12","ciudad":"Ibicuy","codigo_pos":"E1647","jurisdicci":"No informada.","latitud":"33° 52' 45,672\" S","longitud":"58° 54' 30,773\" W","region":1,"frontera":" ","mail":"prefecturabrazolargo@yahoo.com.ar","senal":"L5T (PREFECTURA ZARATE)","frecuencia":"156,450 Mhz - 156,600 Mhz - 156,700 Mhz - 156,800 Mhz","canal_comu":"09 - 12 - 14 - 16","nombre_est":"Zárate Prefectura Naval Radio","lat_dd":-33.879353330000001,"lon_dd":-58.908548060000001}},{"type":"Feature","id":168,"geometry":{"type":"Point","coordinates":[-59.178658888999962,-33.755491388999928]},"properties":{"objectid":168,"objectid_1":100,"dependenci":"IBICUY","cod_numer":"8381","dep_organ":"ZARA - ZARATE","cuatrigram":"IBIC","nivel":"IV","provincia":"ENTRE RIOS","zona":"PZDE","rios":"RIO IBICUY","telefono":"03446498064","direccion":"Zona Portuaria","ciudad":"Ibicuy","codigo_pos":"E2846","jurisdicci":"Desde el km 276, desembocadura del Arroyo del Tala (incluido éste), hasta el km 212 del mismo curso de agua, Río Paraná ú, desde el km 212 hasta el km 195.","latitud":"33° 45' 19,769\" S","longitud":"59° 10' 43,172\" W","region":1,"frontera":" ","mail":"ibic@prefecturanaval.gov.ar","senal":"L6D","frecuencia":"156,450 Mhz - 156,600 Mhz - 156,700 Mhz - 156,800 Mhz","canal_comu":"09 - 12 - 14 - 16","nombre_est":"Ibicuy Prefectura Naval Radio","lat_dd":-33.755491390000003,"lon_dd":-59.178658890000001}},{"type":"Feature","id":170,"geometry":{"type":"Point","coordinates":[-59.663640277999946,-33.675013332999981]},"properties":{"objectid":170,"objectid_1":213,"dependenci":"SAN PEDRO","cod_numer":"8797","dep_organ":"PZDE - DELTA","cuatrigram":"SPED","nivel":"III","provincia":"BUENOS AIRES","zona":"PZDE","rios":"RIO PARANA","telefono":"03329422324","direccion":"25 De Mayo Nº 268","ciudad":"San Pedro","codigo_pos":"2930","jurisdicci":"Río Paraná desde su confluencia con el Arroyo del soldado (km 300,5), hasta el km. 235,5 Riachos dos de oro, tabaquero y Río Baradero en toda su extensión, Riachos  Pinto y Romero.","latitud":"33° 40' 30,048\" S","longitud":"59° 39' 49,105\" W","region":1,"frontera":" ","mail":"sped@prefecturanaval.gov.ar","senal":"L6E","frecuencia":"156,450 Mhz - 156,600 Mhz - 156,700 Mhz - 156,800 Mhz","canal_comu":"09 - 12 - 14 - 16","nombre_est":"San Pedro Prefectura Naval Radio","lat_dd":-33.675013329999999,"lon_dd":-59.663640280000003}},{"type":"Feature","id":171,"geometry":{"type":"Point","coordinates":[-59.499858888999938,-33.798826666999958]},"properties":{"objectid":171,"objectid_1":102,"dependenci":"BARADERO","cod_numer":"8064","dep_organ":"SPED - SAN PEDRO","cuatrigram":"BARA","nivel":"IV","provincia":"BUENOS AIRES","zona":"PZDE","rios":"RIO PARANA","telefono":"03329480205","direccion":"Almirante Brown 251","ciudad":"Baradero","codigo_pos":"2942","jurisdicci":"Río Paraná desde el km 42,5 (altura Arroyo Benavidez) hasta su desembocadura en el Río Paraná de las Palmas - excluido éste.","latitud":"33° 47' 55,776\" S","longitud":"59° 29' 59,492\" W","region":1,"frontera":" ","mail":"bara@prefecturanaval.gov.ar","senal":"L6E (PREFECTURA SAN PEDRO)","frecuencia":"156,450 Mhz - 156,600 Mhz - 156,700 Mhz - 156,800 Mhz","canal_comu":"09 - 12 - 14 - 16","nombre_est":"San Pedro Prefectura Naval Radio","lat_dd":-33.798826669999997,"lon_dd":-59.499858889999999}},{"type":"Feature","id":12,"geometry":{"type":"Point","coordinates":[-65.035357221999959,-42.76215499999995]},"properties":{"objectid":12,"objectid_1":70,"dependenci":"PUERTO MADRYN","cod_numer":"8489","dep_organ":"PZMN - MAR ARGENTINO NORTE","cuatrigram":"MADR","nivel":"I","provincia":"CHUBUT","zona":"PZMN","rios":"MAR ARGENTINO","telefono":"02804451603","direccion":"Martín J. Thompson Nº 47","ciudad":"Puerto Madryn","codigo_pos":"9120","jurisdicci":"Océano Atlántico desde derecha del Arroyo Verde, límite interprovincial entre Río Negro y Chubut (Lat. 41º 59´s, Long. 65º 03´w), hasta Punta León (Lat.43º 04´ s, Log 64º25´w carta h-2).","latitud":"42° 45' 43,758\" S","longitud":"65° 2' 7,286\" W","region":2,"frontera":" ","mail":"madr@prefecturanaval.gov.ar","senal":"L4S","frecuencia":"(1)156.450M(2)156.600M(3)156,700M(4)156,800M","canal_comu":"(1)09 (2)12 (3)14 (4)16","nombre_est":"Puerto Madryn Prefectura Naval Radio","lat_dd":-42.762155,"lon_dd":-65.035357220000009}},{"type":"Feature","id":174,"geometry":{"type":"Point","coordinates":[-55.16566611099995,-26.96133055599995]},"properties":{"objectid":174,"objectid_1":105,"dependenci":"PUERTO LEONI","cod_numer":"8551","dep_organ":"LIBE - LIBERTADOR GENERAL SAN MARTIN","cuatrigram":"PULE","nivel":"IV","provincia":"MISIONES","zona":"PZAP","rios":"RIO PARANA","telefono":" ","direccion":"Calle S/nomb S/n","ciudad":"Puerto Leoni","codigo_pos":"N3328","jurisdicci":"No informada.","latitud":"26° 57' 40,790\" S","longitud":"55° 9' 56,398\" W","region":0,"frontera":"PAR","mail":" ","senal":" ","frecuencia":" ","canal_comu":" ","nombre_est":" ","lat_dd":-26.96133056,"lon_dd":-55.165666109999997}},{"type":"Feature","id":176,"geometry":{"type":"Point","coordinates":[-53.994977221999932,-25.591569443999958]},"properties":{"objectid":176,"objectid_1":107,"dependenci":"PUERTO ANDRESITO","cod_numer":"8015","dep_organ":"IGUA - IGUAZU","cuatrigram":"PAND","nivel":"V","provincia":"MISIONES","zona":"PZAP","rios":"RIO IU","telefono":" ","direccion":"San Martín Nº 1680","ciudad":"Comandante Andresito","codigo_pos":"N3364","jurisdicci":"No informada.","latitud":"25° 35' 29,650\" S","longitud":"53° 59' 41,918\" W","region":0,"frontera":" ","mail":" ","senal":" ","frecuencia":" ","canal_comu":" ","nombre_est":" ","lat_dd":-25.591569440000001,"lon_dd":-53.994977220000003}},{"type":"Feature","id":177,"geometry":{"type":"Point","coordinates":[-54.604429166999978,-25.966494443999977]},"properties":{"objectid":177,"objectid_1":108,"dependenci":"WANDA","cod_numer":"8468","dep_organ":"PULI - PUERTO LIBERTAD","cuatrigram":"WAND","nivel":"V","provincia":"MISIONES","zona":"PZAP","rios":"RIO PARANA","telefono":"03757477030","direccion":"Ruta 19 S/nº (zona Portuaria)","ciudad":"Wanda","codigo_pos":"N3376","jurisdicci":"No informada.","latitud":"25° 57' 59,380\" S","longitud":"54° 36' 15,945\" W","region":0,"frontera":"PAR","mail":"comunicacioneswanda@gmail.com","senal":" ","frecuencia":" ","canal_comu":" ","nombre_est":" ","lat_dd":-25.966494440000002,"lon_dd":-54.604429169999996}},{"type":"Feature","id":178,"geometry":{"type":"Point","coordinates":[-54.619010832999948,-25.913762221999946]},"properties":{"objectid":178,"objectid_1":109,"dependenci":"PUERTO LIBERTAD","cod_numer":" ","dep_organ":" ","cuatrigram":"PULI","nivel":"III","provincia":"MISIONES","zona":"PZAP","rios":"RIO PARANA","telefono":"03757496200","direccion":"Av. Fundadores Bemberg S/nº","ciudad":"Puerto Libertad","codigo_pos":"N3334","jurisdicci":"Río Paraná desde la margen derecha del Arroyo Urugua-í (km 1.880) hasta el  Arroyo Aguaray-ú (km. 1.840,2).","latitud":"25° 54' 49,544\" S","longitud":"54° 37' 8,439\" W","region":0,"frontera":"PAR","mail":"puli@prefecturanaval.gov.ar","senal":" ","frecuencia":" ","canal_comu":" ","nombre_est":" ","lat_dd":-25.913762219999999,"lon_dd":-54.619010830000001}},{"type":"Feature","id":179,"geometry":{"type":"Point","coordinates":[-58.163089166999953,-26.182073332999948]},"properties":{"objectid":179,"objectid_1":210,"dependenci":"FORMOSA","cod_numer":"8299","dep_organ":"PZPP - PARANA SUPERIOR Y PARAGUAY","cuatrigram":"FORM","nivel":"II","provincia":"FORMOSA","zona":"PZPP","rios":"RIO PARAGUAY","telefono":"03704430811","direccion":"Av. 25 De Mayo Y Ribera","ciudad":"Formosa","codigo_pos":"P3600","jurisdicci":"Río Paraguay desde km 291 hasta la desembocadura del Río Bermejo (km 82).","latitud":"26° 10' 55,464\" S","longitud":"58° 9' 47,121\" W","region":0,"frontera":"PAR","mail":"form@prefecturanaval.gov.ar","senal":"L8I","frecuencia":"(1)156,450M(2)156,600M(3)156,700M(4)156,800M","canal_comu":"(1)09 (2)12 (3)14 (4)16","nombre_est":"Formosa Prefectura Naval Radio","lat_dd":-26.182073329999998,"lon_dd":-58.163089169999999}},{"type":"Feature","id":180,"geometry":{"type":"Point","coordinates":[-57.568383055999959,-25.451971943999979]},"properties":{"objectid":180,"objectid_1":110,"dependenci":"BOUVIER","cod_numer":"8097","dep_organ":"PILC - PILCOMAYO","cuatrigram":"BOUV","nivel":"V","provincia":"FORMOSA","zona":"PZPP","rios":"RIO PARAGUAY","telefono":" ","direccion":"Formosa","ciudad":"Bouvier","codigo_pos":"P3600","jurisdicci":"No informada.","latitud":"25° 27' 7,099\" S","longitud":"57° 34' 6,179\" W","region":0,"frontera":" ","mail":" ","senal":" ","frecuencia":" ","canal_comu":" ","nombre_est":" ","lat_dd":-25.45197194,"lon_dd":-57.568383060000002}},{"type":"Feature","id":181,"geometry":{"type":"Point","coordinates":[-57.873854721999976,-25.874592777999965]},"properties":{"objectid":181,"objectid_1":111,"dependenci":"DALMACIA","cod_numer":"8231","dep_organ":"FORM - FORMOSA","cuatrigram":"DCIA","nivel":"V","provincia":"FORMOSA","zona":"PZPP","rios":"RIO PARAGUAY","telefono":" ","direccion":"Av. Costanera Gral. San Martín Nº 1158","ciudad":"Dalmacia","codigo_pos":"P3600","jurisdicci":"No informada.","latitud":"25° 52' 28,534\" S","longitud":"57° 52' 25,877\" W","region":0,"frontera":" ","mail":" ","senal":" ","frecuencia":" ","canal_comu":" ","nombre_est":" ","lat_dd":-25.87459278,"lon_dd":-57.873854720000004}},{"type":"Feature","id":182,"geometry":{"type":"Point","coordinates":[-58.006659999999954,-27.272489999999948]},"properties":{"objectid":182,"objectid_1":112,"dependenci":"PUERTO CORAZON","cod_numer":"8217","dep_organ":"ITAT - ITATI","cuatrigram":"PUCZ","nivel":"V","provincia":"CORRIENTES","zona":"PZPP","rios":"RIO PARANA","telefono":" ","direccion":"25 De Mayo Y Roque González De Santa Cruz","ciudad":"Puerto Corazon","codigo_pos":"W6120","jurisdicci":"No informada.","latitud":"27° 16' 20,964\" S","longitud":"58° 0' 23,976\" W","region":0,"frontera":" ","mail":" ","senal":" ","frecuencia":" ","canal_comu":" ","nombre_est":" ","lat_dd":-27.272490000000001,"lon_dd":-58.006659999999997}},{"type":"Feature","id":183,"geometry":{"type":"Point","coordinates":[-58.576930555999979,-27.315867221999952]},"properties":{"objectid":183,"objectid_1":195,"dependenci":"PASO DE LA PATRIA","cod_numer":"8617","dep_organ":"PZPP - PARANA SUPERIOR Y PARAGUAY","cuatrigram":"PPAT","nivel":"III","provincia":"CORRIENTES","zona":"PZPP","rios":"RIO PARANA","telefono":"03794494005","direccion":"25 De Mayo Nº 719","ciudad":"Paso De La Patria","codigo_pos":"W3409","jurisdicci":"Río Paraná desde Punta Yaguarí (km 1268), hasta el km 1225. En los tramos de jurisdicción concurrentes (km 1240 al 1225), contando de la línea del Thalweg del canal principal de navegación.","latitud":"27° 18' 57,122\" S","longitud":"58° 34' 36,950\" W","region":0,"frontera":"PAR","mail":"ppat@prefecturanaval.gov.ar","senal":"L7A","frecuencia":"(1)156,450M(2)156,600M(3)156,700M(4)156,800M","canal_comu":"(1)09 (2)12 (3)14 (4)16","nombre_est":"Paso de la Patria Prefectura Naval Radio","lat_dd":-27.315867219999998,"lon_dd":-58.576930560000001}},{"type":"Feature","id":184,"geometry":{"type":"Point","coordinates":[-58.420280555999966,-27.291774999999973]},"properties":{"objectid":184,"objectid_1":113,"dependenci":"PUERTO GONZALEZ","cod_numer":"8327","dep_organ":"PPAT - PASO DE LA PATRIA","cuatrigram":"PUGO","nivel":"V","provincia":"CORRIENTES","zona":"PZPP","rios":"RIO PARANA","telefono":" ","direccion":"Aba  Puerto Gonzalez","ciudad":"Puerto Gonzales","codigo_pos":"W3414","jurisdicci":"No informada.","latitud":"27° 17' 30,390\" S","longitud":"58° 25' 13,010\" W","region":0,"frontera":" ","mail":" ","senal":" ","frecuencia":" ","canal_comu":" ","nombre_est":" ","lat_dd":-27.291774999999998,"lon_dd":-58.420280560000002}},{"type":"Feature","id":185,"geometry":{"type":"Point","coordinates":[-58.924366666999958,-27.487618332999944]},"properties":{"objectid":185,"objectid_1":218,"dependenci":"BARRANQUERAS","cod_numer":"8074","dep_organ":"PZPP - PARANA SUPERIOR Y PARAGUAY","cuatrigram":"BARR","nivel":"II","provincia":"CHACO","zona":"PZPP","rios":"RIO PARANA","telefono":"03624480017","direccion":"Av. Río Paraná Nº 1005","ciudad":"Barranqueras","codigo_pos":"3503","jurisdicci":"Río Paraguay desde la desembocadura del Río Bermejo (km 82), límite interprovincial entre Chaco y Formosa, hasta el km 0 , desembocadura en el Río Paraná.","latitud":"27° 29' 15,426\" S","longitud":"58° 55' 27,720\" W","region":0,"frontera":" ","mail":"barr@prefecturanaval.gov.ar","senal":"L6Z","frecuencia":"(1)156,450M(2)156,600M(3)156,700M(4)156,800M","canal_comu":"(1)09 (2)12 (3)14 (4)16","nombre_est":"Barranqueras Prefectura Naval Radio","lat_dd":-27.48761833,"lon_dd":-58.924366670000005}},{"type":"Feature","id":186,"geometry":{"type":"Point","coordinates":[-56.00452805599997,-27.354108888999974]},"properties":{"objectid":186,"objectid_1":13,"dependenci":"OFICIAL NEMESIO PARMA","cod_numer":"8591","dep_organ":"POSA - POSADAS","cuatrigram":"OFNP","nivel":"V","provincia":"MISIONES","zona":"PZAP","rios":"RIO PARANA","telefono":"03764775918","direccion":"Av. Blas Parera S/n°","ciudad":"Posadas","codigo_pos":"N3300","jurisdicci":"No informada.","latitud":"27° 21' 14,792\" S","longitud":"56° 0' 16,301\" W","region":0,"frontera":" ","mail":" ","senal":" ","frecuencia":" ","canal_comu":" ","nombre_est":" ","lat_dd":-27.354108889999999,"lon_dd":-56.004528059999998}},{"type":"Feature","id":188,"geometry":{"type":"Point","coordinates":[-55.914339999999982,-27.354529166999953]},"properties":{"objectid":188,"objectid_1":155,"dependenci":"ZONA ALTO PARANA","cod_numer":" ","dep_organ":" ","cuatrigram":"PZAP","nivel":"ZONA","provincia":"MISIONES","zona":"PZAP","rios":"RIO PARANA","telefono":"03764402246","direccion":"Calle Malvinas Argentina Y Combate Mborore","ciudad":"Posadas","codigo_pos":"N3300","jurisdicci":"Río Paraná desde el km 1.927 hasta el km 1.330, (Puerto Tuyutí); Río Iú, desde el km 133 (confluencia con el Río San Antonio) hasta su desembocadura en el Río Paraná.","latitud":"27° 21' 16,305\" S","longitud":"55° 54' 51,624\" W","region":0,"frontera":" ","mail":"pzonapzap@prefecturanaval.gov.ar","senal":" ","frecuencia":" ","canal_comu":" ","nombre_est":" ","lat_dd":-27.354529170000003,"lon_dd":-55.914339999999996}},{"type":"Feature","id":189,"geometry":{"type":"Point","coordinates":[-55.743351666999956,-27.449213055999962]},"properties":{"objectid":189,"objectid_1":156,"dependenci":"CANDELARIA","cod_numer":"8139","dep_organ":"SANA - SANTA ANA","cuatrigram":"CAND","nivel":"V","provincia":"MISIONES","zona":"PZAP","rios":"RIO PARANA","telefono":"03764590891","direccion":"Av. Roque González De Santa Cruz S/nº","ciudad":"Candelaria","codigo_pos":"N3308","jurisdicci":"No informada.","latitud":"27° 26' 57,167\" S","longitud":"55° 44' 36,066\" W","region":0,"frontera":"PAR","mail":" ","senal":" ","frecuencia":" ","canal_comu":" ","nombre_est":" ","lat_dd":-27.449213060000002,"lon_dd":-55.743351669999996}},{"type":"Feature","id":191,"geometry":{"type":"Point","coordinates":[-55.567255832999933,-27.257099443999948]},"properties":{"objectid":191,"objectid_1":209,"dependenci":"SAN IGNACIO","cod_numer":"8779","dep_organ":"SANA - SANTA ANA","cuatrigram":"SIGN","nivel":"V","provincia":"MISIONES","zona":"PZAP","rios":"RIO PARANA","telefono":" ","direccion":"San Matin S/n°","ciudad":"San Ignacio","codigo_pos":"W3322","jurisdicci":"No informada.","latitud":"27° 15' 25,558\" S","longitud":"55° 34' 2,121\" W","region":0,"frontera":"PAR","mail":" ","senal":" ","frecuencia":" ","canal_comu":" ","nombre_est":" ","lat_dd":-27.257099440000001,"lon_dd":-55.567255830000001}},{"type":"Feature","id":193,"geometry":{"type":"Point","coordinates":[-55.328404166999974,-26.965756388999978]},"properties":{"objectid":193,"objectid_1":159,"dependenci":"PUERTO POLANA","cod_numer":"8674","dep_organ":"MANI - PUERTO MANI","cuatrigram":"POLA","nivel":"V","provincia":"MISIONES","zona":"PZAP","rios":"RIO PARANA","telefono":" ","direccion":"Yepeu S/n°","ciudad":"Oasis","codigo_pos":"W3370","jurisdicci":"No informada.","latitud":"26° 57' 56,723\" S","longitud":"55° 19' 42,255\" W","region":0,"frontera":" ","mail":" ","senal":" ","frecuencia":" ","canal_comu":" ","nombre_est":" ","lat_dd":-26.965756389999999,"lon_dd":-55.328404169999999}},{"type":"Feature","id":194,"geometry":{"type":"Point","coordinates":[-55.251125555999977,-26.941908610999974]},"properties":{"objectid":194,"objectid_1":160,"dependenci":"PUERTO OASIS","cod_numer":"8585","dep_organ":"MANI - PUERTO MANI","cuatrigram":"OASI","nivel":"V","provincia":"MISIONES","zona":"PZAP","rios":"RIO PARANA","telefono":" ","direccion":"Managua 3070","ciudad":"Colonia Oasis","codigo_pos":"W3381","jurisdicci":"No informada.","latitud":"26° 56' 30,871\" S","longitud":"55° 15' 4,052\" W","region":0,"frontera":"PAR","mail":" ","senal":" ","frecuencia":" ","canal_comu":" ","nombre_est":" ","lat_dd":-26.941908609999999,"lon_dd":-55.251125559999998}},{"type":"Feature","id":195,"geometry":{"type":"Point","coordinates":[-57.333353332999934,-27.422950832999959]},"properties":{"objectid":195,"objectid_1":161,"dependenci":"ITA IBATE","cod_numer":"8411","dep_organ":"PZAP - ALTO PARANA","cuatrigram":"ITAE","nivel":"III","provincia":"CORRIENTES","zona":"PZAP","rios":"RIO PARANA","telefono":"03781495012","direccion":"Islas Malvinas Y Sarmiento Nº 698","ciudad":"Ita Ibate","codigo_pos":"W3480","jurisdicci":"Río Paraná desde el extremo Oeste de la Isla Apipé Grande y Laguna Sirena (km 1.410), hasta el Puerto Tuyutí, extremo sur de la Isla Caygue (km 1.330).","latitud":"27° 25' 22,623\" S","longitud":"57° 20' 0,072\" W","region":0,"frontera":"PAR","mail":"itae@prefecturanaval.gov.ar","senal":"L7G","frecuencia":"(1)156,450M(2)156,600M(3)156,700M(4)156,800M","canal_comu":"(1)09 (2)12 (3)14 (4)16","nombre_est":"Ita Ibate Prefectura Naval Radio","lat_dd":-27.422950829999998,"lon_dd":-57.333353330000001}},{"type":"Feature","id":196,"geometry":{"type":"Point","coordinates":[-57.644807499999956,-27.38080999999994]},"properties":{"objectid":196,"objectid_1":162,"dependenci":"YAHAPE","cod_numer":"8877","dep_organ":"ITAE - ITA IBATE","cuatrigram":"YHPE","nivel":"V","provincia":"CORRIENTES","zona":"PZAP","rios":"RIO PARANA","telefono":" ","direccion":"Yahape S/n°","ciudad":"Yahape","codigo_pos":"W3412","jurisdicci":"No informada.","latitud":"27° 22' 50,916\" S","longitud":"57° 38' 41,307\" W","region":0,"frontera":"PAR","mail":" ","senal":" ","frecuencia":" ","canal_comu":" ","nombre_est":" ","lat_dd":-27.38081,"lon_dd":-57.644807500000006}},{"type":"Feature","id":197,"geometry":{"type":"Point","coordinates":[-56.692424999999957,-27.586668610999936]},"properties":{"objectid":197,"objectid_1":163,"dependenci":"ITUZAINGO","cod_numer":"8417","dep_organ":"PZAP - ALTO PARANA","cuatrigram":"ITUZ","nivel":"III","provincia":"CORRIENTES","zona":"PZAP","rios":"RIO PARANA","telefono":"03786420025","direccion":"Bernardino Valle Y Centenario","ciudad":"Ituzaingo","codigo_pos":"W3302","jurisdicci":"Río Paraná desde el km 1.528, hasta el extremo oeste de la Isla Apipé Grande y Laguna Sirena (km 1.410).","latitud":"27° 35' 12,007\" S","longitud":"56° 41' 32,730\" W","region":0,"frontera":"PAR","mail":"ituz@prefecturanaval.gov.ar","senal":"L7J","frecuencia":"(1)156,450M(2)156,600M(3)156,700M(4)156,800M","canal_comu":"(1)09 (2)12 (3)14 (4)16","nombre_est":"Ituzango Prefectura Naval Radio","lat_dd":-27.58666861,"lon_dd":-56.692425}},{"type":"Feature","id":198,"geometry":{"type":"Point","coordinates":[-56.741105832999949,-27.504824721999967]},"properties":{"objectid":198,"objectid_1":164,"dependenci":"SAN ANTONIO DE APIPE","cod_numer":"8764","dep_organ":"ITUZ - ITUZAINGO","cuatrigram":"SAPI","nivel":"V","provincia":"CORRIENTES","zona":"PZAP","rios":"RIO PARANA","telefono":" ","direccion":"Bernardino Valle Y Centenario","ciudad":"Ituzaingo","codigo_pos":"W3302","jurisdicci":"No informada.","latitud":"27° 30' 17,369\" S","longitud":"56° 44' 27,981\" W","region":0,"frontera":"PAR","mail":" ","senal":" ","frecuencia":" ","canal_comu":" ","nombre_est":" ","lat_dd":-27.504824719999998,"lon_dd":-56.741105830000002}},{"type":"Feature","id":199,"geometry":{"type":"Point","coordinates":[-56.373114721999968,-27.608057221999957]},"properties":{"objectid":199,"objectid_1":196,"dependenci":"GARAPE","cod_numer":"8309","dep_organ":"ITUZ - ITUZAINGO","cuatrigram":"GAPE","nivel":"V","provincia":"CORRIENTES","zona":"PZAP","rios":"RIO PARANA","telefono":" ","direccion":"Ruta N° 12 Puerto Valle","ciudad":"Puerto Valle","codigo_pos":"W3302","jurisdicci":"No informada.","latitud":"27° 36' 29,006\" S","longitud":"56° 22' 23,213\" W","region":0,"frontera":" ","mail":" ","senal":" ","frecuencia":" ","canal_comu":" ","nombre_est":" ","lat_dd":-27.608057219999999,"lon_dd":-56.373114720000004}},{"type":"Feature","id":200,"geometry":{"type":"Point","coordinates":[-56.994728610999971,-27.467779721999932]},"properties":{"objectid":200,"objectid_1":165,"dependenci":"VIZCAINO","cod_numer":"8869","dep_organ":"ITUZ - ITUZAINGO","cuatrigram":"VIZC","nivel":"V","provincia":"CORRIENTES","zona":"PZAP","rios":"RIO PARANA","telefono":" ","direccion":"Sarmiento 716","ciudad":"Isla Apipe","codigo_pos":"W3230","jurisdicci":"No informada.","latitud":"27° 28' 4,007\" S","longitud":"56° 59' 41,023\" W","region":0,"frontera":" ","mail":" ","senal":" ","frecuencia":" ","canal_comu":" ","nombre_est":" ","lat_dd":-27.467779719999999,"lon_dd":-56.994728610000003}},{"type":"Feature","id":201,"geometry":{"type":"Point","coordinates":[-54.965158888999952,-26.791411666999977]},"properties":{"objectid":201,"objectid_1":166,"dependenci":"GARUHAPE","cod_numer":"8314","dep_organ":"LIBE- LIBERTADOR GENERAL SAN MARTIN","cuatrigram":"GARU","nivel":"V","provincia":"MISIONES","zona":"PZAP","rios":"RIO PARANA","telefono":" ","direccion":"Av. San Martín S/nº","ciudad":"Garuhapé","codigo_pos":"W3349","jurisdicci":"No informada.","latitud":"26° 47' 29,082\" S","longitud":"54° 57' 54,572\" W","region":0,"frontera":"PAR","mail":" ","senal":" ","frecuencia":" ","canal_comu":" ","nombre_est":" ","lat_dd":-26.791411669999999,"lon_dd":-54.965158889999998}},{"type":"Feature","id":202,"geometry":{"type":"Point","coordinates":[-54.916839166999978,-26.672097777999966]},"properties":{"objectid":202,"objectid_1":167,"dependenci":"PUERTO PESCADOR","cod_numer":"8470","dep_organ":"LIBE - LIBERTADOR GENERAL SAN MARTIN","cuatrigram":"PUPE","nivel":"V","provincia":"MISIONES","zona":"PZAP","rios":"RIO PARANA","telefono":" ","direccion":"Continuación Av. Paraguay S/nº","ciudad":"Montecarlo","codigo_pos":"W3374","jurisdicci":"No informada.","latitud":"26° 40' 19,552\" S","longitud":"54° 55' 0,621\" W","region":0,"frontera":" ","mail":" ","senal":" ","frecuencia":" ","canal_comu":" ","nombre_est":" ","lat_dd":-26.672097780000001,"lon_dd":-54.916839170000003}},{"type":"Feature","id":203,"geometry":{"type":"Point","coordinates":[-55.134822499999984,-26.862999721999984]},"properties":{"objectid":203,"objectid_1":168,"dependenci":"ORO VERDE","cod_numer":"8602","dep_organ":"LIBE - LIBERTADOR GENERAL SAN MARTIN","cuatrigram":"ORVE","nivel":"V","provincia":"MISIONES","zona":"PZAP","rios":"RIO PARANA","telefono":" ","direccion":"Av San Martin 1803","ciudad":"Oro Verde","codigo_pos":"W3380","jurisdicci":"No informada.","latitud":"26° 51' 46,799\" S","longitud":"55° 8' 5,361\" W","region":0,"frontera":" ","mail":" ","senal":" ","frecuencia":" ","canal_comu":" ","nombre_est":" ","lat_dd":-26.862999720000001,"lon_dd":-55.134822499999999}},{"type":"Feature","id":204,"geometry":{"type":"Point","coordinates":[-55.024246388999984,-26.793259999999975]},"properties":{"objectid":204,"objectid_1":170,"dependenci":"LIBERTADOR GRAL. SAN MARTIN","cod_numer":"8469","dep_organ":"PZAP - ALTO PARANA","cuatrigram":"LIBE","nivel":"III","provincia":"MISIONES","zona":"PZAP","rios":"RIO PARANA","telefono":"03743420596","direccion":"San Martín Nº 38","ciudad":"Puerto Rico","codigo_pos":"N3334","jurisdicci":"Río Paraná desde confluencia Arroyo Ita Curuzú (km. 1.777); hasta la margen izquierda del Arroyo Tabay (km 1.708).","latitud":"26° 47' 35,736\" S","longitud":"55° 1' 27,287\" W","region":0,"frontera":" ","mail":"libe@prefecturanaval.gov.ar","senal":"L7U","frecuencia":"(1)156,450M(2)156,600M(3)156,700M(4)156,800M","canal_comu":"(1)09 (2)12 (3)14 (4)16","nombre_est":"Libertador Gral. San Martin Prefectura Naval Radio","lat_dd":-26.79326,"lon_dd":-55.024246390000002}},{"type":"Feature","id":205,"geometry":{"type":"Point","coordinates":[-54.803313055999979,-26.559979443999964]},"properties":{"objectid":205,"objectid_1":171,"dependenci":"MONTECARLO","cod_numer":" ","dep_organ":" ","cuatrigram":"MCAR","nivel":"IV","provincia":"MISIONES","zona":"PZAP","rios":"RIO PARANA","telefono":"03751481981","direccion":"Continuación Av. Paraguay S/nº","ciudad":"Montecarlo","codigo_pos":"N3316","jurisdicci":"Río Paraná desde el km 1.796 hasta el km 1.777 (confluencia Arroyo Ita Curuzú).","latitud":"26° 33' 35,926\" S","longitud":"54° 48' 11,927\" W","region":0,"frontera":"PAR","mail":"mcar@prefecturanaval.gov.ar","senal":" ","frecuencia":" ","canal_comu":" ","nombre_est":" ","lat_dd":-26.559979439999999,"lon_dd":-54.803313060000001}},{"type":"Feature","id":206,"geometry":{"type":"Point","coordinates":[-58.661759721999942,-33.861134443999958]},"properties":{"objectid":206,"objectid_1":172,"dependenci":"CANAL NUEVO","cod_numer":"8137","dep_organ":"PRTO - PARANACITO","cuatrigram":"CANU","nivel":"V","provincia":"ENTRE RIOS","zona":"PZBU","rios":"RIO PARANA","telefono":" ","direccion":"Av. Tomas Édison Nº 2399 Dársena","ciudad":"Zárate","codigo_pos":"E1104","jurisdicci":"No informada.","latitud":"33° 51' 40,084\" S","longitud":"58° 39' 42,335\" W","region":0,"frontera":" ","mail":" ","senal":" ","frecuencia":" ","canal_comu":" ","nombre_est":" ","lat_dd":-33.861134440000001,"lon_dd":-58.661759720000006}},{"type":"Feature","id":207,"geometry":{"type":"Point","coordinates":[-57.084780555999941,-29.718008055999974]},"properties":{"objectid":207,"objectid_1":197,"dependenci":"ZONA  ALTO URUGUAY","cod_numer":" ","dep_organ":" ","cuatrigram":"PZAU","nivel":"ZONA","provincia":"CORRIENTES","zona":"PZAU","rios":"RIO URUGUAY","telefono":"03772424325","direccion":"Colón Nº 427","ciudad":"Paso de los Libres","codigo_pos":"W3245","jurisdicci":"Río Paraná desde la margen izquierda del Arroyo Chimiray (km 878,6), hasta la margen derecha del Río Mocoretá (km. 423,6).","latitud":"29° 43' 4,829\" S","longitud":"57° 5' 5,210\" W","region":0,"frontera":" ","mail":"pzonapzau@prefecturanaval.gov.ar","senal":" ","frecuencia":" ","canal_comu":" ","nombre_est":" ","lat_dd":-29.718008059999999,"lon_dd":-57.084780559999999}},{"type":"Feature","id":237,"geometry":{"type":"Point","coordinates":[-58.367634721999934,-34.604610832999981]},"properties":{"objectid":237,"objectid_1":255,"dependenci":"DEPARTAMENTO AUDITORIA INTERNA","cod_numer":" ","dep_organ":" ","cuatrigram":"AUIN","nivel":"DEPARTAMENTO","provincia":"CABA","zona":"DAFI","rios":"RIO DE LA PLATA","telefono":" ","direccion":"Eduardo Madero 235","ciudad":"Ciudad Autonoma de Buenos Aires","codigo_pos":" ","jurisdicci":" ","latitud":"34° 36' 16,599\" S","longitud":"58° 22' 3,485\" W","region":1,"frontera":" ","mail":" ","senal":" ","frecuencia":" ","canal_comu":" ","nombre_est":" ","lat_dd":-34.604610829999999,"lon_dd":-58.367634720000005}},{"type":"Feature","id":15,"geometry":{"type":"Point","coordinates":[-71.815100832999974,-41.025954721999938]},"properties":{"objectid":15,"objectid_1":72,"dependenci":"PUERTO BLEST","cod_numer":"8017","dep_organ":"SCBA - SAN CARLOS DE BARILOCHE","cuatrigram":"PUBL","nivel":"V","provincia":"RIO NEGRO","zona":"PZLC","rios":"RIO NEGRO","telefono":" ","direccion":"Parque Nacional Los Alerces","ciudad":"Blest","codigo_pos":"9200","jurisdicci":"No informada.","latitud":"41° 1' 33,437\" S","longitud":"71° 48' 54,363\" W","region":2,"frontera":" ","mail":" ","senal":"L9P","frecuencia":"(1)156.450M(2)156.600M(3)156,700M(4)156,800M","canal_comu":"(1)09 (2)12 (3)14 (4)16","nombre_est":"Puerto Blest Prefectura Naval Radio","lat_dd":-41.025954720000001,"lon_dd":-71.815100830000006}},{"type":"Feature","id":209,"geometry":{"type":"Point","coordinates":[-64.902890277999973,-27.515576110999973]},"properties":{"objectid":209,"objectid_1":212,"dependenci":"EMBALSE RIO HONDO","cod_numer":"8670","dep_organ":"PZPP - PARANA SUPERIOR Y PARAGUAY","cuatrigram":"RHON","nivel":"III","provincia":"SANTIAGO DEL ESTERO","zona":"PZPP","rios":"RIO HONDO","telefono":"03858427045","direccion":"Calle Biguá S/nº (villa De Lago) Embalse Río Hondo","ciudad":"Termas Del Rio Hondo","codigo_pos":"4220","jurisdicci":"Río Salí desde su nacimiento en la confluencia con el Río Seco hasta su desembocadura en el embalse Río Hondo (Provincia de Tucumán). Embalse Río Hondo en toda su extensión.","latitud":"27° 30' 56,074\" S","longitud":"64° 54' 10,405\" W","region":0,"frontera":" ","mail":"rhon@prefecturanaval.gov.ar","senal":" ","frecuencia":" ","canal_comu":" ","nombre_est":" ","lat_dd":-27.515576109999998,"lon_dd":-64.902890279999994}},{"type":"Feature","id":210,"geometry":{"type":"Point","coordinates":[-58.559420832999933,-34.429187499999955]},"properties":{"objectid":210,"objectid_1":220,"dependenci":"SAN FERNANDO","cod_numer":"8774","dep_organ":"PZDE - DELTA","cuatrigram":"SFER","nivel":"II","provincia":"BUENOS AIRES","zona":"PZDE","rios":"RIO LUJAN","telefono":"01145064513","direccion":"Colón 405","ciudad":"San Fernando","codigo_pos":"8400","jurisdicci":"Río barca grande desde la margen derecha del canal gobernador Arana hasta su desembocadura en el Río de la Plata, desde la margen derecha del Río Barca Grande siguiendo la línea de la costa.","latitud":"34° 25' 45,075\" S","longitud":"58° 33' 33,915\" W","region":1,"frontera":" ","mail":"sfer@prefecturanaval.gov.ar","senal":"L5K","frecuencia":"156,450 Mhz - 156,600 Mhz - 156,700 Mhz - 156,800 Mhz","canal_comu":"09 - 12 - 14 - 16","nombre_est":"San Fernando Prefectura Naval Radio","lat_dd":-34.429187499999998,"lon_dd":-58.559420829999993}},{"type":"Feature","id":211,"geometry":{"type":"Point","coordinates":[-64.517775555999947,-42.429011388999982]},"properties":{"objectid":211,"objectid_1":183,"dependenci":"GOLFO SAN JOSE","cod_numer":"8491","dep_organ":"PIRA - PUNTA PIRAMIDES","cuatrigram":"GSJO","nivel":"V","provincia":"CHUBUT","zona":"PZMN","rios":"MAR  ARGENTINO","telefono":" ","direccion":"No Informada.","ciudad":"Viedma","codigo_pos":"No informada.","jurisdicci":"Lat. 42º29´2´´ S Long 64º36´3´´ W","latitud":"42° 25' 44,441\" S","longitud":"64° 31' 3,992\" W","region":2,"frontera":" ","mail":" ","senal":" ","frecuencia":" ","canal_comu":" ","nombre_est":" ","lat_dd":-42.429011389999999,"lon_dd":-64.517775560000004}},{"type":"Feature","id":212,"geometry":{"type":"Point","coordinates":[-60.70424277799998,-31.650332777999949]},"properties":{"objectid":212,"objectid_1":219,"dependenci":"SANTA FE","cod_numer":"8814","dep_organ":"PZBP - BAJO PARANA","cuatrigram":"SAFE","nivel":"II","provincia":"SANTA FE","zona":"PZBP","rios":"RIO PARANA","telefono":"03424562400","direccion":"Mendoza y Dique 1 S/Nº","ciudad":"Santa Fe","codigo_pos":"No informada.","jurisdicci":"Rio Paraná, desde el km. 620 hasta el km. 570,; Rio Colastin y sus afluentes en toda su extensión; desde el arroyo el sauce hasta su desembocadura en el Río Colastin.","latitud":"31° 39' 1,198\" S","longitud":"60° 42' 15,274\" W","region":1,"frontera":" ","mail":"safe@prefecturanaval.gov.ar","senal":"L6O","frecuencia":"(1)156,450M(2)156,600M(3)156,700M(4)156,800M","canal_comu":"(1)09 (2)12 (3)14 (4)16","nombre_est":"Santa Fé Prefectura Naval Radio","lat_dd":-31.650332780000003,"lon_dd":-60.704242780000001}},{"type":"Feature","id":213,"geometry":{"type":"Point","coordinates":[-58.413418055999955,-33.998267777999956]},"properties":{"objectid":213,"objectid_1":241,"dependenci":"AP ENRIQUE ARTURO JARDON","cod_numer":"8371","dep_organ":"GUAZ - GUAZU GUAZUCITO","cuatrigram":"AJAR","nivel":"IV","provincia":"BUENOS AIRES","zona":"PZDE","rios":"RIO DE LA PLATA","telefono":" ","direccion":"Río Sauce","ciudad":"Concepción del Uruguay","codigo_pos":" ","jurisdicci":"No informada.","latitud":"33° 59' 53,764\" S","longitud":"58° 24' 48,305\" W","region":1,"frontera":" ","mail":" ","senal":"L5U (PREFECTURA GUAZU GUAZUCITO)","frecuencia":"156,450 Mhz - 156,600 Mhz - 156,700 Mhz - 156,800 Mhz","canal_comu":"09 - 12 - 14 - 16","nombre_est":"Guazú Guazucito Prefectura Naval Radio","lat_dd":-33.998267779999999,"lon_dd":-58.413418060000005}},{"type":"Feature","id":214,"geometry":{"type":"Point","coordinates":[-53.890027499999974,-27.145695277999948]},"properties":{"objectid":214,"objectid_1":217,"dependenci":"SALTOS DEL MOCONA","cod_numer":"8793","dep_organ":"SOBR - EL SOBERBIO","cuatrigram":"SAMO","nivel":"V","provincia":"MISIONES","zona":"PZAP","rios":"RIO URUGUAY","telefono":" ","direccion":"No Informada.","ciudad":"San Pedro","codigo_pos":"No informada.","jurisdicci":"No informada.","latitud":"27° 8' 44,503\" S","longitud":"53° 53' 24,099\" W","region":0,"frontera":" ","mail":" ","senal":" ","frecuencia":" ","canal_comu":" ","nombre_est":" ","lat_dd":-27.145695280000002,"lon_dd":-53.890027500000002}},{"type":"Feature","id":215,"geometry":{"type":"Point","coordinates":[-59.92435805599996,-30.579870555999946]},"properties":{"objectid":215,"objectid_1":216,"dependenci":"SAN JAVIER","cod_numer":"8819","dep_organ":"SAFE - SANTA FE","cuatrigram":"SAJV","nivel":"IV","provincia":"SANTA FE","zona":"PZBP","rios":"RIO PARANA","telefono":"03405424732","direccion":"Juan de Garay S/N E/Calles 25 de Mayo y Moreno","ciudad":"San Javier","codigo_pos":"No informada.","jurisdicci":"No informada.","latitud":"30° 34' 47,534\" S","longitud":"59° 55' 27,689\" W","region":1,"frontera":" ","mail":"prefecturasanjavier@hotmail.com","senal":" ","frecuencia":" ","canal_comu":" ","nombre_est":" ","lat_dd":-30.57987056,"lon_dd":-59.924358060000003}},{"type":"Feature","id":216,"geometry":{"type":"Point","coordinates":[-54.913826666999967,-27.72549749999996]},"properties":{"objectid":216,"objectid_1":259,"dependenci":"PANAMBI","cod_numer":"8786","dep_organ":"SJAV - SAN JAVIER","cuatrigram":"PANA","nivel":"V","provincia":"MISIONES","zona":"PZAP","rios":"RIO URUGUAY","telefono":" ","direccion":"No Informada.","ciudad":"Panambi","codigo_pos":"No informada.","jurisdicci":"No informada.","latitud":"27° 43' 31,791\" S","longitud":"54° 54' 49,776\" W","region":0,"frontera":" ","mail":" ","senal":" ","frecuencia":" ","canal_comu":" ","nombre_est":" ","lat_dd":-27.725497499999999,"lon_dd":-54.913826669999999}},{"type":"Feature","id":217,"geometry":{"type":"Point","coordinates":[-54.68117861099995,-27.570404166999936]},"properties":{"objectid":217,"objectid_1":260,"dependenci":"ALBA POSSE","cod_numer":"8788","dep_organ":"PZAP - ALTO PARANA","cuatrigram":"ALPO","nivel":"III","provincia":"MISIONES","zona":"PZAP","rios":"RIO URUGUAY","telefono":" ","direccion":"Av. de los Inmigrantes s/n","ciudad":"Alba Posse","codigo_pos":"No informada.","jurisdicci":"No informada.","latitud":"27° 34' 13,455\" S","longitud":"54° 40' 52,243\" W","region":0,"frontera":" ","mail":"alpo-prefectura@prefecturanaval.gov.ar","senal":" ","frecuencia":" ","canal_comu":" ","nombre_est":" ","lat_dd":-27.57040417,"lon_dd":-54.681178610000003}},{"type":"Feature","id":218,"geometry":{"type":"Point","coordinates":[-54.195792499999982,-27.29808666699995]},"properties":{"objectid":218,"objectid_1":261,"dependenci":"EL SOBERBIO","cod_numer":"8791","dep_organ":"PZAP-ALTO PARANA","cuatrigram":"SOBR","nivel":"III","provincia":"MISIONES","zona":"PZAP","rios":"RIO URUGUAY","telefono":" ","direccion":"No Informada.","ciudad":"El Soberbio","codigo_pos":"No informada.","jurisdicci":"No informada.","latitud":"27° 17' 53,112\" S","longitud":"54° 11' 44,853\" W","region":0,"frontera":" ","mail":" ","senal":" ","frecuencia":" ","canal_comu":" ","nombre_est":" ","lat_dd":-27.29808667,"lon_dd":-54.195792500000003}},{"type":"Feature","id":219,"geometry":{"type":"Point","coordinates":[-58.229999999999961,-26.536666666999963]},"properties":{"objectid":219,"objectid_1":242,"dependenci":"HERRADURA","cod_numer":"8298","dep_organ":"FORM - FORMOSA","cuatrigram":"HERR","nivel":"V","provincia":"FORMOSA","zona":"PZPP","rios":"RIO PARAGUAY","telefono":" ","direccion":"No Informada.","ciudad":"Herradura","codigo_pos":"No informada.","jurisdicci":"No informada.","latitud":"26° 32' 12,000\" S","longitud":"58° 13' 48,000\" W","region":0,"frontera":" ","mail":" ","senal":" ","frecuencia":" ","canal_comu":" ","nombre_est":" ","lat_dd":-26.536666669999999,"lon_dd":-58.229999999999997}},{"type":"Feature","id":220,"geometry":{"type":"Point","coordinates":[-71.399199999999951,-40.654338888999973]},"properties":{"objectid":220,"objectid_1":226,"dependenci":"VILLA TRAFUL","cod_numer":"8778","dep_organ":"VIAN - VILLA LA ANGOSTURA","cuatrigram":"VTRA","nivel":"V","provincia":"NEUQUEN","zona":"PZLC","rios":"LAGO TRAFUL","telefono":"02944479019","direccion":"No Informada.","ciudad":"Villa Traful","codigo_pos":"No informada.","jurisdicci":"No informada.","latitud":"40° 39' 15,620\" S","longitud":"71° 23' 57,120\" W","region":2,"frontera":" ","mail":" ","senal":" ","frecuencia":" ","canal_comu":" ","nombre_est":" ","lat_dd":-40.654338889999998,"lon_dd":-71.399199999999993}},{"type":"Feature","id":221,"geometry":{"type":"Point","coordinates":[-58.551349999999957,-34.432163055999979]},"properties":{"objectid":221,"objectid_1":14,"dependenci":"DIVISIÓN TAGERENA\r\nDIV TAGERENA\r\n","cod_numer":" ","dep_organ":" ","cuatrigram":"TANA","nivel":"DIVISIÓN","provincia":"BUENOS AIRES","zona":"DMAT","rios":"RIO LIJAN","telefono":" ","direccion":"25 De Mayo Y Rio Lujan","ciudad":"San Fernando","codigo_pos":" ","jurisdicci":" ","latitud":"34° 25' 55,787\" S","longitud":"58° 33' 4,860\" W","region":1,"frontera":" ","mail":" ","senal":" ","frecuencia":" ","canal_comu":" ","nombre_est":" ","lat_dd":-34.432163060000001,"lon_dd":-58.551349999999999}},{"type":"Feature","id":222,"geometry":{"type":"Point","coordinates":[-58.551349999999957,-34.432163055999979]},"properties":{"objectid":222,"objectid_1":15,"dependenci":"YATE ADHARA","cod_numer":" ","dep_organ":" ","cuatrigram":"ADHA","nivel":"DIVISIÓN","provincia":"BUENOS AIRES","zona":"PNAR","rios":"RIO LIJAN","telefono":" ","direccion":"Tigre","ciudad":"San Fernando","codigo_pos":" ","jurisdicci":" ","latitud":"34° 25' 55,787\" S","longitud":"58° 33' 4,860\" W","region":1,"frontera":" ","mail":" ","senal":" ","frecuencia":" ","canal_comu":" ","nombre_est":" ","lat_dd":-34.432163060000001,"lon_dd":-58.551349999999999}},{"type":"Feature","id":224,"geometry":{"type":"Point","coordinates":[-59.02324916699996,-34.088774443999966]},"properties":{"objectid":224,"objectid_1":244,"dependenci":"DEPARTAMENTO ACADEMICO ESCUELA DE OFICIALES","cod_numer":" ","dep_organ":" ","cuatrigram":"AEOF","nivel":"DEPARTAMENTO","provincia":"BUENOS AIRES","zona":"DEDU","rios":"RIO PARANA DE LAS PALMAS","telefono":" ","direccion":"Cruc. Ara Belgrano Y Rivadavia","ciudad":"Zárate","codigo_pos":" ","jurisdicci":" ","latitud":"34° 5' 19,588\" S","longitud":"59° 1' 23,697\" W","region":1,"frontera":" ","mail":" ","senal":" ","frecuencia":" ","canal_comu":" ","nombre_est":" ","lat_dd":-34.088774440000002,"lon_dd":-59.02324917}},{"type":"Feature","id":225,"geometry":{"type":"Point","coordinates":[-59.02324916699996,-34.088774443999966]},"properties":{"objectid":225,"objectid_1":245,"dependenci":"DEPARTAMENTO ACADEMICO ESCUELA DE SUBOFICIALES","cod_numer":" ","dep_organ":" ","cuatrigram":"AESU","nivel":"DEPARTAMENTO","provincia":"BUENOS AIRES","zona":"DEDU","rios":"RIO PARANA DE LAS PALMAS","telefono":" ","direccion":"Cruc. Ara Belgrano Y Rivadavia","ciudad":"Zárate","codigo_pos":" ","jurisdicci":" ","latitud":"34° 5' 19,588\" S","longitud":"59° 1' 23,697\" W","region":1,"frontera":" ","mail":" ","senal":" ","frecuencia":" ","canal_comu":" ","nombre_est":" ","lat_dd":-34.088774440000002,"lon_dd":-59.02324917}},{"type":"Feature","id":23,"geometry":{"type":"Point","coordinates":[-71.351863888999958,-40.155855555999949]},"properties":{"objectid":23,"objectid_1":3,"dependenci":"SAN MARTIN DE LOS ANDES","cod_numer":"8783","dep_organ":"PZLC - LACUSTRE Y DEL COMAHUE","cuatrigram":"SMAN","nivel":"III","provincia":"NEUQUEN","zona":"PZLC","rios":"LAGO LACAR","telefono":"02972429016","direccion":"Capitán Drury 649","ciudad":"Los Andes","codigo_pos":"Q8370","jurisdicci":"Todos los Ríos navegables y Lagos ubicados dentro de los límites del parque nacional ‘Lanín’ hasta su desembocadura en el Río Limay, incluyendo sus afluentes.","latitud":"40° 9' 21,080\" S","longitud":"71° 21' 6,710\" W","region":2,"frontera":" ","mail":"sman@prefecturanaval.gov.ar","senal":" ","frecuencia":" ","canal_comu":" ","nombre_est":" ","lat_dd":-40.155855559999999,"lon_dd":-71.351863890000004}},{"type":"Feature","id":70,"geometry":{"type":"Point","coordinates":[-57.08464749999996,-29.718038332999981]},"properties":{"objectid":70,"objectid_1":44,"dependenci":"PASO DE LOS LIBRES","cod_numer":"8619","dep_organ":"PZAU - ALTO URUGUAY","cuatrigram":"LIBR","nivel":"II","provincia":"CORRIENTES","zona":"PZAU","rios":"RIO URUGUAY","telefono":"03772424327","direccion":"Colón Nº 427","ciudad":"Paso de los Libres","codigo_pos":"W3521","jurisdicci":"Río Uruguay desde Puerto Arenas (km 610,6); hasta la margen izquierda del Arroyo Sarandí (km 534,6).","latitud":"29° 43' 4,938\" S","longitud":"57° 5' 4,731\" W","region":0,"frontera":" ","mail":"libr@prefecturanaval.gov.ar","senal":" ","frecuencia":" ","canal_comu":" ","nombre_est":" ","lat_dd":-29.718038329999999,"lon_dd":-57.084647500000003}},{"type":"Feature","id":83,"geometry":{"type":"Point","coordinates":[-58.136776110999961,-32.216082221999955]},"properties":{"objectid":83,"objectid_1":190,"dependenci":"COLON","cod_numer":"8171","dep_organ":"PZBU - BAJO URUGUAY","cuatrigram":"CLON","nivel":"III","provincia":"ENTRE RIOS","zona":"PZBU","rios":"RIO URUGUAY","telefono":"03447421619","direccion":"Pasaje 29 De Octubre N° 160","ciudad":"Colon","codigo_pos":"E3280","jurisdicci":"Río Uruguay desde la margen izquierda del Arroyo Grande (km 287,6); hasta la margen izquierda del Arroyo Urquiza (km 196,6).","latitud":"32° 12' 57,896\" S","longitud":"58° 8' 12,394\" W","region":0,"frontera":"URU","mail":"clon@prefecturanaval.gov.ar","senal":"L8Y","frecuencia":"(1)156,450M(2)156,600M(3)156,700M(4)156,800M","canal_comu":"(1)09 (2)12 (3)14 (4)16","nombre_est":"Colón  Prefectura Naval Radio","lat_dd":-32.216082220000004,"lon_dd":-58.13677611}},{"type":"Feature","id":101,"geometry":{"type":"Point","coordinates":[-67.720607221999956,-49.306996943999934]},"properties":{"objectid":101,"objectid_1":204,"dependenci":"SAN JULIAN","cod_numer":"8787","dep_organ":"PZMS - MAR ARGENTINO SUR","cuatrigram":"SJUL","nivel":"III","provincia":"SANTA CRUZ","zona":"PZMS","rios":"MAR ARGENTINO","telefono":"02962452012","direccion":"9 De Julio Nº 649","ciudad":"San Julian","codigo_pos":"9310","jurisdicci":"Océano atlántico desde faro Cabo Guardián (Lat. 48º 21´ s, Long. 66º 21´ w), hasta faro San Francisco de Paula (Lat. 49º 44´ s, Long. 67º 44´ w).","latitud":"49° 18' 25,189\" S","longitud":"67° 43' 14,186\" W","region":2,"frontera":" ","mail":"sjul@prefecturanaval.gov.ar","senal":"L4M","frecuencia":"(1)156,450M(2)156,600M(3)156,700M(4)156,800M","canal_comu":"(1)09 (2)12 (3)14 (4)16","nombre_est":"San Julian Prefectura Naval Radio","lat_dd":-49.306996939999998,"lon_dd":-67.720607220000005}},{"type":"Feature","id":114,"geometry":{"type":"Point","coordinates":[-59.272747221999964,-29.143961388999969]},"properties":{"objectid":114,"objectid_1":119,"dependenci":"GOYA","cod_numer":"8329","dep_organ":"PZPP - PARANA SUPERIOR Y PARAGUAY","cuatrigram":"GOYA","nivel":"III","provincia":"CORRIENTES","zona":"PZPP","rios":"RIO PARANA","telefono":"03777421419","direccion":"Caaú Y 25 De Mayo","ciudad":"Goya","codigo_pos":"W3450","jurisdicci":"Río Paraná desde el km 1103,5 (margen izquierda del riacho Piracuá), hasta el km 810 en los tramos de jurisdicción concurrente (km. 969 a 866).","latitud":"29° 8' 38,261\" S","longitud":"59° 16' 21,890\" W","region":0,"frontera":" ","mail":"goya@prefecturanaval.gov.ar","senal":"L6V","frecuencia":"(1)156,450M(2)156,600M(3)156,700M(4)156,800M","canal_comu":"(1)09 (2)12 (3)14 (4)16","nombre_est":"Goya Prefectura Naval Radio","lat_dd":-29.143961389999998,"lon_dd":-59.272747219999999}},{"type":"Feature","id":122,"geometry":{"type":"Point","coordinates":[-61.551786110999956,-39.004074999999943]},"properties":{"objectid":122,"objectid_1":126,"dependenci":"PEHUENCO","cod_numer":"8055","dep_organ":"BBLA - BAHIA BLANCA","cuatrigram":"PECO","nivel":"V","provincia":"BUENOS AIRES","zona":"PZMN","rios":"MAR ARGENTINO","telefono":" ","direccion":"E/c  Av.san Martin Y Av Gonzales Martinez","ciudad":"Pehuenco","codigo_pos":"8109","jurisdicci":"No informada.","latitud":"39° 0' 14,670\" S","longitud":"61° 33' 6,430\" W","region":2,"frontera":" ","mail":" ","senal":" ","frecuencia":" ","canal_comu":" ","nombre_est":" ","lat_dd":-39.004075,"lon_dd":-61.551786109999995}},{"type":"Feature","id":124,"geometry":{"type":"Point","coordinates":[-71.295827777999989,-41.135133055999972]},"properties":{"objectid":124,"objectid_1":128,"dependenci":"SAN CARLOS DE BARILOCHE","cod_numer":"8771","dep_organ":"PZLC - LACUSTRE Y DEL COMAHUE","cuatrigram":"SCBA","nivel":"II","provincia":"RIO NEGRO","zona":"PZLC","rios":"RIO NEGRO","telefono":"02944422798","direccion":"Obernador Elordi Nº 219","ciudad":"San Carlos De Bariloche","codigo_pos":"3013","jurisdicci":"Todos los Ríos Navegables y Lagos ubicados dentro de los límites de los parques nacionales Los Alerces, Lago Puelo, Los Arrayanes y Nahuel Huapi hasta la desembocadura del Río Tributario.","latitud":"41° 8' 6,479\" S","longitud":"71° 17' 44,980\" W","region":2,"frontera":" ","mail":"scba@prefecturanaval.gov.ar","senal":"L4U","frecuencia":"(1)156,450M(2)156,600M(3)156,700M(4)156,800M","canal_comu":"(1)09 (2)12 (3)14 (4)16","nombre_est":"San Carlos de Bariloche Prefectura Naval Radio","lat_dd":-41.135133060000001,"lon_dd":-71.295827779999996}},{"type":"Feature","id":127,"geometry":{"type":"Point","coordinates":[-71.623863055999948,-42.876169721999929]},"properties":{"objectid":127,"objectid_1":131,"dependenci":"FUTALAUFQUEN","cod_numer":"8780","dep_organ":"SCBA - SAN CARLOS DE BARILOCHE","cuatrigram":"FUTA","nivel":"V","provincia":"CHUBUT","zona":"PZLC","rios":"LAGO FUTALAUFQUEN","telefono":"02945471013","direccion":"Parque Nacional Los Alerces Camino Principal En Puerto Bustillo","ciudad":"Futalaufquen","codigo_pos":"9200","jurisdicci":"No informada.","latitud":"42° 52' 34,211\" S","longitud":"71° 37' 25,907\" W","region":2,"frontera":" ","mail":"prefecturafutalaufquen@gmail.com","senal":" ","frecuencia":" ","canal_comu":" ","nombre_est":" ","lat_dd":-42.87616972,"lon_dd":-71.623863060000005}},{"type":"Feature","id":130,"geometry":{"type":"Point","coordinates":[-68.053110555999979,-38.978584721999937]},"properties":{"objectid":130,"objectid_1":133,"dependenci":"DEL COMAHUE","cod_numer":"8577","dep_organ":"PZLC - LACUSTRE Y DEL COMAHUE","cuatrigram":"CHUE","nivel":"II","provincia":"NEUQUEN","zona":"PZLC","rios":"RIO LIMAY","telefono":"02994771283","direccion":"Calle Rió Negro Y Democracia Isla Nº 132","ciudad":"Comahue","codigo_pos":"8300","jurisdicci":"Desde la desembocadura del Río Tributario Collón Curá hasta su confluencia con el Río Neuquén; complejo Cerros Colorados conformados por los Lagos Los Barreales  Lat. 38º 34’ s, Long. 68º 45.","latitud":"38° 58' 42,905\" S","longitud":"68° 3' 11,198\" W","region":2,"frontera":" ","mail":"chue@prefecturanaval.gov.ar","senal":" ","frecuencia":" ","canal_comu":" ","nombre_est":" ","lat_dd":-38.978584719999994,"lon_dd":-68.053110560000007}},{"type":"Feature","id":146,"geometry":{"type":"Point","coordinates":[-60.726823888999945,-32.71825333299995]},"properties":{"objectid":146,"objectid_1":207,"dependenci":"SAN LORENZO","cod_numer":"8789","dep_organ":"PZBP - BAJO PARANA","cuatrigram":"SLOR","nivel":"I","provincia":"SANTA FE","zona":"PZBP","rios":"RIO PARANA","telefono":"03476422424","direccion":"Córdoba Nº 100 Bis (puerto Gral. San Martín)","ciudad":"San Lorenzo","codigo_pos":"2202","jurisdicci":"Río Paraná desde el km 512 extremo norte desde la Isla del Soldado; hasta el  km. 495, tramo de jurisdicción concurrente.","latitud":"32° 43' 5,712\" S","longitud":"60° 43' 36,566\" W","region":1,"frontera":" ","mail":"slor@prefecturanaval.gov.ar","senal":"L6K","frecuencia":"(1)156,450M(2)156,600M(3)156,700M(4)156,800M","canal_comu":"(1)09 (2)12 (3)14 (4)16","nombre_est":"San Lorenzo Prefectura Naval Radio","lat_dd":-32.718253330000003,"lon_dd":-60.726823889999999}},{"type":"Feature","id":173,"geometry":{"type":"Point","coordinates":[-54.815124999999966,-26.674987777999945]},"properties":{"objectid":173,"objectid_1":104,"dependenci":"PARANAY","cod_numer":"8613","dep_organ":"LIBE - LIBERTADOR GENERAL SAN MARTIN","cuatrigram":"PARY","nivel":"V","provincia":"MISIONES","zona":"PZAP","rios":"RIO PARANA","telefono":" ","direccion":"Av Uruguay 490","ciudad":"Puerto Paranáy","codigo_pos":"N3300","jurisdicci":"No informada.","latitud":"26° 40' 29,956\" S","longitud":"54° 48' 54,450\" W","region":0,"frontera":"PAR","mail":" ","senal":" ","frecuencia":" ","canal_comu":" ","nombre_est":" ","lat_dd":-26.674987780000002,"lon_dd":-54.815125000000002}},{"type":"Feature","id":175,"geometry":{"type":"Point","coordinates":[-54.580019443999959,-25.595636666999951]},"properties":{"objectid":175,"objectid_1":106,"dependenci":"IGUAZU","cod_numer":"8384","dep_organ":"PZAP - ALTO PARANA","cuatrigram":"IGUA","nivel":"II","provincia":"MISIONES","zona":"PZAP","rios":"RIO IU","telefono":"03757420246","direccion":"La Pampa 183","ciudad":"Puerto Iguazú","codigo_pos":"N3370","jurisdicci":"Río Iú desde el km 133 hasta su desembocadura Río Paraná (km 1.927); Río Paraná desde la desembocadura del Río Iguazú (km. 1.927), hasta el arroyo aguaray-guazú (km. 1.840,2).","latitud":"25° 35' 44,292\" S","longitud":"54° 34' 48,070\" W","region":0,"frontera":"PAR","mail":"igua@prefecturanaval.gov.ar","senal":"L8C","frecuencia":"(1)156,450M(2)156,600M(3)156,700M(4)156,800M","canal_comu":"(1)09 (2)12 (3)14 (4)16","nombre_est":"Iguazu Prefectura Naval Radio","lat_dd":-25.595636670000001,"lon_dd":-54.580019440000001}},{"type":"Feature","id":234,"geometry":{"type":"Point","coordinates":[-59.02324916699996,-34.088774443999966]},"properties":{"objectid":234,"objectid_1":252,"dependenci":"DEPARTAMENTO ACADEMICO SUPERIOR DE SUBOFICIALES","cod_numer":" ","dep_organ":" ","cuatrigram":"ASSB","nivel":"DEPARTAMENTO","provincia":"BUENOS AIRES","zona":"DEDU","rios":"RIO PARANA DE LAS PALMAS","telefono":" ","direccion":"Cruc. Ara Belgrano Y Rivadavia","ciudad":"Zárate","codigo_pos":" ","jurisdicci":" ","latitud":"34° 5' 19,588\" S","longitud":"59° 1' 23,697\" W","region":1,"frontera":" ","mail":" ","senal":" ","frecuencia":" ","canal_comu":" ","nombre_est":" ","lat_dd":-34.088774440000002,"lon_dd":-59.02324917}},{"type":"Feature","id":33,"geometry":{"type":"Point","coordinates":[-58.509073332999947,-26.923749166999983]},"properties":{"objectid":33,"objectid_1":11,"dependenci":"BERMEJO","cod_numer":"8081","dep_organ":"PZPP - PARANA SUPERIOR Y PARAGUAY","cuatrigram":"BERM","nivel":"III","provincia":"CHACO","zona":"PZPP","rios":"RIO PARAGUAY","telefono":"03624494725","direccion":"Bermejo -s/n°","ciudad":"Bermejo","codigo_pos":"3524","jurisdicci":"Río Paraguay desde la desembocadura del Río Bermejo (km 82), límite interprovincial entre Chaco y Formosa, hasta el km 10.","latitud":"26° 55' 25,497\" S","longitud":"58° 30' 32,664\" W","region":0,"frontera":"PAR","mail":"berm@prefecturanaval.gov.ar","senal":" ","frecuencia":" ","canal_comu":" ","nombre_est":" ","lat_dd":-26.923749170000001,"lon_dd":-58.50907333}},{"type":"Feature","id":35,"geometry":{"type":"Point","coordinates":[-59.996600555999976,-33.480545555999981]},"properties":{"objectid":35,"objectid_1":200,"dependenci":"RAMALLO","cod_numer":"8701","dep_organ":"PZBP - BAJO PARANA","cuatrigram":"RLLO","nivel":"III","provincia":"BUENOS AIRES","zona":"PZBP","rios":"RIO PARANA","telefono":"03407421246","direccion":"San Lorenzo Nº 945","ciudad":"Ramallo","codigo_pos":"2915","jurisdicci":"Desde el sur de la Isla Bodega km 334, hasta su confluencia con el Arroyo del Soldado km. 300,5, Río Paraná Pavón desde su confluencia con el Río Victoria hasta su confluencia con el Río Gualegua","latitud":"33° 28' 49,964\" S","longitud":"59° 59' 47,762\" W","region":1,"frontera":" ","mail":"rllo-guardia@prefecturanaval.gov.ar","senal":"L6F","frecuencia":"(1)156.450M(2)156.600M(3)156,700M(4)156,800M","canal_comu":"(1)09 (2)12 (3)14 (4)16","nombre_est":"Ramallo Prefectura Naval Radio","lat_dd":-33.480545559999996,"lon_dd":-59.996600559999997}},{"type":"Feature","id":48,"geometry":{"type":"Point","coordinates":[-57.000241666999955,-37.296947221999972]},"properties":{"objectid":48,"objectid_1":25,"dependenci":"VILLA GESELL","cod_numer":"8502","dep_organ":"MPLA - MAR DEL PLATA","cuatrigram":"VIGE","nivel":"V","provincia":"BUENOS AIRES","zona":"PZMN","rios":"MAR ARGENTINO","telefono":"02255476464","direccion":"150 Y Playa","ciudad":"Villa Gesel","codigo_pos":"7165","jurisdicci":"No informada.","latitud":"37° 17' 49,010\" S","longitud":"57° 0' 0,870\" W","region":2,"frontera":" ","mail":"vigepna150@hotmail.com","senal":"L9S","frecuencia":"(1)156,450M(2)156,600M(3)156,700M(4)156,800M","canal_comu":"(1)09 (2)12 (3)14 (4)16","nombre_est":"Villa Gesell Prefectura Naval Radio","lat_dd":-37.29694722,"lon_dd":-57.000241670000001}},{"type":"Feature","id":54,"geometry":{"type":"Point","coordinates":[-58.231329443999982,-34.706896110999935]},"properties":{"objectid":54,"objectid_1":177,"dependenci":"QUILMES","cod_numer":"8699","dep_organ":"PZRP - RIO DE LA PLATA","cuatrigram":"QUIL","nivel":"III","provincia":"BUENOS AIRES","zona":"PZRP","rios":"RIO DE LA PLATA","telefono":"01142530494","direccion":"Otamendi Nº 1654","ciudad":"Quilmes","codigo_pos":"1878","jurisdicci":"Desde la margen derecha del canal Santo Domingo y su intersección con la costa del Río de la Plata, hasta tocar el límite con las aguas jurisdiccionales de la república oriental del Uruguay.","latitud":"34° 42' 24,826\" S","longitud":"58° 13' 52,786\" W","region":1,"frontera":" ","mail":"quil@prefecturanaval.gov.ar","senal":"L5H","frecuencia":"(1)156,450M(2)156,600M(3)156,700M(4)156,800M","canal_comu":"(1)09 (2)12 (3)14 (4)16","nombre_est":"Quilmes Prefectura Naval Radio","lat_dd":-34.706896110000002,"lon_dd":-58.231329439999996}},{"type":"Feature","id":66,"geometry":{"type":"Point","coordinates":[-56.633778888999984,-29.178408332999936]},"properties":{"objectid":66,"objectid_1":40,"dependenci":"LA CRUZ","cod_numer":"8439","dep_organ":"ALVE - ALVEAR","cuatrigram":"CRUZ","nivel":"IV","provincia":"CORRIENTES","zona":"PZAU","rios":"RIO URUGUAY","telefono":"03772491082","direccion":"Unión Nº 20","ciudad":"La Cruz","codigo_pos":"W3346","jurisdicci":"Río Uruguay desde el extremo norte de la Isla Chaparro (km 671,6), hasta el  Arroyo Estingana (km 641,6).","latitud":"29° 10' 42,270\" S","longitud":"56° 38' 1,604\" W","region":0,"frontera":"BRZ","mail":"cruz@prefecturanaval.gov.ar","senal":" ","frecuencia":" ","canal_comu":" ","nombre_est":" ","lat_dd":-29.17840833,"lon_dd":-56.633778889999995}},{"type":"Feature","id":85,"geometry":{"type":"Point","coordinates":[-58.505829443999971,-33.015970832999983]},"properties":{"objectid":85,"objectid_1":203,"dependenci":"GUALEGUAYCHU","cod_numer":"8337","dep_organ":"PZBU - BAJO URUGUAY","cuatrigram":"GYCH","nivel":"III","provincia":"ENTRE RIOS","zona":"PZBU","rios":"RIO GUALEGUAYCHU","telefono":"03446424213","direccion":"Leandro N. Além Nº 504","ciudad":"Gualeguaychú","codigo_pos":"E2820","jurisdicci":"Desde el extremo sur de la Isla San Lorenzo (km. 119,6); hasta el paralelo que pasa por el km 43,6; Río Gualeguaychú desde el km. 50 hasta su desembocadura en el Río Uruguay (km. 93,6).","latitud":"33° 0' 57,495\" S","longitud":"58° 30' 20,986\" W","region":0,"frontera":" ","mail":"gych@prefecturanaval.gov.ar","senal":" L8O","frecuencia":"(1)156,450M(2)156,600M(3)156,700M(4)156,800M","canal_comu":"(1)09 (2)12 (3)14 (4)16","nombre_est":"Gualeguaychu Prefectura Naval Radio","lat_dd":-33.015970830000001,"lon_dd":-58.505829439999999}},{"type":"Feature","id":95,"geometry":{"type":"Point","coordinates":[-67.474568332999979,-45.860221666999962]},"properties":{"objectid":95,"objectid_1":191,"dependenci":"COMODORO RIVADAVIA","cod_numer":"8181","dep_organ":"PZMS - MAR ARGENTINO SUR","cuatrigram":"CRIV","nivel":"I","provincia":"CHUBUT","zona":"PZMS","rios":"MAR ARGENTINO","telefono":"02974473863","direccion":"Máximo Abásolo Y Sarmiento","ciudad":"Comodoro Rivadavia","codigo_pos":"9000","jurisdicci":"Océano Atlántico desde Punta Roja, en la Bahía de Camarones (Lat. 44º 35´ s, Long. 65º 22´ w -carta h-3), (hasta Lat. 46º 00´ s, Long. 67º 37´ w), límite entre Chubut y Santa Cruz.","latitud":"45° 51' 36,798\" S","longitud":"67° 28' 28,446\" W","region":2,"frontera":" ","mail":"criv@prefecturanaval.gov.ar","senal":"L3B","frecuencia":"(1)156,450M(2)156,600M(3)156,700M(4)156,800M","canal_comu":"(1)09 (2)12 (3)14 (4)16","nombre_est":"Comodoro Rivadavia Prefectura Naval Radio","lat_dd":-45.860221670000001,"lon_dd":-67.474568330000011}},{"type":"Feature","id":248,"geometry":{"type":"Point","coordinates":[-67.474568332999979,-45.860221666999962]},"properties":{"objectid":248,"objectid_1":269,"dependenci":"CENTRO DE FORM. BASICA P/PERS. SUB. COMODORO RIV","cod_numer":"8183","dep_organ":"CRIV - COMODORO RIVADAVIA","cuatrigram":"CICR","nivel":"DEPARTAMENTO","provincia":"CHUBUT","zona":"PZMS","rios":" ","telefono":" ","direccion":"Maximo Abasolo 951","ciudad":"Comodoro Rivadavia","codigo_pos":" ","jurisdicci":" ","latitud":"45° 51' 36,798\" S","longitud":"67° 28' 28,446\" W","region":2,"frontera":" ","mail":" ","senal":" ","frecuencia":" ","canal_comu":" ","nombre_est":" ","lat_dd":-45.860221670000001,"lon_dd":-67.474568330000011}},{"type":"Feature","id":251,"geometry":{"type":"Point","coordinates":[-68.05316694399994,-38.978622777999931]},"properties":{"objectid":251,"objectid_1":272,"dependenci":"CENTRO DE FORM. BÁSICA P/PERS. SUB. DEL COMAHUE","cod_numer":"8579","dep_organ":"CHUE - DEL COMAHUE (EX NEUQUEN)","cuatrigram":"CINE","nivel":"DEPARTAMENTO","provincia":"NEUQUEN","zona":"PZLC","rios":"RIO LIMAY","telefono":" ","direccion":"Rio Negro Y Democracia Isla 132","ciudad":"Neuquen","codigo_pos":" ","jurisdicci":" ","latitud":"38° 58' 43,042\" S","longitud":"68° 3' 11,401\" W","region":2,"frontera":" ","mail":" ","senal":" ","frecuencia":" ","canal_comu":" ","nombre_est":" ","lat_dd":-38.978622780000002,"lon_dd":-68.053166939999997}},{"type":"Feature","id":254,"geometry":{"type":"Point","coordinates":[-57.08464749999996,-29.718038332999981]},"properties":{"objectid":254,"objectid_1":275,"dependenci":"CTRO. DE INSTR. Y ADIESTRAM. ZONA ALTO URUGUAY","cod_numer":"8676","dep_organ":"PZAU - ALTO URUGUAY","cuatrigram":"CIPL","nivel":"DEPARTAMENTO","provincia":"CORRIENTES","zona":"PZAU","rios":"RIO URUGUAY","telefono":" ","direccion":"Colon 423","ciudad":"Paso de los Libres","codigo_pos":" ","jurisdicci":" ","latitud":"29° 43' 4,938\" S","longitud":"57° 5' 4,731\" W","region":1,"frontera":" ","mail":" ","senal":" ","frecuencia":" ","canal_comu":" ","nombre_est":" ","lat_dd":-29.718038329999999,"lon_dd":-57.084647500000003}},{"type":"Feature","id":255,"geometry":{"type":"Point","coordinates":[-64.902890277999973,-27.515576110999973]},"properties":{"objectid":255,"objectid_1":276,"dependenci":"CENT. FORM. BASICA P/PERS. SUB. EMBALSE RIO HONDO","cod_numer":"8672","dep_organ":"RHON - EMBALSE RIO HONDO","cuatrigram":"CIRH","nivel":"DEPARTAMENTO","provincia":"SANTIAGO DEL ESTERO","zona":"PZPP","rios":"EMBALSE RIO HONDO","telefono":" ","direccion":"Bigua S/n","ciudad":"Villa Rio Hondo","codigo_pos":" ","jurisdicci":" ","latitud":"27° 30' 56,074\" S","longitud":"64° 54' 10,405\" W","region":0,"frontera":" ","mail":" ","senal":" ","frecuencia":" ","canal_comu":" ","nombre_est":" ","lat_dd":-27.515576109999998,"lon_dd":-64.902890279999994}},{"type":"Feature","id":256,"geometry":{"type":"Point","coordinates":[-60.633489443999963,-32.943358332999935]},"properties":{"objectid":256,"objectid_1":277,"dependenci":"CENTRO DE FORM. BASICA P/PERS. SUB ROSARIO","cod_numer":"8743","dep_organ":"ROSA - ROSARIO","cuatrigram":"CIRO","nivel":"DEPARTAMENTO","provincia":"SANTA FE","zona":"PZBP","rios":"RIO PARANA","telefono":" ","direccion":"Av. Belgrano 315","ciudad":"Rosario","codigo_pos":" ","jurisdicci":" ","latitud":"60° 38' 0,562\" W","longitud":"32° 56' 36,090\" S","region":1,"frontera":" ","mail":" ","senal":" ","frecuencia":" ","canal_comu":" ","nombre_est":" ","lat_dd":-32.943358330000002,"lon_dd":-60.633489440000005}},{"type":"Feature","id":257,"geometry":{"type":"Point","coordinates":[-60.70424277799998,-31.650332777999949]},"properties":{"objectid":257,"objectid_1":278,"dependenci":"CENTRO DE FORM. BASICA P/  PERS. SUB. SANTA FE","cod_numer":"8817","dep_organ":"SAFE - SANTA FE","cuatrigram":"CISF","nivel":"DEPARTAMENTO","provincia":"SANTA FE","zona":"PZBP","rios":"RIO PARANA","telefono":" ","direccion":"27 De Febrero","ciudad":"Santa Fe","codigo_pos":" ","jurisdicci":" ","latitud":"31° 39' 1,198\" S","longitud":"60° 42' 15,274\" W","region":1,"frontera":" ","mail":" ","senal":" ","frecuencia":" ","canal_comu":" ","nombre_est":" ","lat_dd":-31.650332780000003,"lon_dd":-60.704242780000001}},{"type":"Feature","id":259,"geometry":{"type":"Point","coordinates":[-55.129724443999976,-27.869365277999975]},"properties":{"objectid":259,"objectid_1":227,"dependenci":"CTRO DE INSTR. Y ADIESTRAMIENTO SAN JAVIER","cod_numer":" ","dep_organ":" ","cuatrigram":"CISJ","nivel":"DEPARTAMENTO","provincia":"MISIONES","zona":"PZAU","rios":"RIO URUGUAY","telefono":" ","direccion":"San Martin 95","ciudad":"San Javier","codigo_pos":" ","jurisdicci":" ","latitud":"27° 52' 9,715\" S","longitud":"55° 7' 47,008\" W","region":0,"frontera":" ","mail":" ","senal":" ","frecuencia":" ","canal_comu":" ","nombre_est":" ","lat_dd":-27.86936528,"lon_dd":-55.129724439999997}},{"type":"Feature","id":260,"geometry":{"type":"Point","coordinates":[-68.297617221999985,-54.805373610999936]},"properties":{"objectid":260,"objectid_1":228,"dependenci":"CENTRO DE FORM. BASICA P/PERS. SUB. USHUAIA","cod_numer":" ","dep_organ":" ","cuatrigram":"CIUS","nivel":"DEPARTAMENTO","provincia":"TIERRA DEL FUEGO","zona":"PZMS","rios":"CANAL DE BEAGLE","telefono":" ","direccion":"Maipu Y Yaganes","ciudad":"Ushuaia","codigo_pos":" ","jurisdicci":" ","latitud":"54° 48' 19,345\" S","longitud":"68° 17' 51,422\" W","region":2,"frontera":" ","mail":" ","senal":" ","frecuencia":" ","canal_comu":" ","nombre_est":" ","lat_dd":-54.805373610000004,"lon_dd":-68.297617220000006}},{"type":"Feature","id":123,"geometry":{"type":"Point","coordinates":[-65.030269999999973,-41.631288888999961]},"properties":{"objectid":123,"objectid_1":127,"dependenci":"BALNEARIO MUNICIPAL EL SALADO","cod_numer":"8692","dep_organ":"PCOL - PUNTA COLORADA","cuatrigram":"ELSA","nivel":"V","provincia":"RIO NEGRO","zona":"PZMN","rios":"MAR ARGENTINO","telefono":" ","direccion":"Avenida Eyzaguirre 4760, Puente Alto","ciudad":"El Salado","codigo_pos":"B2741","jurisdicci":"No informada.","latitud":"41° 37' 52,640\" S","longitud":"65° 1' 48,972\" W","region":2,"frontera":" ","mail":" ","senal":" ","frecuencia":" ","canal_comu":" ","nombre_est":" ","lat_dd":-41.63128889,"lon_dd":-65.030269999999987}},{"type":"Feature","id":125,"geometry":{"type":"Point","coordinates":[-62.754699999999957,-41.032199999999932]},"properties":{"objectid":125,"objectid_1":129,"dependenci":"BARRA DEL RIO NEGRO","cod_numer":"8636","dep_organ":"PNES - PATAGONES","cuatrigram":"BRNE","nivel":"V","provincia":"RIO NEGRO","zona":"PZMN","rios":"MAR ARGENTINO","telefono":" ","direccion":"Brown Nº 20 -san Antonio Oeste","ciudad":"Barra Del Rio Negro","codigo_pos":"R8520","jurisdicci":"No informada.","latitud":"41° 1' 55,920\" S","longitud":"62° 45' 16,920\" W","region":2,"frontera":" ","mail":" ","senal":" ","frecuencia":" ","canal_comu":" ","nombre_est":" ","lat_dd":-41.032200000000003,"lon_dd":-62.7547}},{"type":"Feature","id":126,"geometry":{"type":"Point","coordinates":[-71.620104443999935,-42.097964443999956]},"properties":{"objectid":126,"objectid_1":130,"dependenci":"LAGO PUELO","cod_numer":"8775","dep_organ":"SCBA - SAN CARLOS DE BARILOCHE","cuatrigram":"LPUE","nivel":"V","provincia":"CHUBUT","zona":"PZLC","rios":"RIO AZUL","telefono":" ","direccion":"Av. 2 De Abril Y Av. Los Notros","ciudad":"Lago Puelo","codigo_pos":"9431","jurisdicci":"No informada.","latitud":"42° 5' 52,672\" S","longitud":"71° 37' 12,376\" W","region":2,"frontera":" ","mail":" ","senal":" ","frecuencia":" ","canal_comu":" ","nombre_est":" ","lat_dd":-42.097964440000005,"lon_dd":-71.620104439999992}},{"type":"Feature","id":141,"geometry":{"type":"Point","coordinates":[-60.332632221999972,-33.21831444399993]},"properties":{"objectid":141,"objectid_1":144,"dependenci":"VILLA CONSTITUCION","cod_numer":"8867","dep_organ":"PZBP - BAJO PARANA","cuatrigram":"VCON","nivel":"III","provincia":"SANTA FE","zona":"PZBP","rios":"RIO PARANA","telefono":"03400475103","direccion":"Av. Prefectura Naval Argentina S/nº","ciudad":"Villa Constitución","codigo_pos":"2919","jurisdicci":"Río Paraná Desde el km 389 hasta su confluencia con la margen izquierda del arroyo del medio Río Paraná pavón ( km. 372), hasta la margen izquierda del Arroyo el Perdido.","latitud":"33° 13' 5,932\" S","longitud":"60° 19' 57,476\" W","region":1,"frontera":" ","mail":"vcon@prefecturanaval.gov.ar","senal":"L6H","frecuencia":"(1)156,450M(2)156,600M(3)156,700M(4)156,800M","canal_comu":"(1)09 (2)12 (3)14 (4)16","nombre_est":"Villa Constitución Prefectura Naval Radio","lat_dd":-33.21831444,"lon_dd":-60.332632220000001}},{"type":"Feature","id":160,"geometry":{"type":"Point","coordinates":[-58.955579166999939,-34.155638332999956]},"properties":{"objectid":160,"objectid_1":93,"dependenci":"CAMPANA","cod_numer":"8131","dep_organ":"PZDE - DELTA","cuatrigram":"CAMP","nivel":"II","provincia":"BUENOS AIRES","zona":"PZDE","rios":"RIO PARANA","telefono":"03489422055","direccion":"Comandante Luís Piedrabuena Y Emilio Mitre S/N","ciudad":"Campana","codigo_pos":"2804","jurisdicci":"Río Paraná de las Palmas desde el km 100 hasta el km 82,5.","latitud":"34° 9' 20,298\" S","longitud":"58° 57' 20,085\" W","region":1,"frontera":" ","mail":"camp@prefecturanaval.gov.ar","senal":"L5S","frecuencia":"156,450 Mhz- 156,600 Mhz - 156,700 Mhz -156,800 Mhz - 156,875 Mhz","canal_comu":"09 - 12 - 14 -16 - 77","nombre_est":"Campana Prefectura Naval Radio","lat_dd":-34.155638330000002,"lon_dd":-58.95557917}},{"type":"Feature","id":169,"geometry":{"type":"Point","coordinates":[-58.729929999999968,-34.247171666999975]},"properties":{"objectid":169,"objectid_1":101,"dependenci":"ESCOBAR","cod_numer":"8276","dep_organ":"PZDE - DELTA","cuatrigram":"ESCO","nivel":"III","provincia":"BUENOS AIRES","zona":"PZDE","rios":"RIO PARANA","telefono":"03489460308","direccion":"Ruta Provincial 25 y Oficial Principal Saieg","ciudad":"Escobar","codigo_pos":"1625","jurisdicci":"Río Paraná de las palmas desde la boca del Canal Laurentino Comas hasta el Canal Gobernador de la Serna Canal gobernador de la serna, excluido éste hasta su confluencia con el canal Antonio m. Seoa","latitud":"34° 14' 49,818\" S","longitud":"58° 43' 47,748\" W","region":1,"frontera":" ","mail":"esco@prefecturanaval.gov.ar","senal":"L5R","frecuencia":"156,625 Mhz - 156,800 Mhz","canal_comu":"72 - 16","nombre_est":"Escobar Prefectura Naval Radio","lat_dd":-34.24717167,"lon_dd":-58.729930000000003}},{"type":"Feature","id":208,"geometry":{"type":"Point","coordinates":[-58.835331943999961,-27.461773610999956]},"properties":{"objectid":208,"objectid_1":173,"dependenci":"ZONA PARANA SUPERIOR Y PARAGUAY","cod_numer":" ","dep_organ":" ","cuatrigram":"PZPP","nivel":"ZONA","provincia":"CORRIENTES","zona":"PZPP","rios":"RIO PARANA","telefono":"03794423318","direccion":"Av. Costanera Gral. San Martín Nº 1158","ciudad":"Corrientes","codigo_pos":"W3400","jurisdicci":"Río Paraná desde el km 1.330, (Puerto Tuyutí) hasta la boca norte del Riacho Espinillo (km. 810) y por el curso de éste  hasta su confluencia con el Riacho Ingacito (km. 800).","latitud":"27° 27' 42,385\" S","longitud":"58° 50' 7,195\" W","region":0,"frontera":" ","mail":"pzonapzpp@prefecturanaval.gov.ar","senal":" ","frecuencia":" ","canal_comu":" ","nombre_est":" ","lat_dd":-27.461773610000002,"lon_dd":-58.835331939999996}},{"type":"Feature","id":226,"geometry":{"type":"Point","coordinates":[-58.553039166999952,-34.43384333299997]},"properties":{"objectid":226,"objectid_1":246,"dependenci":"AGRUPACION ALBATROS","cod_numer":" ","dep_organ":" ","cuatrigram":"AGAL","nivel":"DEPARTAMENTO","provincia":"BUENOS AIRES","zona":"DIOP","rios":"RIO LIJAN","telefono":"01145124002","direccion":"25 De Mayo Y De Marzi","ciudad":"San Fernando","codigo_pos":" ","jurisdicci":" ","latitud":"34° 26' 1,836\" S","longitud":"58° 33' 10,941\" W","region":1,"frontera":" ","mail":" ","senal":" ","frecuencia":" ","canal_comu":" ","nombre_est":" ","lat_dd":-34.433843329999995,"lon_dd":-58.553039169999998}},{"type":"Feature","id":242,"geometry":{"type":"Point","coordinates":[-58.367634721999934,-34.604610832999981]},"properties":{"objectid":242,"objectid_1":263,"dependenci":"DEPARTAMENTO CALIDAD EDUCATIVA","cod_numer":" ","dep_organ":" ","cuatrigram":"CALI","nivel":"DEPARTAMENTO","provincia":"CABA","zona":"DEDU","rios":"RIO DE LA PLATA","telefono":" ","direccion":"Eduardo Madero 235","ciudad":"Ciudad Autonoma de Buenos Aires","codigo_pos":" ","jurisdicci":" ","latitud":"34° 36' 16,599\" S","longitud":"58° 22' 3,485\" W","region":1,"frontera":" ","mail":" ","senal":" ","frecuencia":" ","canal_comu":" ","nombre_est":" ","lat_dd":-34.604610829999999,"lon_dd":-58.367634720000005}},{"type":"Feature","id":246,"geometry":{"type":"Point","coordinates":[-62.273318888999938,-38.788183610999965]},"properties":{"objectid":246,"objectid_1":268,"dependenci":"CTRO. DE INSTR. Y ADIESTRAMIENTO BAHIA BLANCA","cod_numer":"8058","dep_organ":"BBLA - BAHIA BLANCA","cuatrigram":"CIBB","nivel":"DEPARTAMENTO","provincia":"BUENOS AIRES","zona":"PZMN","rios":" ","telefono":" ","direccion":"Teofilo Salustio Y Guardacosta R. Iu","ciudad":"Bahia Blanca","codigo_pos":" ","jurisdicci":" ","latitud":"38° 47' 17,461\" S","longitud":"62° 16' 23,948\" W","region":2,"frontera":" ","mail":" ","senal":" ","frecuencia":" ","canal_comu":" ","nombre_est":" ","lat_dd":-38.788183609999997,"lon_dd":-62.273318889999999}},{"type":"Feature","id":250,"geometry":{"type":"Point","coordinates":[-59.02324916699996,-34.088774443999966]},"properties":{"objectid":250,"objectid_1":271,"dependenci":"CTRO. DE INSTR. Y ADIESTRAM. INST. DE FORMACION","cod_numer":" ","dep_organ":" ","cuatrigram":"CIIF","nivel":"DEPARTAMENTO","provincia":"BUENOS AIRES","zona":"DEDU","rios":"RIO PARANA DE LAS PALMAS","telefono":" ","direccion":"Cruc. Ara Belgrano Y Rivadavia","ciudad":"Zárate","codigo_pos":" ","jurisdicci":" ","latitud":"34° 5' 19,588\" S","longitud":"59° 1' 23,697\" W","region":1,"frontera":" ","mail":" ","senal":" ","frecuencia":" ","canal_comu":" ","nombre_est":" ","lat_dd":-34.088774440000002,"lon_dd":-59.02324917}},{"type":"Feature","id":190,"geometry":{"type":"Point","coordinates":[-55.588592221999932,-27.336544443999969]},"properties":{"objectid":190,"objectid_1":157,"dependenci":"SANTA ANA","cod_numer":"8804","dep_organ":"PZAP - ALTO PARANA","cuatrigram":"SANA","nivel":"III","provincia":"MISIONES","zona":"PZAP","rios":"RIO PARANA","telefono":"03764497734","direccion":"Zona Portuaria S/nº","ciudad":"Santa Ana","codigo_pos":"N3316","jurisdicci":"Río Paraná desde la margen derecha del Arroyo Yabebiry (km 1.624); hasta el Arroyo Garupá (km 1.597).","latitud":"27° 20' 11,560\" S","longitud":"55° 35' 18,932\" W","region":0,"frontera":"PAR","mail":"sana@prefecturanaval.gov.ar","senal":" ","frecuencia":" ","canal_comu":" ","nombre_est":" ","lat_dd":-27.336544440000001,"lon_dd":-55.588592220000002}},{"type":"Feature","id":192,"geometry":{"type":"Point","coordinates":[-55.518822221999983,-27.107727221999937]},"properties":{"objectid":192,"objectid_1":158,"dependenci":"PUERTO MANI","cod_numer":"8497","dep_organ":"PZAP - ALTO PARANA","cuatrigram":"MANI","nivel":"III","provincia":"MISIONES","zona":"PZAP","rios":"RIO PARANA","telefono":"03764495715","direccion":"Zona Portuaria S/nº Lote 6 Fracción","ciudad":"Corpus","codigo_pos":"W3327","jurisdicci":"Río Paraná desde la margen izquierda del arroyo  Tabay (km 1.708); hasta  la margen derecha del  Arroyo Yabebiry (km 1.624).","latitud":"27° 6' 27,818\" S","longitud":"55° 31' 7,760\" W","region":0,"frontera":"PAR","mail":"mani@prefecturanaval.gov.ar","senal":" ","frecuencia":" ","canal_comu":" ","nombre_est":" ","lat_dd":-27.107727220000001,"lon_dd":-55.518822219999997}},{"type":"Feature","id":238,"geometry":{"type":"Point","coordinates":[-58.376198332999934,-34.580885555999942]},"properties":{"objectid":238,"objectid_1":256,"dependenci":"SECCION BANDA","cod_numer":" ","dep_organ":" ","cuatrigram":"BAMU","nivel":"SECCION","provincia":"CABA","zona":"SGEN","rios":"RIO DE LA PLATA","telefono":" ","direccion":"Prefectura Naval Argentina Y Av. Presidente Ramón S. Castillo","ciudad":"Ciudad Autonoma de Buenos Aires","codigo_pos":" ","jurisdicci":" ","latitud":"34° 34' 51,188\" S","longitud":"58° 22' 34,314\" W","region":1,"frontera":" ","mail":" ","senal":" ","frecuencia":" ","canal_comu":" ","nombre_est":" ","lat_dd":-34.580885559999999,"lon_dd":-58.376198330000001}},{"type":"Feature","id":247,"geometry":{"type":"Point","coordinates":[-58.835334999999986,-27.461906388999978]},"properties":{"objectid":247,"objectid_1":266,"dependenci":"CENTRO DE FORM. BASICA P/PERS. SUB. CORRIENTES","cod_numer":"8222","dep_organ":"CORR - CORRIENTES","cuatrigram":"CICO","nivel":"DEPARTAMENTO","provincia":"CORRIENTES","zona":"PZPP","rios":"RIO PARANA","telefono":" ","direccion":"Pasaje Mantilla 385","ciudad":"Corrientes","codigo_pos":" ","jurisdicci":" ","latitud":"27° 27' 42,863\" S","longitud":"58° 50' 7,206\" W","region":0,"frontera":" ","mail":" ","senal":" ","frecuencia":" ","canal_comu":" ","nombre_est":" ","lat_dd":-27.461906389999999,"lon_dd":-58.835334999999993}},{"type":"Feature","id":293,"geometry":{"type":"Point","coordinates":[-58.476213055999949,-34.507072221999977]},"properties":{"objectid":293,"objectid_1":329,"dependenci":"ESCUELA SUPERIOR DE INFORMATICA","cod_numer":" ","dep_organ":" ","cuatrigram":"ESIN","nivel":"DEPARTAMENTO","provincia":"BUENOS AIRES","zona":"DEDU","rios":"RIO PARANA DE LAS PALMAS","telefono":" ","direccion":"Av. Corrientes 150/80","ciudad":"Olivos","codigo_pos":" ","jurisdicci":" ","latitud":"34° 30' 25,460\" S","longitud":"58° 28' 34,367\" W","region":1,"frontera":" ","mail":" ","senal":" ","frecuencia":" ","canal_comu":" ","nombre_est":" ","lat_dd":-34.507072219999998,"lon_dd":-58.476213059999999}},{"type":"Feature","id":294,"geometry":{"type":"Point","coordinates":[-58.476213055999949,-34.507072221999977]},"properties":{"objectid":294,"objectid_1":391,"dependenci":"ESCUELA SUPERIOR","cod_numer":" ","dep_organ":" ","cuatrigram":"ESUP","nivel":"DEPARTAMENTO","provincia":"BUENOS AIRES","zona":"DEDU","rios":"RIO PARANA DE LAS PALMAS","telefono":" ","direccion":"Av. Corrientes 150/80","ciudad":"Olivos","codigo_pos":" ","jurisdicci":" ","latitud":"34° 30' 25,460\" S","longitud":"58° 28' 34,367\" W","region":1,"frontera":" ","mail":" ","senal":" ","frecuencia":" ","canal_comu":" ","nombre_est":" ","lat_dd":-34.507072219999998,"lon_dd":-58.476213059999999}},{"type":"Feature","id":305,"geometry":{"type":"Point","coordinates":[-59.02324916699996,-34.088774443999966]},"properties":{"objectid":305,"objectid_1":331,"dependenci":"INSTITUTOS DE FORMACION","cod_numer":" ","dep_organ":" ","cuatrigram":"IFOR","nivel":"DEPARTAMENTO","provincia":"BUENOS AIRES","zona":"DEDU","rios":"RIO PARANA DE LAS PALMAS","telefono":" ","direccion":"Cruc. Ara Belgrano Y Rivadavia","ciudad":"Zárate","codigo_pos":" ","jurisdicci":" ","latitud":"34° 5' 19,588\" S","longitud":"59° 1' 23,697\" W","region":1,"frontera":" ","mail":" ","senal":" ","frecuencia":" ","canal_comu":" ","nombre_est":" ","lat_dd":-34.088774440000002,"lon_dd":-59.02324917}},{"type":"Feature","id":306,"geometry":{"type":"Point","coordinates":[-59.02324916699996,-34.088774443999966]},"properties":{"objectid":306,"objectid_1":401,"dependenci":"DEPARTAMENTO LOGISTICO INSTITUTOS DE FORMACION","cod_numer":" ","dep_organ":" ","cuatrigram":"LFOR","nivel":"DEPARTAMENTO","provincia":"BUENOS AIRES","zona":"DEDU","rios":"RIO PARANA DE LAS PALMAS","telefono":" ","direccion":"Cruc. Ara Belgrano Y Rivadavia","ciudad":"Zárate","codigo_pos":" ","jurisdicci":" ","latitud":"34° 5' 19,588\" S","longitud":"59° 1' 23,697\" W","region":1,"frontera":" ","mail":" ","senal":" ","frecuencia":" ","canal_comu":" ","nombre_est":" ","lat_dd":-34.088774440000002,"lon_dd":-59.02324917}},{"type":"Feature","id":307,"geometry":{"type":"Point","coordinates":[-59.015367499999968,-34.088026388999936]},"properties":{"objectid":307,"objectid_1":402,"dependenci":"GUARDACOSTAS MANDUBI","cod_numer":" ","dep_organ":" ","cuatrigram":"MAND","nivel":"DIVISIÓN","provincia":"BUENOS AIRES","zona":"DEDU","rios":"RIO PARANA DE LAS PALMAS","telefono":" ","direccion":"Guardacostas Mandubi","ciudad":"Zárate","codigo_pos":" ","jurisdicci":" ","latitud":"34° 5' 16,895\" S","longitud":"59° 0' 55,323\" W","region":1,"frontera":" ","mail":" ","senal":" ","frecuencia":" ","canal_comu":" ","nombre_est":" ","lat_dd":-34.088026390000003,"lon_dd":-59.015367500000004}},{"type":"Feature","id":270,"geometry":{"type":"Point","coordinates":[-58.367634721999934,-34.604610832999981]},"properties":{"objectid":270,"objectid_1":231,"dependenci":"DIRECCION DE ADMINISTRACION FINANCIERA","cod_numer":" ","dep_organ":" ","cuatrigram":"DAFI","nivel":"DIRECCIÓN","provincia":"CABA","zona":"DAFI","rios":"RIO DE LA PLATA","telefono":" ","direccion":"Eduardo Madero 235","ciudad":"Ciudad Autonoma de Buenos Aires","codigo_pos":" ","jurisdicci":" ","latitud":"34° 36' 16,599\" S","longitud":"58° 22' 3,485\" W","region":1,"frontera":" ","mail":" ","senal":" ","frecuencia":" ","canal_comu":" ","nombre_est":" ","lat_dd":-34.604610829999999,"lon_dd":-58.367634720000005}},{"type":"Feature","id":272,"geometry":{"type":"Point","coordinates":[-58.37167055599997,-34.602991110999938]},"properties":{"objectid":272,"objectid_1":279,"dependenci":"DIRECCION DE EDUCACION","cod_numer":" ","dep_organ":" ","cuatrigram":"DEDU","nivel":"DIRECCIÓN","provincia":"CABA","zona":"DEDU","rios":"RIO DE LA PLATA","telefono":" ","direccion":"Avenida Corrientes 345","ciudad":"Ciudad Autonoma de Buenos Aires","codigo_pos":" ","jurisdicci":" ","latitud":"34° 36' 10,768\" S","longitud":"58° 22' 18,014\" W","region":1,"frontera":" ","mail":" ","senal":" ","frecuencia":" ","canal_comu":" ","nombre_est":" ","lat_dd":-34.602991109999998,"lon_dd":-58.371670559999998}},{"type":"Feature","id":273,"geometry":{"type":"Point","coordinates":[-58.381143055999985,-34.574270277999972]},"properties":{"objectid":273,"objectid_1":280,"dependenci":"GUARDACOSTAS DELFIN","cod_numer":" ","dep_organ":" ","cuatrigram":"DELF","nivel":"DIVISIÓN","provincia":"CABA","zona":"DIOP","rios":"RIO DE LA PLATA","telefono":" ","direccion":"Avenida Tomas Edison 2399 - Servicio De Buques Guardacostas","ciudad":"Ciudad Autonoma de Buenos Aires","codigo_pos":" ","jurisdicci":" ","latitud":"34° 34' 27,373\" S","longitud":"58° 22' 52,115\" W","region":1,"frontera":" ","mail":" ","senal":" ","frecuencia":" ","canal_comu":" ","nombre_est":" ","lat_dd":-34.57427028,"lon_dd":-58.381143060000007}},{"type":"Feature","id":285,"geometry":{"type":"Point","coordinates":[-58.367634721999934,-34.604610832999981]},"properties":{"objectid":285,"objectid_1":294,"dependenci":"DEPARTAMENTO CENTRAL DE OPERACIONES","cod_numer":" ","dep_organ":" ","cuatrigram":"DOPE","nivel":"DEPARTAMENTO","provincia":"CABA","zona":"DIOP","rios":"RIO DE LA PLATA","telefono":" ","direccion":"Eduardo Madero 235","ciudad":"Ciudad Autonoma de Buenos Aires","codigo_pos":" ","jurisdicci":" ","latitud":"34° 36' 16,599\" S","longitud":"58° 22' 3,485\" W","region":1,"frontera":" ","mail":" ","senal":" ","frecuencia":" ","canal_comu":" ","nombre_est":" ","lat_dd":-34.604610829999999,"lon_dd":-58.367634720000005}},{"type":"Feature","id":311,"geometry":{"type":"Point","coordinates":[-59.015385832999982,-34.087924443999952]},"properties":{"objectid":311,"objectid_1":344,"dependenci":"GUARDACOSTAS TOLL","cod_numer":"8344","dep_organ":"ZARA - ZARATE","cuatrigram":"TOLL","nivel":"DIVISIÓN","provincia":"BUENOS AIRES","zona":"PZDE","rios":"RIO PARANA DE LAS PALMAS","telefono":" ","direccion":"Guardacostas Mandubi","ciudad":"Zárate","codigo_pos":" ","jurisdicci":" ","latitud":"34° 5' 16,528\" S","longitud":"59° 0' 55,389\" W","region":1,"frontera":" ","mail":" ","senal":" ","frecuencia":" ","canal_comu":" ","nombre_est":" ","lat_dd":-34.087924439999995,"lon_dd":-59.015385830000007}},{"type":"Feature","id":313,"geometry":{"type":"Point","coordinates":[-58.579210832999934,-34.420108610999932]},"properties":{"objectid":313,"objectid_1":325,"dependenci":"YATE PNA TALITA","cod_numer":" ","dep_organ":" ","cuatrigram":"TALI","nivel":"DIVISIÓN","provincia":"BUENOS AIRES","zona":"SPNN","rios":"RIO PARANA DE LAS PALMAS","telefono":" ","direccion":"Tigre","ciudad":"Tigre","codigo_pos":" ","jurisdicci":" ","latitud":"34° 25' 12,391\" S","longitud":"58° 34' 45,159\" W","region":1,"frontera":" ","mail":" ","senal":" ","frecuencia":" ","canal_comu":" ","nombre_est":" ","lat_dd":-34.42010861,"lon_dd":-58.579210830000001}},{"type":"Feature","id":320,"geometry":{"type":"Point","coordinates":[-67.469933610999988,-45.789498610999942]},"properties":{"objectid":320,"objectid_1":350,"dependenci":"ESTACION  AEREA COMODORO RIVADAVIA","cod_numer":" ","dep_organ":" ","cuatrigram":"EACR","nivel":"DIVISIÓN","provincia":"CHUBUT","zona":"DIOP","rios":"MAR ARGENTINO","telefono":" ","direccion":"Aerop.gral.mosconi","ciudad":"Comodoro Rivadavia","codigo_pos":" ","jurisdicci":" ","latitud":"45° 47' 22,195\" S","longitud":"67° 28' 11,761\" W","region":2,"frontera":" ","mail":" ","senal":" ","frecuencia":" ","canal_comu":" ","nombre_est":" ","lat_dd":-45.789498610000003,"lon_dd":-67.469933609999998}},{"type":"Feature","id":321,"geometry":{"type":"Point","coordinates":[-57.580494721999969,-37.934561666999969]},"properties":{"objectid":321,"objectid_1":351,"dependenci":"ESTACION  AEREA MAR DEL PLATA","cod_numer":" ","dep_organ":" ","cuatrigram":"EAMP","nivel":"DIVISIÓN","provincia":"BUENOS AIRES","zona":"DIOP","rios":"MAR ARGENTINO","telefono":" ","direccion":"Parque Camet","ciudad":"Mar del Plata","codigo_pos":" ","jurisdicci":" ","latitud":"37° 56' 4,422\" S","longitud":"57° 34' 49,781\" W","region":2,"frontera":" ","mail":" ","senal":" ","frecuencia":" ","canal_comu":" ","nombre_est":" ","lat_dd":-37.934561670000001,"lon_dd":-57.580494719999997}},{"type":"Feature","id":322,"geometry":{"type":"Point","coordinates":[-55.970324999999946,-27.391791110999975]},"properties":{"objectid":322,"objectid_1":352,"dependenci":"ESTACION AEREA POSADAS","cod_numer":" ","dep_organ":" ","cuatrigram":"EAPO","nivel":"DIVISIÓN","provincia":"MISIONES","zona":"DIOP","rios":"RIO PARANA","telefono":" ","direccion":"San Martin N° 159","ciudad":"Posadas","codigo_pos":" ","jurisdicci":" ","latitud":"27° 23' 30,448\" S","longitud":"55° 58' 13,170\" W","region":0,"frontera":" ","mail":" ","senal":" ","frecuencia":" ","canal_comu":" ","nombre_est":" ","lat_dd":-27.39179111,"lon_dd":-55.970325000000003}},{"type":"Feature","id":323,"geometry":{"type":"Point","coordinates":[-58.551947499999983,-34.432781388999956]},"properties":{"objectid":323,"objectid_1":353,"dependenci":"SERVICIO DE AVIACION","cod_numer":" ","dep_organ":" ","cuatrigram":"SEAV","nivel":"DEPARTAMENTO","provincia":"BUENOS AIRES","zona":"DIOP","rios":"RIO PARANA DE LAS PALMAS","telefono":" ","direccion":"Aeropuerto Int. San Fernando","ciudad":"San Fernando","codigo_pos":" ","jurisdicci":" ","latitud":"34° 25' 58,013\" S","longitud":"58° 33' 7,011\" W","region":1,"frontera":" ","mail":" ","senal":" ","frecuencia":" ","canal_comu":" ","nombre_est":" ","lat_dd":-34.432781389999995,"lon_dd":-58.551947500000004}},{"type":"Feature","id":324,"geometry":{"type":"Point","coordinates":[-57.541857499999935,-38.048531943999933]},"properties":{"objectid":324,"objectid_1":354,"dependenci":"DIVISION INVESTIGACIONES JUDICIALES Y ADMIN.","cod_numer":"8503","dep_organ":"MPLA - MAR DEL PLATA","cuatrigram":"IJUD","nivel":"DIVISIÓN","provincia":"BUENOS AIRES","zona":"PZMN","rios":"MAR ARGENTINO","telefono":" ","direccion":"Prefectura Mar Del Plata","ciudad":"Mar del Plata","codigo_pos":" ","jurisdicci":" ","latitud":"38° 2' 54,715\" S","longitud":"57° 32' 30,687\" W","region":2,"frontera":" ","mail":" ","senal":" ","frecuencia":" ","canal_comu":" ","nombre_est":" ","lat_dd":-38.048531939999997,"lon_dd":-57.541857499999999}},{"type":"Feature","id":325,"geometry":{"type":"Point","coordinates":[-57.896081110999944,-34.864489443999958]},"properties":{"objectid":325,"objectid_1":355,"dependenci":"BUQUE BOMBA CABO PRIMERO RODOLFO D'AGOSTINI","cod_numer":"8665","dep_organ":"PZRP - RIO DE LA PLATA","cuatrigram":"SICD","nivel":"DIVISIÓN","provincia":"BUENOS AIRES","zona":"PZRP","rios":"RIO DE LA PLATA","telefono":" ","direccion":"Guardacostas Bahia Blanca","ciudad":"Ensenada","codigo_pos":" ","jurisdicci":" ","latitud":"34° 51' 52,162\" S","longitud":"57° 53' 45,892\" W","region":1,"frontera":" ","mail":" ","senal":" ","frecuencia":" ","canal_comu":" ","nombre_est":" ","lat_dd":-34.864489440000007,"lon_dd":-57.896081110000004}},{"type":"Feature","id":326,"geometry":{"type":"Point","coordinates":[-57.541857499999935,-38.048531943999933]},"properties":{"objectid":326,"objectid_1":356,"dependenci":"DIVISION SEG. DE LA NAVEGACION Y PROTEC. AMBIENTAL","cod_numer":"8504","dep_organ":"MPLA - MAR DEL PLATA","cuatrigram":"NAPA","nivel":"DIVISIÓN","provincia":"BUENOS AIRES","zona":"PZMN","rios":"MAR ARGENTINO","telefono":" ","direccion":"Prefectura Mar Del Plata","ciudad":"Mar del Plata","codigo_pos":" ","jurisdicci":" ","latitud":"38° 2' 54,715\" S","longitud":"57° 32' 30,687\" W","region":2,"frontera":" ","mail":" ","senal":" ","frecuencia":" ","canal_comu":" ","nombre_est":" ","lat_dd":-38.048531939999997,"lon_dd":-57.541857499999999}},{"type":"Feature","id":327,"geometry":{"type":"Point","coordinates":[-57.539378610999961,-38.048461110999938]},"properties":{"objectid":327,"objectid_1":357,"dependenci":"GUARDACOSTAS PNA \"RIO LUJAN\"","cod_numer":"8343","dep_organ":"MPLA - MAR DEL PLATA","cuatrigram":"GCRL","nivel":"DIVISIÓN","provincia":"BUENOS AIRES","zona":"PZMN","rios":"MAR ARGENTINO","telefono":" ","direccion":"Guardacostas Pna Rio Lujan","ciudad":"Mar del Plata","codigo_pos":" ","jurisdicci":" ","latitud":"38° 2' 54,460\" S","longitud":"57° 32' 21,763\" W","region":2,"frontera":" ","mail":" ","senal":" ","frecuencia":" ","canal_comu":" ","nombre_est":" ","lat_dd":-38.048461109999998,"lon_dd":-57.53937861}},{"type":"Feature","id":328,"geometry":{"type":"Point","coordinates":[-57.539349999999956,-38.048654443999965]},"properties":{"objectid":328,"objectid_1":327,"dependenci":"GUARDACOSTAS PNA \"THOMPSON\"","cod_numer":" ","dep_organ":" ","cuatrigram":"GCTH","nivel":"DIVISIÓN","provincia":"BUENOS AIRES","zona":"DIOP","rios":"MAR ARGENTINO","telefono":" ","direccion":"Guardacostas Pna Thompson","ciudad":"Mar del Plata","codigo_pos":" ","jurisdicci":" ","latitud":"38° 2' 55,156\" S","longitud":"57° 32' 21,660\" W","region":2,"frontera":" ","mail":" ","senal":" ","frecuencia":" ","canal_comu":" ","nombre_est":" ","lat_dd":-38.04865444,"lon_dd":-57.539349999999999}},{"type":"Feature","id":329,"geometry":{"type":"Point","coordinates":[-58.579251110999962,-34.420164443999965]},"properties":{"objectid":329,"objectid_1":358,"dependenci":"GUARDACOSTAS PNA \"MAR DEL PLATA\"","cod_numer":"8340","dep_organ":"PZDE - DELTA","cuatrigram":"GCMP","nivel":"DIVISIÓN","provincia":"BUENOS AIRES","zona":"PZDE","rios":"RIO PARANA DE LAS PALMAS","telefono":" ","direccion":"Guardacostas Pna Mar Del Plata","ciudad":"Tigre","codigo_pos":" ","jurisdicci":" ","latitud":"34° 25' 12,592\" S","longitud":"58° 34' 45,304\" W","region":1,"frontera":" ","mail":" ","senal":" ","frecuencia":" ","canal_comu":" ","nombre_est":" ","lat_dd":-34.420164440000001,"lon_dd":-58.579251110000001}},{"type":"Feature","id":330,"geometry":{"type":"Point","coordinates":[-58.579272499999945,-34.420210832999942]},"properties":{"objectid":330,"objectid_1":359,"dependenci":"GUARDACOSTAS PNA \"MADRYN\"","cod_numer":"8368","dep_organ":"PZDE - DELTA","cuatrigram":"GCMY","nivel":"DIVISIÓN","provincia":"BUENOS AIRES","zona":"PZDE","rios":"RIO PARANA DE LAS PALMAS","telefono":" ","direccion":"Guardacostas Pna Madryn","ciudad":"Tigre","codigo_pos":" ","jurisdicci":" ","latitud":"34° 25' 12,759\" S","longitud":"58° 34' 45,381\" W","region":1,"frontera":" ","mail":" ","senal":" ","frecuencia":" ","canal_comu":" ","nombre_est":" ","lat_dd":-34.420210830000002,"lon_dd":-58.579272500000002}},{"type":"Feature","id":346,"geometry":{"type":"Point","coordinates":[-64.934186943999975,-40.725045832999967]},"properties":{"objectid":346,"objectid_1":335,"dependenci":"GUARDACOSTAS PNA \"RIO PARANA\"","cod_numer":"8352","dep_organ":"SANT - SAN ANTONIO OESTE","cuatrigram":"GCRN","nivel":"DIVISIÓN","provincia":"RIO NEGRO","zona":"PZMN","rios":"MAR ARGENTINO","telefono":" ","direccion":"Apostadero San Antonio Oeste","ciudad":"San Antonio Oeste","codigo_pos":" ","jurisdicci":" ","latitud":"40° 43' 30,165\" S","longitud":"64° 56' 3,073\" W","region":2,"frontera":" ","mail":" ","senal":" ","frecuencia":" ","canal_comu":" ","nombre_est":" ","lat_dd":-40.725045829999999,"lon_dd":-64.934186940000004}},{"type":"Feature","id":369,"geometry":{"type":"Point","coordinates":[-58.367634721999934,-34.604610832999981]},"properties":{"objectid":369,"objectid_1":311,"dependenci":"SECRETARIA DEL PREFECTO NACIONAL NAVAL","cod_numer":" ","dep_organ":" ","cuatrigram":"PNAC","nivel":"DEPARTAMENTO","provincia":"CABA","zona":"PNAR","rios":"RIO DE LA PLATA","telefono":" ","direccion":"Eduardo Madero 235","ciudad":"Ciudad Autonoma de Buenos Aires","codigo_pos":" ","jurisdicci":" ","latitud":"34° 36' 16,599\" S","longitud":"58° 22' 3,485\" W","region":1,"frontera":" ","mail":" ","senal":" ","frecuencia":" ","canal_comu":" ","nombre_est":" ","lat_dd":-34.604610829999999,"lon_dd":-58.367634720000005}},{"type":"Feature","id":296,"geometry":{"type":"Point","coordinates":[-58.354777499999955,-34.632394721999958]},"properties":{"objectid":296,"objectid_1":393,"dependenci":"DEPARTAMENTO MATERIAL NAVAL","cod_numer":" ","dep_organ":" ","cuatrigram":"MNAV","nivel":"DEPARTAMENTO","provincia":"CABA","zona":"DMAT","rios":"RIO DE LA PLATA","telefono":" ","direccion":"Brandsen 65","ciudad":"Ciudad Autonoma de Buenos Aires","codigo_pos":" ","jurisdicci":" ","latitud":"34° 37' 56,621\" S","longitud":"58° 21' 17,199\" W","region":1,"frontera":" ","mail":" ","senal":" ","frecuencia":" ","canal_comu":" ","nombre_est":" ","lat_dd":-34.632394720000001,"lon_dd":-58.354777500000004}},{"type":"Feature","id":308,"geometry":{"type":"Point","coordinates":[-58.381484721999982,-34.574635555999976]},"properties":{"objectid":308,"objectid_1":342,"dependenci":"SERVICIO DE BUQUES GUARDACOSTAS","cod_numer":" ","dep_organ":" ","cuatrigram":"SBGC","nivel":"DEPARTAMENTO","provincia":"CABA","zona":"DIOP","rios":"RIO DE LA PLATA","telefono":" ","direccion":"Apostadero Servicio Buques Gc","ciudad":"Ciudad Autonoma de Buenos Aires","codigo_pos":" ","jurisdicci":" ","latitud":"34° 34' 28,688\" S","longitud":"58° 22' 53,345\" W","region":1,"frontera":" ","mail":" ","senal":" ","frecuencia":" ","canal_comu":" ","nombre_est":" ","lat_dd":-34.574635559999997,"lon_dd":-58.381484719999996}},{"type":"Feature","id":331,"geometry":{"type":"Point","coordinates":[-57.539419166999949,-38.048255277999942]},"properties":{"objectid":331,"objectid_1":360,"dependenci":"GUARDACOSTAS PNA \"BUENOS AIRES\"","cod_numer":"8356","dep_organ":"MPLA - MAR DEL PLATA","cuatrigram":"GCBA","nivel":"DIVISIÓN","provincia":"BUENOS AIRES","zona":"PZMN","rios":"MAR ARGENTINO","telefono":" ","direccion":"Guardacostas Pna Buenos Aires","ciudad":"Mar del Plata","codigo_pos":" ","jurisdicci":" ","latitud":"38° 2' 53,719\" S","longitud":"57° 32' 21,909\" W","region":2,"frontera":" ","mail":" ","senal":" ","frecuencia":" ","canal_comu":" ","nombre_est":" ","lat_dd":-38.048255279999999,"lon_dd":-57.539419170000002}},{"type":"Feature","id":332,"geometry":{"type":"Point","coordinates":[-57.896175832999972,-34.864717777999942]},"properties":{"objectid":332,"objectid_1":361,"dependenci":"GUARDACOSTAS PNA \"BAHIA BLANCA\"","cod_numer":"8363","dep_organ":"LPLA - LA PLATA","cuatrigram":"GCBB","nivel":"DIVISIÓN","provincia":"BUENOS AIRES","zona":"PZRP","rios":"RIO DE LA PLATA","telefono":" ","direccion":"Guardacostas Pna Bahia Blanca","ciudad":"Ensenada","codigo_pos":" ","jurisdicci":" ","latitud":"34° 51' 52,984\" S","longitud":"57° 53' 46,233\" W","region":1,"frontera":" ","mail":" ","senal":" ","frecuencia":" ","canal_comu":" ","nombre_est":" ","lat_dd":-34.864717779999999,"lon_dd":-57.896175829999997}},{"type":"Feature","id":333,"geometry":{"type":"Point","coordinates":[-55.914224443999956,-27.353500555999972]},"properties":{"objectid":333,"objectid_1":362,"dependenci":"GUARDACOSTAS \"LYNCH\"","cod_numer":"8341","dep_organ":"GOYA - GOYA","cuatrigram":"LYCH","nivel":"DIVISIÓN","provincia":"MISIONES","zona":"PZPP","rios":"RIO PARANA","telefono":" ","direccion":"Guardacostas Lynch","ciudad":"Posadas","codigo_pos":" ","jurisdicci":" ","latitud":"27° 21' 12,602\" S","longitud":"55° 54' 51,208\" W","region":0,"frontera":" ","mail":" ","senal":" ","frecuencia":" ","canal_comu":" ","nombre_est":" ","lat_dd":-27.353500560000001,"lon_dd":-55.914224439999998}},{"type":"Feature","id":337,"geometry":{"type":"Point","coordinates":[-68.295313888999942,-54.80583444399997]},"properties":{"objectid":337,"objectid_1":332,"dependenci":"GUARDACOSTAS PNA \"RIO URUGUAY\"","cod_numer":"8345","dep_organ":"USHU - USHUAIA E ISLAS DEL ATLANTICO SUR","cuatrigram":"GCRU","nivel":"DIVISIÓN","provincia":"TIERRA DEL FUEGO","zona":"PZMS","rios":"CANAL DE BEAGLE","telefono":" ","direccion":"Apostadero Ushuaia","ciudad":"Ushuaia","codigo_pos":" ","jurisdicci":" ","latitud":"54° 48' 21,004\" S","longitud":"68° 17' 43,130\" W","region":2,"frontera":" ","mail":" ","senal":" ","frecuencia":" ","canal_comu":" ","nombre_est":" ","lat_dd":-54.805834439999998,"lon_dd":-68.295313890000003}},{"type":"Feature","id":338,"geometry":{"type":"Point","coordinates":[-68.295313888999942,-54.80583444399997]},"properties":{"objectid":338,"objectid_1":405,"dependenci":"GUARDACOSTAS PNA \"CANAL BEAGLE\"","cod_numer":"8373","dep_organ":"DESE - PUERTO DESEADO","cuatrigram":"GCCB","nivel":"DIVISIÓN","provincia":"TIERRA DEL FUEGO","zona":"PZMS","rios":"CANAL DE BEAGLE","telefono":" ","direccion":"Apostadero Ushuaia","ciudad":"Ushuaia","codigo_pos":" ","jurisdicci":" ","latitud":"54° 48' 21,004\" S","longitud":"68° 17' 43,130\" W","region":1,"frontera":" ","mail":" ","senal":" ","frecuencia":" ","canal_comu":" ","nombre_est":" ","lat_dd":-54.805834439999998,"lon_dd":-68.295313890000003}},{"type":"Feature","id":339,"geometry":{"type":"Point","coordinates":[-67.465079721999984,-45.86132555599994]},"properties":{"objectid":339,"objectid_1":406,"dependenci":"GUARDACOSTAS PNA \"PREFECTO FIQUE\"","cod_numer":" ","dep_organ":" ","cuatrigram":"GCFI","nivel":"DIVISIÓN","provincia":"CHUBUT","zona":"DIOP","rios":"MAR ARGENTINO","telefono":" ","direccion":"Apostadero Comodoro Rivadavia","ciudad":"Comodoro Rivadavia","codigo_pos":" ","jurisdicci":" ","latitud":"45° 51' 40,772\" S","longitud":"67° 27' 54,287\" W","region":2,"frontera":" ","mail":" ","senal":" ","frecuencia":" ","canal_comu":" ","nombre_est":" ","lat_dd":-45.861325559999997,"lon_dd":-67.465079720000006}},{"type":"Feature","id":340,"geometry":{"type":"Point","coordinates":[-65.029178888999979,-42.762169999999969]},"properties":{"objectid":340,"objectid_1":407,"dependenci":"GUARDACOSTAS PNA \"PREFECTO DERBES\"","cod_numer":" ","dep_organ":" ","cuatrigram":"GCDE","nivel":"DIVISIÓN","provincia":"CHUBUT","zona":"DIOP","rios":"MAR ARGENTINO","telefono":" ","direccion":"Apostadero Puerto Madryn","ciudad":"Puerto Madryn","codigo_pos":" ","jurisdicci":" ","latitud":"42° 45' 43,812\" S","longitud":"65° 1' 45,044\" W","region":2,"frontera":" ","mail":" ","senal":" ","frecuencia":" ","canal_comu":" ","nombre_est":" ","lat_dd":-42.762169999999998,"lon_dd":-65.029178889999997}},{"type":"Feature","id":341,"geometry":{"type":"Point","coordinates":[-65.02989249999996,-42.762241388999939]},"properties":{"objectid":341,"objectid_1":297,"dependenci":"GUARDACOSTAS PNA \"MARTIN GARCIA\"","cod_numer":"8342","dep_organ":"MADR - PUERTO MADRYN","cuatrigram":"GCMG","nivel":"DIVISIÓN","provincia":"CHUBUT","zona":"PZMN","rios":"MAR ARGENTINO","telefono":" ","direccion":"Apostadero Puerto Madryn","ciudad":"Puerto Madryn","codigo_pos":" ","jurisdicci":" ","latitud":"42° 45' 44,069\" S","longitud":"65° 1' 47,613\" W","region":2,"frontera":" ","mail":" ","senal":" ","frecuencia":" ","canal_comu":" ","nombre_est":" ","lat_dd":-42.76224139,"lon_dd":-65.029892499999988}},{"type":"Feature","id":342,"geometry":{"type":"Point","coordinates":[-67.465089999999975,-45.861635277999937]},"properties":{"objectid":342,"objectid_1":298,"dependenci":"GUARDACOSTAS PNA \"LAGO FAGNANO\"","cod_numer":"8316","dep_organ":"CRIV - COMODORO RIVADAVIA","cuatrigram":"GCLF","nivel":"DIVISIÓN","provincia":"CHUBUT","zona":"PZMS","rios":"MAR ARGENTINO","telefono":" ","direccion":"Apostadero Comodoro Rivadavia","ciudad":"Comodoro Rivadavia","codigo_pos":" ","jurisdicci":" ","latitud":"45° 51' 41,887\" S","longitud":"67° 27' 54,324\" W","region":2,"frontera":" ","mail":" ","senal":" ","frecuencia":" ","canal_comu":" ","nombre_est":" ","lat_dd":-45.861635280000002,"lon_dd":-67.465090000000004}},{"type":"Feature","id":343,"geometry":{"type":"Point","coordinates":[-62.275633055999947,-38.78894083299997]},"properties":{"objectid":343,"objectid_1":299,"dependenci":"GUARDACOSTAS PNA \"LA PLATA\"","cod_numer":"8355","dep_organ":"BBLA - BAHIA BLANCA","cuatrigram":"GCLP","nivel":"DIVISIÓN","provincia":"BUENOS AIRES","zona":"PZMN","rios":"MAR ARGENTINO","telefono":" ","direccion":"Apostadero Ingeniero White","ciudad":"Ingeniero White","codigo_pos":" ","jurisdicci":" ","latitud":"38° 47' 20,187\" S","longitud":"62° 16' 32,279\" W","region":2,"frontera":" ","mail":" ","senal":" ","frecuencia":" ","canal_comu":" ","nombre_est":" ","lat_dd":-38.788940830000001,"lon_dd":-62.275633059999997}},{"type":"Feature","id":344,"geometry":{"type":"Point","coordinates":[-68.295923610999978,-54.805933888999959]},"properties":{"objectid":344,"objectid_1":333,"dependenci":"GUARDACOSTAS PNA \"CANAL BEAGLE\"","cod_numer":" ","dep_organ":" ","cuatrigram":"GCCB","nivel":"DIVISIÓN","provincia":"TIERRA DEL FUEGO","zona":"PZMS","rios":"CANAL DE BEAGLE","telefono":" ","direccion":"Apostadero Ushuaia","ciudad":"Ushuaia","codigo_pos":" ","jurisdicci":" ","latitud":"54° 48' 21,362\" S","longitud":"68° 17' 45,325\" W","region":2,"frontera":" ","mail":" ","senal":" ","frecuencia":" ","canal_comu":" ","nombre_est":" ","lat_dd":-54.805933889999999,"lon_dd":-68.295923610000003}},{"type":"Feature","id":345,"geometry":{"type":"Point","coordinates":[-62.275241666999932,-38.789061943999968]},"properties":{"objectid":345,"objectid_1":334,"dependenci":"GUARDACOSTAS PNA \"INGENIERO WHITE\"","cod_numer":"8365","dep_organ":"BBLA - BAHIA BLANCA","cuatrigram":"GCIW","nivel":"DIVISIÓN","provincia":"BUENOS AIRES","zona":"PZMN","rios":"MAR ARGENTINO","telefono":" ","direccion":"Apostadero Ingeniero White","ciudad":"Ingeniero White","codigo_pos":" ","jurisdicci":" ","latitud":"38° 47' 20,623\" S","longitud":"62° 16' 30,870\" W","region":2,"frontera":" ","mail":" ","senal":" ","frecuencia":" ","canal_comu":" ","nombre_est":" ","lat_dd":-38.789061940000003,"lon_dd":-62.27524167}},{"type":"Feature","id":347,"geometry":{"type":"Point","coordinates":[-72.793726666999987,-50.310433610999951]},"properties":{"objectid":347,"objectid_1":336,"dependenci":"GUARDACOSTAS PNA \"LAGO SAN MARTIN\"","cod_numer":"8315","dep_organ":"LARG - LAGO ARGENTINO","cuatrigram":"GCLS","nivel":"DIVISIÓN","provincia":"SANTA CRUZ","zona":"PZMS","rios":"LAGO ARGENTINO","telefono":" ","direccion":"Apostadero Lago Argentino","ciudad":"Calafate","codigo_pos":" ","jurisdicci":" ","latitud":"50° 18' 37,561\" S","longitud":"72° 47' 37,416\" W","region":2,"frontera":" ","mail":" ","senal":" ","frecuencia":" ","canal_comu":" ","nombre_est":" ","lat_dd":-50.310433610000004,"lon_dd":-72.793726669999998}},{"type":"Feature","id":348,"geometry":{"type":"Point","coordinates":[-65.911778332999972,-47.754396388999965]},"properties":{"objectid":348,"objectid_1":337,"dependenci":"GUARDACOSTAS PNA \"RIO DE LA PLATA\"","cod_numer":"8362","dep_organ":"PZPP - PARANA SUPERIOR Y PARAGUAY","cuatrigram":"GCRP","nivel":"DIVISIÓN","provincia":"SANTA CRUZ","zona":"PZMS","rios":"RIO DESEADO","telefono":" ","direccion":"Apostadero Puerto Deseado","ciudad":"Puerto Deseado","codigo_pos":" ","jurisdicci":" ","latitud":"47° 45' 15,827\" S","longitud":"65° 54' 42,402\" W","region":2,"frontera":" ","mail":" ","senal":" ","frecuencia":" ","canal_comu":" ","nombre_est":" ","lat_dd":-47.754396390000004,"lon_dd":-65.91177832999999}},{"type":"Feature","id":349,"geometry":{"type":"Point","coordinates":[-58.702430277999952,-38.57738999999998]},"properties":{"objectid":349,"objectid_1":338,"dependenci":"GUARDACOSTAS PNA \"RIO PARAGUAY\"","cod_numer":"8350","dep_organ":"QUEQ - QUEQUEN","cuatrigram":"GCRY","nivel":"DIVISIÓN","provincia":"BUENOS AIRES","zona":"PZMN","rios":"MAR ARGENTINO","telefono":" ","direccion":"Apostadero Quequen","ciudad":"Quequén","codigo_pos":" ","jurisdicci":" ","latitud":"38° 34' 38,604\" S","longitud":"58° 42' 8,749\" W","region":2,"frontera":" ","mail":" ","senal":" ","frecuencia":" ","canal_comu":" ","nombre_est":" ","lat_dd":-38.577390000000001,"lon_dd":-58.702430279999994}},{"type":"Feature","id":350,"geometry":{"type":"Point","coordinates":[-58.835913055999981,-27.460571110999979]},"properties":{"objectid":350,"objectid_1":339,"dependenci":"GUARDACOSTAS PNA \"RIO QUEQUEN\"","cod_numer":" ","dep_organ":" ","cuatrigram":"GCRQ","nivel":"DIVISIÓN","provincia":"CORRIENTES","zona":"PZPP","rios":"RIO PARANA","telefono":" ","direccion":"Apostadero Corrientes","ciudad":"Corrientes","codigo_pos":" ","jurisdicci":" ","latitud":"27° 27' 38,056\" S","longitud":"58° 50' 9,287\" W","region":0,"frontera":" ","mail":" ","senal":" ","frecuencia":" ","canal_comu":" ","nombre_est":" ","lat_dd":-27.46057111,"lon_dd":-58.835913060000003}},{"type":"Feature","id":351,"geometry":{"type":"Point","coordinates":[-58.220117499999958,-32.479662499999961]},"properties":{"objectid":351,"objectid_1":340,"dependenci":"GUARDACOSTAS PNA \"USHUAIA\"","cod_numer":"8372","dep_organ":"PZBU - BAJO URUGUAY","cuatrigram":"GCUH","nivel":"DIVISION","provincia":"ENTRE RIOS","zona":"PZBU","rios":"RIO URUGUAY","telefono":" ","direccion":"Apostadero Concepcion Del Uruguay","ciudad":"Concepción del Uruguay","codigo_pos":" ","jurisdicci":" ","latitud":"32° 28' 46,785\" S","longitud":"58° 13' 12,423\" W","region":0,"frontera":" ","mail":" ","senal":" ","frecuencia":" ","canal_comu":" ","nombre_est":" ","lat_dd":-32.479662499999996,"lon_dd":-58.220117500000001}},{"type":"Feature","id":336,"geometry":{"type":"Point","coordinates":[-58.380542499999933,-34.574247777999972]},"properties":{"objectid":336,"objectid_1":404,"dependenci":"GUARDACOSTAS PNA \"MANTILLA\"","cod_numer":" ","dep_organ":" ","cuatrigram":"GCMA","nivel":"DIVISIÓN","provincia":"CABA","zona":"DIOP","rios":"RIO DE LA PLATA","telefono":" ","direccion":"Guardacostas Pna \"mantilla\"","ciudad":"Ciudad Autonoma de Buenos Aires","codigo_pos":" ","jurisdicci":" ","latitud":"34° 34' 27,292\" S","longitud":"58° 22' 49,953\" W","region":1,"frontera":" ","mail":" ","senal":" ","frecuencia":" ","canal_comu":" ","nombre_est":" ","lat_dd":-34.57424778,"lon_dd":-58.380542499999997}},{"type":"Feature","id":353,"geometry":{"type":"Point","coordinates":[-58.367634721999934,-34.604610832999981]},"properties":{"objectid":353,"objectid_1":316,"dependenci":"DEPARTAMENTO FINANZAS","cod_numer":" ","dep_organ":" ","cuatrigram":"FZAS","nivel":"DEPARTAMENTO","provincia":"CABA","zona":"DIOP","rios":"RIO DE LA PLATA","telefono":" ","direccion":"Eduardo Madero 235","ciudad":"Ciudad Autonoma de Buenos Aires","codigo_pos":" ","jurisdicci":" ","latitud":"34° 36' 16,599\" S","longitud":"58° 22' 3,485\" W","region":1,"frontera":" ","mail":" ","senal":" ","frecuencia":" ","canal_comu":" ","nombre_est":" ","lat_dd":-34.604610829999999,"lon_dd":-58.367634720000005}},{"type":"Feature","id":354,"geometry":{"type":"Point","coordinates":[-58.367634721999934,-34.604610832999981]},"properties":{"objectid":354,"objectid_1":317,"dependenci":"DEPARTAMENTO ECONOMICO FINANCIERO","cod_numer":" ","dep_organ":" ","cuatrigram":"EFIN","nivel":"DEPARTAMENTO","provincia":"CABA","zona":"DAFI","rios":"RIO DE LA PLATA","telefono":" ","direccion":"Eduardo Madero 235","ciudad":"Ciudad Autonoma de Buenos Aires","codigo_pos":" ","jurisdicci":" ","latitud":"34° 36' 16,599\" S","longitud":"58° 22' 3,485\" W","region":1,"frontera":" ","mail":" ","senal":" ","frecuencia":" ","canal_comu":" ","nombre_est":" ","lat_dd":-34.604610829999999,"lon_dd":-58.367634720000005}},{"type":"Feature","id":438,"geometry":{"type":"Point","coordinates":[-58.223750346999964,-32.480673210999953]},"properties":{"objectid":438,"objectid_1":0,"dependenci":"EFOCAPEMM CONCEPCIÓN DEL URUGUAY","cod_numer":"8195","dep_organ":"CURU - CONCEPCION DEL URUGUAY","cuatrigram":"EMCU","nivel":" ","provincia":"ENTRE RIOS","zona":"PZBU","rios":" ","telefono":"03442-437893","direccion":"8 de Junio 165","ciudad":"Concepción del Uruguay","codigo_pos":"3260","jurisdicci":" ","latitud":"32° 28' 50,42356\" S","longitud":"58° 13' 25,50125\" W","region":0,"frontera":" ","mail":"curu-efocapemm@prefecturanaval.gov.ar","senal":" ","frecuencia":" ","canal_comu":" ","nombre_est":" ","lat_dd":-32.480673209999999,"lon_dd":-58.223750350000003}},{"type":"Feature","id":445,"geometry":{"type":"Point","coordinates":[-64.939366566999979,-40.726942282999971]},"properties":{"objectid":445,"objectid_1":0,"dependenci":"EFOCAPEMM SAN ANTONIO OESTE","cod_numer":"8777","dep_organ":"SANT - SAN ANTONIO OESTE","cuatrigram":"EMSA","nivel":" ","provincia":"RIO NEGRO","zona":"PZMN","rios":" ","telefono":"02934-421202","direccion":"Brown N° 20","ciudad":" San Antonio","codigo_pos":"8520","jurisdicci":" ","latitud":"40° 43' 36,99222\" S","longitud":"64° 56' 21,71964\" W","region":0,"frontera":" ","mail":"sant-efocapemm@prefecturanaval.gov.ar","senal":" ","frecuencia":" ","canal_comu":" ","nombre_est":" ","lat_dd":-40.726942280000003,"lon_dd":-64.939366570000004}},{"type":"Feature","id":375,"geometry":{"type":"Point","coordinates":[-58.367634721999934,-34.604610832999981]},"properties":{"objectid":375,"objectid_1":364,"dependenci":"DEPARTAMENTO PERSONAL SUBALTERNO Y CIVIL","cod_numer":" ","dep_organ":" ","cuatrigram":"PSUC","nivel":"DEPARTAMENTO","provincia":"CABA","zona":"DPER","rios":"RIO DE LA PLATA","telefono":" ","direccion":"Eduardo Madero 235","ciudad":"Ciudad Autonoma de Buenos Aires","codigo_pos":" ","jurisdicci":" ","latitud":"34° 36' 16,599\" S","longitud":"58° 22' 3,485\" W","region":1,"frontera":" ","mail":" ","senal":" ","frecuencia":" ","canal_comu":" ","nombre_est":" ","lat_dd":-34.604610829999999,"lon_dd":-58.367634720000005}},{"type":"Feature","id":379,"geometry":{"type":"Point","coordinates":[-58.367634721999934,-34.604610832999981]},"properties":{"objectid":379,"objectid_1":370,"dependenci":"REGISTRO NACIONAL DE BUQUES","cod_numer":" ","dep_organ":" ","cuatrigram":"RNBU","nivel":"DEPARTAMENTO","provincia":"CABA","zona":"DPSN","rios":"RIO DE LA PLATA","telefono":" ","direccion":"Eduardo Madero 235","ciudad":"Ciudad Autonoma de Buenos Aires","codigo_pos":" ","jurisdicci":" ","latitud":"34° 36' 16,599\" S","longitud":"58° 22' 3,485\" W","region":1,"frontera":" ","mail":" ","senal":" ","frecuencia":" ","canal_comu":" ","nombre_est":" ","lat_dd":-34.604610829999999,"lon_dd":-58.367634720000005}},{"type":"Feature","id":395,"geometry":{"type":"Point","coordinates":[-58.367634721999934,-34.604610832999981]},"properties":{"objectid":395,"objectid_1":386,"dependenci":"DEPARTAMENTO TECNICO DE LA NAVEGACION","cod_numer":" ","dep_organ":" ","cuatrigram":"TNAV","nivel":"DEPARTAMENTO","provincia":"CABA","zona":"DPSN","rios":"RIO DE LA PLATA","telefono":" ","direccion":"Eduardo Madero 235","ciudad":"Ciudad Autonoma de Buenos Aires","codigo_pos":" ","jurisdicci":" ","latitud":"34° 36' 16,599\" S","longitud":"58° 22' 3,485\" W","region":1,"frontera":" ","mail":" ","senal":" ","frecuencia":" ","canal_comu":" ","nombre_est":" ","lat_dd":-34.604610829999999,"lon_dd":-58.367634720000005}},{"type":"Feature","id":394,"geometry":{"type":"Point","coordinates":[-58.367634721999934,-34.604610832999981]},"properties":{"objectid":394,"objectid_1":385,"dependenci":"DEPARTAMENTO TRAFICO ILEGAL Y TRATA DE PERSONAS","cod_numer":" ","dep_organ":" ","cuatrigram":"TITP","nivel":"DEPARTAMENTO","provincia":"CABA","zona":"DICR","rios":"RIO DE LA PLATA","telefono":" ","direccion":"Eduardo Madero 235","ciudad":"Ciudad Autonoma de Buenos Aires","codigo_pos":" ","jurisdicci":" ","latitud":"34° 36' 16,599\" S","longitud":"58° 22' 3,485\" W","region":1,"frontera":" ","mail":" ","senal":" ","frecuencia":" ","canal_comu":" ","nombre_est":" ","lat_dd":-34.604610829999999,"lon_dd":-58.367634720000005}},{"type":"Feature","id":397,"geometry":{"type":"Point","coordinates":[-58.57991444399994,-34.415984721999962]},"properties":{"objectid":397,"objectid_1":321,"dependenci":"GRUPO OPERACIONAL ACCESOS C.A.B.A","cod_numer":" ","dep_organ":" ","cuatrigram":"GOPA","nivel":"DEPARTAMENTO","provincia":"BUENOS AIRES","zona":"DPRO","rios":"RIO TIGRE","telefono":" ","direccion":"Lavalle 13","ciudad":"Tigre","codigo_pos":" ","jurisdicci":" ","latitud":"34° 24' 57,545\" S","longitud":"58° 34' 47,692\" W","region":1,"frontera":" ","mail":" ","senal":" ","frecuencia":" ","canal_comu":" ","nombre_est":" ","lat_dd":-34.415984719999997,"lon_dd":-58.579914440000003}},{"type":"Feature","id":399,"geometry":{"type":"Point","coordinates":[-67.511014999999986,-46.44013138899993]},"properties":{"objectid":399,"objectid_1":368,"dependenci":"GC-125 LAGO BUENOS AIRES","cod_numer":"8349","dep_organ":"OLVA - CALETA OLIVIA","cuatrigram":"GCLB","nivel":"DEPARTAMENTO","provincia":"SANTA CRUZ","zona":"PZMS","rios":"MAR ARGENTINO","telefono":" ","direccion":"Apostadero Caleta Olivia","ciudad":"Caleta Olivia","codigo_pos":" ","jurisdicci":" ","latitud":"46° 26' 24,473\" S","longitud":"67° 30' 39,654\" W","region":2,"frontera":" ","mail":" ","senal":" ","frecuencia":" ","canal_comu":" ","nombre_est":" ","lat_dd":-46.440131389999998,"lon_dd":-67.511015}},{"type":"Feature","id":400,"geometry":{"type":"Point","coordinates":[-58.760349443999985,-27.445369721999953]},"properties":{"objectid":400,"objectid_1":367,"dependenci":"ESTACION AEREA CORRIENTES","cod_numer":" ","dep_organ":" ","cuatrigram":"EACO","nivel":"DEPARTAMENTO","provincia":"CORRIENTES","zona":"DIOP","rios":"RIO PARANA","telefono":" ","direccion":"Aeropuerto Itern. Dr. F. Piragine Niveyro","ciudad":"Corrientes","codigo_pos":" ","jurisdicci":" ","latitud":"27° 26' 43,331\" S","longitud":"58° 45' 37,258\" W","region":0,"frontera":" ","mail":" ","senal":" ","frecuencia":" ","canal_comu":" ","nombre_est":" ","lat_dd":-27.445369719999999,"lon_dd":-58.760349439999999}},{"type":"Feature","id":401,"geometry":{"type":"Point","coordinates":[-62.824976110999955,-41.044228610999937]},"properties":{"objectid":401,"objectid_1":408,"dependenci":"EL CONDOR","cod_numer":"8632","dep_organ":"PNES - PATAGONES","cuatrigram":"CDOR","nivel":"V","provincia":"RIO NEGRO","zona":"PZMN","rios":"MAR ARGENTINO","telefono":" ","direccion":" ","ciudad":"El Condor","codigo_pos":" ","jurisdicci":" ","latitud":"41° 2' 39,223\" S","longitud":"62° 49' 29,914\" W","region":1,"frontera":" ","mail":" ","senal":" ","frecuencia":" ","canal_comu":" ","nombre_est":" ","lat_dd":-41.044228609999998,"lon_dd":-62.824976110000001}},{"type":"Feature","id":402,"geometry":{"type":"Point","coordinates":[-54.610871388999954,-26.025427499999978]},"properties":{"objectid":402,"objectid_1":409,"dependenci":"PUERTO ESPERANZA","cod_numer":"8471","dep_organ":"PULI - PUERTO LIBERTAD","cuatrigram":"PUES","nivel":"V","provincia":"MISIONES","zona":"PZAP","rios":"RIO PARANA","telefono":" ","direccion":"\r\nKM. 1863 R. PARANÁ\r\nKM. 1863 R. PARANÁ\r\n\r\n","ciudad":"Puerto Esperanza","codigo_pos":" ","jurisdicci":" ","latitud":"26° 1' 31,539\" S","longitud":"54° 36' 39,137\" W","region":0,"frontera":" ","mail":" ","senal":" ","frecuencia":" ","canal_comu":" ","nombre_est":" ","lat_dd":-26.025427500000003,"lon_dd":-54.61087139}},{"type":"Feature","id":403,"geometry":{"type":"Point","coordinates":[-58.83499999999998,-27.461513055999944]},"properties":{"objectid":403,"objectid_1":410,"dependenci":"DIRECCION REGIONAL NORTE","cod_numer":" ","dep_organ":" ","cuatrigram":"DNOR","nivel":"DIRECCIÓN","provincia":"CORRIENTES","zona":"PZPP","rios":"RIO PARANA","telefono":"379422679","direccion":"Av. Costanera y Mendoza","ciudad":"Corrientes","codigo_pos":"W3400","jurisdicci":"Río Paraná desde el km 1225, hasta el km 1103,5. En los tramos de jurisdicción concurrentes  por su margen izquierda, contando de la línea del Thalweg del canal principal de navegación.","latitud":"27° 27' 41,447\" S","longitud":"58° 50' 6,000\" W","region":0,"frontera":" ","mail":" ","senal":" ","frecuencia":" ","canal_comu":" ","nombre_est":" ","lat_dd":-27.461513060000001,"lon_dd":-58.835000000000001}},{"type":"Feature","id":404,"geometry":{"type":"Point","coordinates":[-60.641999999999939,-32.94437611099994]},"properties":{"objectid":404,"objectid_1":411,"dependenci":"DIRECCION REGIONAL CENTRO","cod_numer":" ","dep_organ":" ","cuatrigram":"DCEN","nivel":"DIRECCIÓN","provincia":"SANTA FE","zona":"PZBP","rios":"RIO PARANA","telefono":"3414259099","direccion":"Santa Fe 1376","ciudad":"Rosario","codigo_pos":"2000","jurisdicci":"Río Paraná desde la boca norte del Riacho Espinillo (km 810) hasta su confluencia con el Arroyo del Soldado (km. 300,5).","latitud":"60° 38' 31,200\" W","longitud":"32° 56' 39,754\" S","region":1,"frontera":" ","mail":" ","senal":" ","frecuencia":" ","canal_comu":" ","nombre_est":" ","lat_dd":-32.94437611,"lon_dd":-60.642000000000003}},{"type":"Feature","id":405,"geometry":{"type":"Point","coordinates":[-62.987999999999943,-40.808238888999938]},"properties":{"objectid":405,"objectid_1":412,"dependenci":"DIRECCION REGIONAL SUR","cod_numer":" ","dep_organ":" ","cuatrigram":"DSUR","nivel":"DIRECCIÓN","provincia":"RIO NEGRO","zona":"PZMN","rios":"RIO NEGRO","telefono":"02920435074","direccion":"Colon 51","ciudad":"Viedma","codigo_pos":"8504","jurisdicci":"Océano Atlántico desde brazo sur del Río Colorado, al este una línea imaginaria con una marcación verdadera de 121º hasta promontorio Belén (Lat. 41º 09´ s, Long. 63º 51´ w -carta h-2).","latitud":"62° 59' 16,800\" W","longitud":"40° 48' 29,660\" S","region":2,"frontera":" ","mail":" ","senal":" ","frecuencia":" ","canal_comu":" ","nombre_est":" ","lat_dd":-40.808238889999998,"lon_dd":-62.988}},{"type":"Feature","id":406,"geometry":{"type":"Point","coordinates":[-55.580914443999973,-28.117617499999938]},"properties":{"objectid":406,"objectid_1":74,"dependenci":"PUERTO CONCEPCION","cod_numer":"8069","dep_organ":"SJAV - SAN JAVIER","cuatrigram":"PUCO","nivel":"IV","provincia":"MISIONES","zona":"PZAP","rios":"RIO URUGUAY","telefono":"0375815405729","direccion":"9 De Julio Itacaruare","ciudad":"Concepción de la Sierra","codigo_pos":"N3357","jurisdicci":"Río Uruguay desde la margen izquierda del Arroyo Persiguero o Durazno (km 924,1), hasta la margen izquierda del Arroyo Chimiray (km 878,6).","latitud":"28° 7' 3,423\" S","longitud":"55° 34' 51,292\" W","region":0,"frontera":" ","mail":"prefecturapuertoconcepcion@yahoo.com.ar","senal":" ","frecuencia":" ","canal_comu":" ","nombre_est":" ","lat_dd":-28.117617499999998,"lon_dd":-55.580914440000001}},{"type":"Feature","id":407,"geometry":{"type":"Point","coordinates":[-55.129724443999976,-27.869365277999975]},"properties":{"objectid":407,"objectid_1":60,"dependenci":"SAN JAVIER","cod_numer":"8784","dep_organ":"PZAP - ALTO PARANA","cuatrigram":"SJAV","nivel":"II","provincia":"MISIONES","zona":"PZAP","rios":"RIO URUGUAY","telefono":"03754482230","direccion":"San Martin 95","ciudad":"San Javier","codigo_pos":"N3357","jurisdicci":"Río Uruguay desde puerto San Javier (km. 963,6), hasta la margen izquierda del Arroyo Chimiray (km. 878,6).\r\n","latitud":"27° 52' 9,715\" S","longitud":"55° 7' 47,008\" W","region":0,"frontera":" ","mail":"prefecturasanjavier@yahoo.com.ar","senal":" ","frecuencia":" ","canal_comu":" ","nombre_est":" ","lat_dd":-27.86936528,"lon_dd":-55.129724439999997}},{"type":"Feature","id":411,"geometry":{"type":"Point","coordinates":[-58.601190899999949,-34.458113799999978]},"properties":{"objectid":411,"objectid_1":415,"dependenci":"OPERATIVO DE SEGURIDAD CIUDADANA TIGRE","cod_numer":" ","dep_organ":" ","cuatrigram":"OSTI","nivel":"II","provincia":"BUENOS AIRES","zona":" ","rios":" ","telefono":"4700-2977","direccion":"Caseros N° 700","ciudad":"Tigre","codigo_pos":" ","jurisdicci":" ","latitud":"-34,4581138","longitud":"-58,6011909","region":1,"frontera":" ","mail":"ostipna@gmail.com","senal":" ","frecuencia":" ","canal_comu":" ","nombre_est":" ","lat_dd":-34.4581138,"lon_dd":-58.601190899999999}},{"type":"Feature","id":412,"geometry":{"type":"Point","coordinates":[-58.312931999999932,-34.699002999999948]},"properties":{"objectid":412,"objectid_1":417,"dependenci":"OPERATIVO DE SEGURIDAD CIUDADANA AVELLANEDA","cod_numer":" ","dep_organ":" ","cuatrigram":"OSAV","nivel":"II","provincia":"BUENOS AIRES","zona":" ","rios":" ","telefono":"4217-0943","direccion":"Salvador Soreda N° 6253","ciudad":"Wilde","codigo_pos":" ","jurisdicci":" ","latitud":"-34,699003","longitud":"-58,312932","region":1,"frontera":" ","mail":" ","senal":" ","frecuencia":" ","canal_comu":" ","nombre_est":" ","lat_dd":-34.699002999999998,"lon_dd":-58.312931999999996}},{"type":"Feature","id":413,"geometry":{"type":"Point","coordinates":[-60.704310999999961,-31.650226999999973]},"properties":{"objectid":413,"objectid_1":418,"dependenci":"OPERATIVO DE SEGURIDAD ALTO VERDE","cod_numer":"8893","dep_organ":"SAFE - SANTA FE","cuatrigram":"OSVE","nivel":"II","provincia":"SANTA FE","zona":" ","rios":"Rio Paraná","telefono":" ","direccion":"Av. Mendoza y Dique 1","ciudad":"Santa Fe","codigo_pos":" ","jurisdicci":" ","latitud":"-31,650227","longitud":"-60,704311","region":1,"frontera":" ","mail":"operativosafe@gmail.com","senal":" ","frecuencia":" ","canal_comu":" ","nombre_est":" ","lat_dd":-31.650227000000001,"lon_dd":-60.704311000000004}},{"type":"Feature","id":414,"geometry":{"type":"Point","coordinates":[-58.262817999999982,-34.730504999999937]},"properties":{"objectid":414,"objectid_1":419,"dependenci":"OPERATIVO DE SEGURIDAD CIUDADANA QUILMES","cod_numer":" ","dep_organ":" ","cuatrigram":"OSQU","nivel":"II","provincia":"BUENOS AIRES","zona":" ","rios":" ","telefono":"4224-0854","direccion":"Bernardo de Irigoyen N° 1724","ciudad":"Quilmes","codigo_pos":" ","jurisdicci":" ","latitud":"-34,730505","longitud":"-58,262818","region":1,"frontera":" ","mail":"osqu@prefecturanaval.gov.ar","senal":" ","frecuencia":" ","canal_comu":" ","nombre_est":" ","lat_dd":-34.730505000000001,"lon_dd":-58.262817999999996}},{"type":"Feature","id":415,"geometry":{"type":"Point","coordinates":[-58.579854999999952,-34.415900999999963]},"properties":{"objectid":415,"objectid_1":420,"dependenci":"OPERATIVO DE SEGURIDAD CIUDADANA SAN ISIDRO","cod_numer":" ","dep_organ":" ","cuatrigram":"OSSI","nivel":"II","provincia":"BUENOS AIRES","zona":" ","rios":" ","telefono":"4506-9390","direccion":"Lavalle N° 13","ciudad":"Tigre","codigo_pos":" ","jurisdicci":" ","latitud":"-34,415901","longitud":"-58,579855","region":1,"frontera":" ","mail":"ossi-seguridad2016@outlook.com","senal":" ","frecuencia":" ","canal_comu":" ","nombre_est":" ","lat_dd":-34.415900999999998,"lon_dd":-58.579855000000002}},{"type":"Feature","id":416,"geometry":{"type":"Point","coordinates":[-57.898406999999963,-34.863576999999964]},"properties":{"objectid":416,"objectid_1":421,"dependenci":"OPERATIVO DE SEGURIDAD CIUDADANA BERISSO","cod_numer":"8904","dep_organ":"LPLA - LA PLATA","cuatrigram":"OSBE","nivel":"II","provincia":"BUENOS AIRES","zona":"PZRP","rios":" ","telefono":"4085-1261","direccion":"Ortiz de Rosas S/N","ciudad":"La Plata","codigo_pos":" ","jurisdicci":" ","latitud":"-34,863577","longitud":"-57,898407","region":1,"frontera":" ","mail":"osbelaplata@gmail.com","senal":" ","frecuencia":" ","canal_comu":" ","nombre_est":" ","lat_dd":-34.863576999999999,"lon_dd":-57.898406999999999}},{"type":"Feature","id":427,"geometry":null,"properties":{"objectid":427,"objectid_1":432,"dependenci":"PUERTO MINERAL","cod_numer":"8552","dep_organ":"PULE - PUERTO LEONI","cuatrigram":"PUMI","nivel":"V","provincia":"MISIONES","zona":"PZAP","rios":"RIO PARANA","telefono":" ","direccion":" ","ciudad":"Misiones","codigo_pos":" ","jurisdicci":" ","latitud":" ","longitud":" ","region":0,"frontera":" ","mail":" ","senal":" ","frecuencia":" ","canal_comu":" ","nombre_est":" ","lat_dd":null,"lon_dd":null,"shape":null}},{"type":"Feature","id":428,"geometry":null,"properties":{"objectid":428,"objectid_1":0,"dependenci":"MIRAMAR","cod_numer":"8500","dep_organ":"MPLA - MAR DEL PLATA","cuatrigram":"MMAR","nivel":"V","provincia":"BUENOS AIRES","zona":"PZMN","rios":"MAR ARGENTINO","telefono":"02235786526","direccion":" ","ciudad":"Miramar","codigo_pos":" ","jurisdicci":" ","latitud":"38º 15' 38'' S","longitud":"57º 48' 29'' W","region":1,"frontera":" ","mail":" ","senal":" ","frecuencia":" ","canal_comu":" ","nombre_est":" ","lat_dd":null,"lon_dd":null,"shape":null}},{"type":"Feature","id":417,"geometry":{"type":"Point","coordinates":[-58.476186999999982,-34.507031999999981]},"properties":{"objectid":417,"objectid_1":422,"dependenci":"OPERATIVO DE SEGURIDAD CIUDADANA VICENTE LOPEZ","cod_numer":" ","dep_organ":" ","cuatrigram":"OSVL","nivel":"II","provincia":"BUENOS AIRES","zona":" ","rios":" ","telefono":"4897-1005","direccion":"Corrientes N° 150","ciudad":"Olivos","codigo_pos":" ","jurisdicci":" ","latitud":"-34,507032","longitud":"-58,476187","region":1,"frontera":" ","mail":"dpro.osvl@gmail.com","senal":" ","frecuencia":" ","canal_comu":" ","nombre_est":" ","lat_dd":-34.507031999999995,"lon_dd":-58.476187000000003}},{"type":"Feature","id":418,"geometry":{"type":"Point","coordinates":[-57.547568999999953,-38.005648999999949]},"properties":{"objectid":418,"objectid_1":423,"dependenci":"OPERATIVO DE SEGURIDAD CIUDADANA MAR DEL PLATA","cod_numer":"8903","dep_organ":"MPLA - MAR DEL PLATA","cuatrigram":"OSMP","nivel":"II","provincia":"BUENOS AIRES","zona":" ","rios":" ","telefono":"2291-6337","direccion":"Corrientes N° 2276","ciudad":"Mar del Plata","codigo_pos":" ","jurisdicci":" ","latitud":"-38,005649","longitud":"-57,547569","region":1,"frontera":" ","mail":"logistica-mpla@hotmail.com","senal":" ","frecuencia":" ","canal_comu":" ","nombre_est":" ","lat_dd":-38.005648999999998,"lon_dd":-57.547569000000003}},{"type":"Feature","id":419,"geometry":{"type":"Point","coordinates":[-58.562166999999931,-34.43296399999997]},"properties":{"objectid":419,"objectid_1":424,"dependenci":"OPERATIVO DE SEGURIDAD CIUDADANA SAN FERNANDO","cod_numer":" ","dep_organ":" ","cuatrigram":"OSSF","nivel":"II","provincia":"BUENOS AIRES","zona":" ","rios":" ","telefono":"4589-3788","direccion":"Doctor San Ginés","ciudad":"San Fernando","codigo_pos":" ","jurisdicci":" ","latitud":"-34,432964","longitud":"-58,562167","region":1,"frontera":" ","mail":"ossfpna@gmail.com","senal":" ","frecuencia":" ","canal_comu":" ","nombre_est":" ","lat_dd":-34.432963999999998,"lon_dd":-58.562167000000002}},{"type":"Feature","id":420,"geometry":{"type":"Point","coordinates":[-58.970260999999937,-34.163647999999966]},"properties":{"objectid":420,"objectid_1":427,"dependenci":"OPERATIVO DE SEGURIDAD CIUDADANA CAMPANA","cod_numer":" ","dep_organ":" ","cuatrigram":"OSCA","nivel":"II","provincia":"BUENOS AIRES","zona":" ","rios":" ","telefono":"03489-426802","direccion":"9 de Julio N° 1286","ciudad":"Campana","codigo_pos":" ","jurisdicci":" ","latitud":"-34,163648","longitud":"-58,970261","region":1,"frontera":" ","mail":"dpro.oscacampana@gmail.com","senal":" ","frecuencia":" ","canal_comu":" ","nombre_est":" ","lat_dd":-34.163648000000002,"lon_dd":-58.970261000000001}},{"type":"Feature","id":435,"geometry":{"type":"Point","coordinates":[-60.519190910999953,-31.71889773099997]},"properties":{"objectid":435,"objectid_1":0,"dependenci":"EFOCAPEMM PARANÁ","cod_numer":"8610","dep_organ":"PARA - PARANA","cuatrigram":"EMPA","nivel":" ","provincia":"ENTRE RIOS","zona":"PZBP","rios":" ","telefono":"0343-4310201","direccion":"Martin Manuel de Guemes s/n","ciudad":"Parana","codigo_pos":"3400","jurisdicci":" ","latitud":"31° 43' 8,03183\" S","longitud":"60° 31' 9,08728\" W","region":0,"frontera":" ","mail":"para-efocapemm@prefecturanaval.gov.ar","senal":" ","frecuencia":" ","canal_comu":" ","nombre_est":" ","lat_dd":-31.718897730000002,"lon_dd":-60.519190909999999}},{"type":"Feature","id":421,"geometry":{"type":"Point","coordinates":[-58.792306999999937,-34.345586999999966]},"properties":{"objectid":421,"objectid_1":425,"dependenci":"OPERATIVO DE SEGURIDAD CIUDADANA ESCOBAR","cod_numer":" ","dep_organ":" ","cuatrigram":"OSES","nivel":"II","provincia":"BUENOS AIRES","zona":" ","rios":" ","telefono":"0348-4450500","direccion":"Belgrano N° 567","ciudad":"Escobar","codigo_pos":" ","jurisdicci":" ","latitud":"-34,345587","longitud":"-58,792307","region":1,"frontera":" ","mail":"dpro.oses@gmail.com","senal":" ","frecuencia":" ","canal_comu":" ","nombre_est":" ","lat_dd":-34.345587000000002,"lon_dd":-58.792306999999994}},{"type":"Feature","id":422,"geometry":{"type":"Point","coordinates":[-59.011883999999952,-34.100344999999948]},"properties":{"objectid":422,"objectid_1":426,"dependenci":"OPERATIVO DE SEGURIDAD CIUDADANA ZARATE","cod_numer":" ","dep_organ":" ","cuatrigram":"OSZA","nivel":"II","provincia":"BUENOS AIRES","zona":" ","rios":" ","telefono":"4399-9553","direccion":"Costanera Luis Rocha","ciudad":"Zárate","codigo_pos":" ","jurisdicci":" ","latitud":"-34,100345","longitud":"-59,011884","region":1,"frontera":" ","mail":"dprozarate@gmail.com","senal":" ","frecuencia":" ","canal_comu":" ","nombre_est":" ","lat_dd":-34.100344999999997,"lon_dd":-59.011884000000002}},{"type":"Feature","id":423,"geometry":{"type":"Point","coordinates":[-58.367634721999934,-34.632394721999958]},"properties":{"objectid":423,"objectid_1":429,"dependenci":"DIRECCIÓN DE INSPECTORÍA GENERAL","cod_numer":" ","dep_organ":" ","cuatrigram":"DIGE","nivel":"DIRECCIÓN","provincia":"CABA","zona":"DIGE","rios":"RIO DE LA PLATA","telefono":" ","direccion":"Eduardo Madero 235","ciudad":"Ciudad Autonoma de Buenos Aires","codigo_pos":" ","jurisdicci":" ","latitud":"34° 37' 56,621\" S","longitud":"58° 22' 3,485\" W","region":1,"frontera":" ","mail":" ","senal":" ","frecuencia":" ","canal_comu":" ","nombre_est":" ","lat_dd":-34.632394720000001,"lon_dd":-58.367634720000005}},{"type":"Feature","id":426,"geometry":{"type":"Point","coordinates":[-72.889722221999989,-49.332222221999984]},"properties":{"objectid":426,"objectid_1":431,"dependenci":"EL CHALTEN","cod_numer":"8446","dep_organ":"LARG -LAGO ARGENTINO","cuatrigram":"CHAL","nivel":"V","provincia":"SANTA CRUZ","zona":"PZMS","rios":" ","telefono":"02962-493126","direccion":"Riquelme 85","ciudad":"El Chalten","codigo_pos":"9301","jurisdicci":" ","latitud":"49°19'56\" S","longitud":"72°53'23\" W","region":2,"frontera":" ","mail":" ","senal":" ","frecuencia":" ","canal_comu":" ","nombre_est":" ","lat_dd":-49.332222219999998,"lon_dd":-72.88972222000001}},{"type":"Feature","id":430,"geometry":{"type":"Point","coordinates":[-64.350046443999986,-22.733414693999975]},"properties":{"objectid":430,"objectid_1":0,"dependenci":"OPERATIVO DE SEGURIDAD AGUAS BLANCAS","cod_numer":" ","dep_organ":" ","cuatrigram":"OSAG","nivel":"II","provincia":"SALTA","zona":"PZPP","rios":"BERMEJO","telefono":" ","direccion":" ","ciudad":" ","codigo_pos":" ","jurisdicci":" ","latitud":"22° 44',2929\" S","longitud":"64° 21',1672\" S","region":0,"frontera":" ","mail":" ","senal":" ","frecuencia":" ","canal_comu":" ","nombre_est":" ","lat_dd":-22.73341469,"lon_dd":-64.35004644}},{"type":"Feature","id":432,"geometry":{"type":"Point","coordinates":[-57.084816807999971,-29.717635710999957]},"properties":{"objectid":432,"objectid_1":0,"dependenci":"EFOCAPEMM PASO DE LOS LIBRES","cod_numer":"8623","dep_organ":"LIBR - PASO DE LOS LIBRES","cuatrigram":"EMLI","nivel":" ","provincia":"CORRIENTES","zona":" PZAU","rios":" ","telefono":" 03772-424327","direccion":"Colón 423","ciudad":"Paso de los Libres","codigo_pos":"3521","jurisdicci":" ","latitud":"29° 43' 3,48856\" S","longitud":"57° 5' 5,34051\" W","region":0,"frontera":" ","mail":"libr-efocapemm@prefecturanaval.gov.ar","senal":" ","frecuencia":" ","canal_comu":" ","nombre_est":" ","lat_dd":-29.71763571,"lon_dd":-57.08481681}},{"type":"Feature","id":433,"geometry":{"type":"Point","coordinates":[-59.645232927999984,-30.736833424999929]},"properties":{"objectid":433,"objectid_1":0,"dependenci":"EFOCAPEMM LA PAZ","cod_numer":"8448","dep_organ":"LPAZ - LA PAZ","cuatrigram":"EMLZ","nivel":" ","provincia":"ENTRE RIOS","zona":"PZBP","rios":" ","telefono":"03437-423902","direccion":"Berutti 825","ciudad":"La Paz","codigo_pos":"3190","jurisdicci":" ","latitud":"30° 44' 12,60033\" S","longitud":"59° 38' 42,83854\" W","region":0,"frontera":" ","mail":"lpaz-efocapemm@prefecturanaval.gov.ar","senal":" ","frecuencia":" ","canal_comu":" ","nombre_est":" ","lat_dd":-30.736833429999997,"lon_dd":-59.645232930000006}},{"type":"Feature","id":436,"geometry":{"type":"Point","coordinates":[-54.69583330599994,-26.43219647199993]},"properties":{"objectid":436,"objectid_1":0,"dependenci":"EFOCAPEMM ELDORADO","cod_numer":"8301","dep_organ":"ELDO - ELDORADO","cuatrigram":"EMEL","nivel":" ","provincia":"MISIONES","zona":"PZAP","rios":" ","telefono":"03754-482230","direccion":"Puerto Pinares, Av.9 De Julio 2590","ciudad":"El Dorado","codigo_pos":"3380","jurisdicci":" ","latitud":"26° 25' 55,90730\" S","longitud":"54° 41' 44,99990\" W","region":0,"frontera":" ","mail":"eldo-efocapemm@prefecturanaval.gov.ar","senal":" ","frecuencia":" ","canal_comu":" ","nombre_est":" ","lat_dd":-26.432196469999997,"lon_dd":-54.695833309999998}},{"type":"Feature","id":437,"geometry":{"type":"Point","coordinates":[-58.136964260999946,-32.215487196999959]},"properties":{"objectid":437,"objectid_1":0,"dependenci":"EFOCAPEMM COLÓN","cod_numer":"8172","dep_organ":"CLON - COLON","cuatrigram":"EMCL","nivel":" ","provincia":"ENTRE RIOS","zona":"PZBU","rios":" ","telefono":"03447-421619","direccion":"Alejo Peyret 176-198","ciudad":"COLON","codigo_pos":"3280","jurisdicci":" ","latitud":"32° 12' 55,75391\" S","longitud":"58° 8' 13,07134\" W","region":0,"frontera":" ","mail":" clon-efocapemm@prefecturanaval.gov.ar","senal":" ","frecuencia":" ","canal_comu":" ","nombre_est":" ","lat_dd":-32.215487200000005,"lon_dd":-58.136964259999999}},{"type":"Feature","id":439,"geometry":{"type":"Point","coordinates":[-58.578926027999955,-34.420223024999984]},"properties":{"objectid":439,"objectid_1":0,"dependenci":"EFOCAPEMM TIGRE","cod_numer":"8851","dep_organ":"TIGR - TIGRE","cuatrigram":"EMTG","nivel":" ","provincia":"BUENOS AIRES","zona":"PZDE","rios":" ","telefono":"011-4510200","direccion":"Gral. Bartolomé Mitre Nº 165","ciudad":"Tigre","codigo_pos":" ","jurisdicci":" ","latitud":"34° 25' 12,80289\" S","longitud":"58° 34' 44,13370\" W","region":0,"frontera":" ","mail":"tigr-efocapemm@prefecturanaval.gov.ar","senal":" ","frecuencia":" ","canal_comu":" ","nombre_est":" ","lat_dd":-34.420223030000002,"lon_dd":-58.578926029999998}},{"type":"Feature","id":440,"geometry":{"type":"Point","coordinates":[-62.273103030999948,-38.787350191999963]},"properties":{"objectid":440,"objectid_1":0,"dependenci":"EFOCAPEMM BAHÍA BLANCA","cod_numer":"8057","dep_organ":"BBLA - BAHIA BLANCA","cuatrigram":"EMBB","nivel":" ","provincia":"BUENOS AIRES","zona":"PZMN","rios":" ","telefono":"02914571488","direccion":"Don Ernesto Pilling E/c 5 y 6","ciudad":"BAHIA BLANCA","codigo_pos":"8103","jurisdicci":" ","latitud":"38° 47' 14,46069\" S","longitud":"62° 16' 23,17091\" W","region":0,"frontera":" ","mail":"bbla-efocapemm@prefecturanaval.gov.ar","senal":" ","frecuencia":" ","canal_comu":" ","nombre_est":" ","lat_dd":-38.787350190000005,"lon_dd":-62.273103030000001}},{"type":"Feature","id":441,"geometry":{"type":"Point","coordinates":[-71.295830285999955,-41.135147502999985]},"properties":{"objectid":441,"objectid_1":0,"dependenci":"EFOCAPEMM SAN CARLOS DE BARILOCHE","cod_numer":"8786","dep_organ":"SCBA - SAN CARLOS DE BARILOCHE","cuatrigram":"EMSB","nivel":" ","provincia":"RIO NEGRO","zona":"PZLC","rios":" ","telefono":"0294-434292","direccion":"Obernador Elordi Nº 219","ciudad":"San Carlos de Bariloche","codigo_pos":"3013","jurisdicci":" ","latitud":"41° 8' 6,531012\" S","longitud":"71° 17' 44,98903\" W","region":0,"frontera":" ","mail":"scba-efocapemm@prefecturanaval.gov.ar","senal":" ","frecuencia":" ","canal_comu":" ","nombre_est":" ","lat_dd":-41.135147500000002,"lon_dd":-71.295830289999998}},{"type":"Feature","id":442,"geometry":{"type":"Point","coordinates":[-65.035371071999975,-42.762158846999966]},"properties":{"objectid":442,"objectid_1":0,"dependenci":"EFOCAPEMM PUERTO MADRYN","cod_numer":"8493","dep_organ":"MADR - PUERTO MADRYN","cuatrigram":"EMPM","nivel":" ","provincia":"CHUBUT","zona":"PZMN","rios":" ","telefono":"02804451603","direccion":"Martín J. Thompson Nº 47","ciudad":" Puerto Madryn","codigo_pos":"9120","jurisdicci":" ","latitud":"42° 45' 43,77185\" S","longitud":"65° 2' 7,33586\" W","region":0,"frontera":" ","mail":"madr-efocapemm@prefecturanaval.gov.ar","senal":" ","frecuencia":" ","canal_comu":" ","nombre_est":" ","lat_dd":-42.762158849999999,"lon_dd":-65.035371070000011}},{"type":"Feature","id":443,"geometry":{"type":"Point","coordinates":[-57.540519238999934,-38.049028457999952]},"properties":{"objectid":443,"objectid_1":0,"dependenci":"EFOCAPEMM MAR DEL PLATA","cod_numer":"8506","dep_organ":"MPLA - MAR DEL PLATA","cuatrigram":"EMMP","nivel":" ","provincia":"BUENOS AIRES","zona":"PZMN","rios":" ","telefono":"0223-4800715","direccion":"Eterno San Antonio Abate 368","ciudad":"Mar del Plata","codigo_pos":" ","jurisdicci":" ","latitud":"38° 2' 56,50245\" S","longitud":"57° 32' 25,86926\" W","region":0,"frontera":" ","mail":"mpla-efocapemm@prefecturanaval.gov.ar","senal":" ","frecuencia":" ","canal_comu":" ","nombre_est":" ","lat_dd":-38.049028460000002,"lon_dd":-57.540519240000002}},{"type":"Feature","id":444,"geometry":{"type":"Point","coordinates":[-58.704265616999976,-38.574501882999982]},"properties":{"objectid":444,"objectid_1":0,"dependenci":"EFOCAPEMM QUEQUÉN","cod_numer":"8703","dep_organ":"QUEQ - QUEQUEN","cuatrigram":"EMQQ","nivel":" ","provincia":"BUENOS AIRES","zona":"PZMN","rios":" ","telefono":"02262-450514","direccion":"Calle 507 Nº 945","ciudad":"QUEQUEN","codigo_pos":"7631","jurisdicci":" ","latitud":"38° 34' 28,20678\" S","longitud":"58° 42' 15,35622\" W","region":0,"frontera":" ","mail":"queq-efocapemm@prefecturanaval.gov.ar","senal":" ","frecuencia":" ","canal_comu":" ","nombre_est":" ","lat_dd":-38.57450188,"lon_dd":-58.704265620000001}},{"type":"Feature","id":446,"geometry":{"type":"Point","coordinates":[-65.061161166999966,-43.33771805799995]},"properties":{"objectid":446,"objectid_1":0,"dependenci":"EFOCAPEMM RAWSON","cod_numer":"8708","dep_organ":"RAWS - RAWSON","cuatrigram":"EMRW","nivel":" ","provincia":"CHUBUT","zona":"PZMN","rios":" ","telefono":"0280-4496004","direccion":"Av. Marcelino González S/n°","ciudad":"Union","codigo_pos":"9103","jurisdicci":" ","latitud":"43° 20' 15,78501\" S","longitud":"65° 3' 40,18020\" W","region":0,"frontera":" ","mail":"raws-efocapemm@prefecturanaval.gov.ar","senal":" ","frecuencia":" ","canal_comu":" ","nombre_est":" ","lat_dd":-43.33771806,"lon_dd":-65.061161169999991}},{"type":"Feature","id":447,"geometry":{"type":"Point","coordinates":[-67.474551427999984,-45.860252005999939]},"properties":{"objectid":447,"objectid_1":0,"dependenci":"EFOCAPEMM COMODORO RIVADAVIA","cod_numer":"8194","dep_organ":"CRIV - COMODORO RIVADAVIA","cuatrigram":"EMCR","nivel":" ","provincia":"CHUBUT","zona":"PZMS","rios":" ","telefono":"0297-4473863","direccion":"Maximo Abasolo 951","ciudad":"Comodoro Rivadavia","codigo_pos":"9000","jurisdicci":" ","latitud":"45° 51' 36,90722\" S","longitud":"67° 28' 28,38514\" W","region":0,"frontera":" ","mail":"criv-efocapemm@prefecturanaval.gov.ar","senal":" ","frecuencia":" ","canal_comu":" ","nombre_est":" ","lat_dd":-45.860252009999996,"lon_dd":-67.474551430000005}},{"type":"Feature","id":448,"geometry":{"type":"Point","coordinates":[-58.835686110999973,-27.462119443999939]},"properties":{"objectid":448,"objectid_1":0,"dependenci":"EFOCAPEMM CORRIENTES","cod_numer":"8223","dep_organ":"CORR - CORRIENTES","cuatrigram":"EMCO","nivel":" ","provincia":"CORRIENTES","zona":"PZPP","rios":" ","telefono":"03794-430865","direccion":"Placido Martínez 1132","ciudad":"Corrientes","codigo_pos":"3400","jurisdicci":" ","latitud":"27° 27' 43,63\" S","longitud":"58° 50' 8,47\" W","region":0,"frontera":" ","mail":"corr-efocapemm@prefecturanaval.gov.ar","senal":" ","frecuencia":" ","canal_comu":" ","nombre_est":" ","lat_dd":-27.462119439999999,"lon_dd":-58.835686109999997}},{"type":"Feature","id":449,"geometry":{"type":"Point","coordinates":[-68.297624999999982,-54.805358332999958]},"properties":{"objectid":449,"objectid_1":0,"dependenci":"EFOCAPEMM USHUAIA E ISLAS DEL ATLÁNTICO SUR","cod_numer":"8852","dep_organ":"USHU - USHUAIA E ISLAS DEL ATLANTICO SUR","cuatrigram":"EMUS","nivel":" ","provincia":"TIERRA DEL FUEGO","zona":"PZMS","rios":" ","telefono":"02901-421425","direccion":"Maipú Yagánes 98","ciudad":"Ushuaia","codigo_pos":"9410","jurisdicci":" ","latitud":"54° 48' 19,29\" S","longitud":"68° 17' 51,45\" W","region":0,"frontera":" ","mail":"ushu-efocapemm@prefecturanaval.gov.ar","senal":" ","frecuencia":" ","canal_comu":" ","nombre_est":" ","lat_dd":-54.805358330000004,"lon_dd":-68.297624999999996}},{"type":"Feature","id":450,"geometry":{"type":"Point","coordinates":[-67.512536110999974,-46.440591666999978]},"properties":{"objectid":450,"objectid_1":0,"dependenci":"EFOCAPEMM CALETA OLIVIA","cod_numer":"8123","dep_organ":"OLVA - CALETA OLIVIA","cuatrigram":"EMCA","nivel":" ","provincia":"SANTA CRUZ","zona":" ","rios":" ","telefono":"0297-4851275","direccion":"Av. De Los Mártires Del Crucero General Belgrano Nº 60","ciudad":" ","codigo_pos":" ","jurisdicci":" ","latitud":"46° 26' 26,13\" S","longitud":"67° 30' 45,13\" W","region":0,"frontera":" ","mail":"olva-efocapemm@prefecturanaval.gov.ar","senal":" ","frecuencia":" ","canal_comu":" ","nombre_est":" ","lat_dd":-46.440591670000003,"lon_dd":-67.512536109999999}},{"type":"Feature","id":451,"geometry":{"type":"Point","coordinates":[-65.908577777999938,-47.753094443999942]},"properties":{"objectid":451,"objectid_1":0,"dependenci":"EFOCAPEMM PUERTO DESEADO","cod_numer":"8297","dep_organ":"DESE - PUERTO DESEADO","cuatrigram":"EMDE","nivel":" ","provincia":"SANTA CRUZ","zona":"PZMS","rios":" ","telefono":"0297-4872322","direccion":"España  Nº 1828","ciudad":"Puerto Deseado","codigo_pos":"9050","jurisdicci":" ","latitud":"47° 45' 11,14\" S","longitud":"65° 54' 30,88\" W","region":0,"frontera":" ","mail":"dese-efocapemm@prefecturanaval.gov.ar","senal":" ","frecuencia":" ","canal_comu":" ","nombre_est":" ","lat_dd":-47.753094439999998,"lon_dd":-65.908577780000002}},{"type":"Feature","id":452,"geometry":{"type":"Point","coordinates":[-69.21370277799997,-51.615141666999932]},"properties":{"objectid":452,"objectid_1":0,"dependenci":"EFOCAPEMM RÍO GALLEGOS E ISLAS MALVINAS","cod_numer":"8733","dep_organ":"RGAL - RIO GALLEGOS E ISLAS MALVINAS","cuatrigram":"EMRG","nivel":" ","provincia":"SANTA CRUZ","zona":"PZMS","rios":" ","telefono":"02966-420375","direccion":"Pasaje Abuela Paredes Nº 071","ciudad":"Gallegos","codigo_pos":"9400","jurisdicci":" ","latitud":"51° 36' 54,51\" S","longitud":"69° 12' 49,33\" W","region":0,"frontera":" ","mail":"rgal-efocapemm@prefecturanaval.gov.ar","senal":" ","frecuencia":" ","canal_comu":" ","nombre_est":" ","lat_dd":-51.61514167,"lon_dd":-69.213702780000006}},{"type":"Feature","id":453,"geometry":{"type":"Point","coordinates":[-59.272749999999974,-29.143974999999955]},"properties":{"objectid":453,"objectid_1":0,"dependenci":"EFOCAPEMM GOYA","cod_numer":"8333","dep_organ":"GOYA - GOYA","cuatrigram":"EMGO","nivel":" ","provincia":"CORRIENTES","zona":"PZPP","rios":" ","telefono":"03794-430865","direccion":"Caaú Y 25 De Mayo","ciudad":"Goya","codigo_pos":"3450","jurisdicci":" ","latitud":"29° 8' 38,31\" S","longitud":"59° 16' 21,90\" W","region":0,"frontera":" ","mail":"corr-efocapemm@prefecturanaval.gov.ar","senal":" ","frecuencia":" ","canal_comu":" ","nombre_est":" ","lat_dd":-29.143974999999998,"lon_dd":-59.272750000000002}},{"type":"Feature","id":454,"geometry":{"type":"Point","coordinates":[-58.163097221999976,-26.182052777999957]},"properties":{"objectid":454,"objectid_1":0,"dependenci":"EFOCAPEMM FORMOSA","cod_numer":"8306","dep_organ":"FORM - FORMOSA","cuatrigram":"EMFO","nivel":" ","provincia":"FORMOSA","zona":"PZPP","rios":" ","telefono":"0370-4430811","direccion":"Av. 25 De Mayo Y Ribera","ciudad":"Formosa","codigo_pos":"3600","jurisdicci":" ","latitud":"26° 10' 55,39\" S","longitud":"58° 9' 47,15\" W","region":0,"frontera":" ","mail":"form-efocapemm@prefecturanaval.gov.ar","senal":" ","frecuencia":" ","canal_comu":" ","nombre_est":" ","lat_dd":-26.182052779999999,"lon_dd":-58.163097219999997}},{"type":"Feature","id":455,"geometry":{"type":"Point","coordinates":[-57.898130555999956,-34.874377777999939]},"properties":{"objectid":455,"objectid_1":0,"dependenci":"EFOCAPEMM LA PLATA","cod_numer":"8449","dep_organ":"LPLA - LA PLATA","cuatrigram":"EMLP","nivel":" ","provincia":"BUENOS AIRES","zona":"PZRP","rios":" ","telefono":"0221-46444003","direccion":"Cabecera del Dock central, Baradero y B1923 Berisso","ciudad":"La Plata","codigo_pos":"1925","jurisdicci":" ","latitud":"34° 52' 27,76\" S","longitud":"57° 53' 53,27\" W","region":0,"frontera":" ","mail":"lpla-efocapemm@prefecturanaval.gov.ar","senal":" ","frecuencia":" ","canal_comu":" ","nombre_est":" ","lat_dd":-34.874377779999996,"lon_dd":-57.898130559999998}},{"type":"Feature","id":456,"geometry":{"type":"Point","coordinates":[-58.380880555999966,-34.575313888999972]},"properties":{"objectid":456,"objectid_1":0,"dependenci":"EFOCAPEMM","cod_numer":" ","dep_organ":"ESCUELA NACIONAL DE SALVAMENTO Y BUCEO","cuatrigram":" ","nivel":" ","provincia":"BUENOS AIRES","zona":"PZRP","rios":" ","telefono":" 4313-0015","direccion":"Edison 988","ciudad":"Ciudad Autonoma de Buenos Aires","codigo_pos":" ","jurisdicci":" ","latitud":"34° 34' 31,13\" S","longitud":"58° 22' 51,17\" W","region":0,"frontera":" ","mail":"enss-efocapemm@prefecturanaval.gov.ar","senal":" ","frecuencia":" ","canal_comu":" ","nombre_est":" ","lat_dd":-34.575313889999997,"lon_dd":-58.380880560000001}},{"type":"Feature","id":457,"geometry":{"type":"Point","coordinates":[-59.023130555999956,-34.088641666999933]},"properties":{"objectid":457,"objectid_1":0,"dependenci":"EFOCAPEMM INSTITUTOS DE FORMACION","cod_numer":" ","dep_organ":"DEPARTAMENTO ACADEMICO ESCUELA DE SUBOFICIALES","cuatrigram":" ","nivel":" ","provincia":"BUENOS AIRES","zona":"DEDU","rios":" ","telefono":"03487-434452","direccion":"Cruc. Ara Belgrano Y Rivadavia","ciudad":"Zarate","codigo_pos":"2800","jurisdicci":" ","latitud":"34° 5' 19,11\" S","longitud":"59° 1' 23,27\" W","region":0,"frontera":" ","mail":"ifor-efocapemm@prefecturanaval.gov.ar","senal":" ","frecuencia":" ","canal_comu":" ","nombre_est":" ","lat_dd":-34.088641670000001,"lon_dd":-59.023130559999998}},{"type":"Feature","id":107,"geometry":{"type":"Point","coordinates":[-58.376229166999963,-34.580705555999941]},"properties":{"objectid":107,"objectid_1":192,"dependenci":"BUENOS AIRES","cod_numer":"8107","dep_organ":"PZRP - RIO DE LA PLATA","cuatrigram":"BSAS","nivel":"I","provincia":"CABA","zona":"PZRP","rios":"RIO DE LA PLATA","telefono":"01145767657","direccion":"Prefectura Naval Argentina S/N y Ramon S. Castillo","ciudad":"Ciudad Autonoma de Buenos Aires","codigo_pos":"1414","jurisdicci":"Río de la Plata desde la Av. General Paz pase por el km 28,500 del canal Emilio Mitre, de allí en línea con rumbo verdadero de 039º corte el km. 97,800 del canal Martín García.","latitud":"34° 34' 50,540\" S","longitud":"58° 22' 34,425\" W","region":1,"frontera":" ","mail":"bsas@prefecturanaval.gov.ar","senal":"L2G","frecuencia":"(1)156,450M(2)156,625M(3)156,700M(4)156,800(5)156,875M","canal_comu":"(1)09 (2)12 (3)14 (4)16(5)77","nombre_est":"Buenos Aires Prefectura Naval Radio","lat_dd":-34.580705559999998,"lon_dd":-58.376229169999995}},{"type":"Feature","id":172,"geometry":{"type":"Point","coordinates":[-58.376075277999973,-34.581013610999946]},"properties":{"objectid":172,"objectid_1":103,"dependenci":"ZONA RIO DE LA PLATA","cod_numer":" ","dep_organ":" ","cuatrigram":"PZRP","nivel":"ZONA","provincia":"CABA","zona":"PZRP","rios":"RIO DE LA PLATA","telefono":"01145767646","direccion":"Prefectura Naval Argentina S/N y Ramon S. Castillo","ciudad":"Ciudad Autonoma de Buenos Aires","codigo_pos":"1414","jurisdicci":"Desde la línea imaginaria que partiendo de la Av. General Paz, pase por el km. 28,500 del canal Emilio Mitre, de allí en línea con rumbo verdadero de 039º corte el km. 97,800.","latitud":"34° 34' 51,649\" S","longitud":"58° 22' 33,871\" W","region":1,"frontera":" ","mail":"pzrp-operaciones@prefecturanaval.gov.ar","senal":"L2G","frecuencia":"156,450Mhz-156,625Mhz-156,700Mhz-156,800-156,875Mhz","canal_comu":"09-12-14-16-77","nombre_est":"Buenos Aires Prefectura Naval Radio","lat_dd":-34.581013610000007,"lon_dd":-58.376075279999995}},{"type":"Feature","id":223,"geometry":{"type":"Point","coordinates":[-58.367634721999934,-34.604610832999981]},"properties":{"objectid":223,"objectid_1":243,"dependenci":"DEPARTAMENTO ADQUISICIONES","cod_numer":" ","dep_organ":" ","cuatrigram":"ADQU","nivel":"DEPARTAMENTO","provincia":"CABA","zona":"DAFI","rios":"RIO DE LA PLATA","telefono":" ","direccion":"Eduardo Madero 235","ciudad":"Ciudad Autonoma de Buenos Aires","codigo_pos":" ","jurisdicci":" ","latitud":"34° 36' 16,599\" S","longitud":"58° 22' 3,485\" W","region":1,"frontera":" ","mail":" ","senal":" ","frecuencia":" ","canal_comu":" ","nombre_est":" ","lat_dd":-34.604610829999999,"lon_dd":-58.367634720000005}},{"type":"Feature","id":458,"geometry":{"type":"Point","coordinates":[-65.026163888999974,-41.694727777999958]},"properties":{"objectid":458,"objectid_1":0,"dependenci":"EFOCAPEMM PUNTA COLORADA","cod_numer":"8702","dep_organ":"PCOL - PUNTA COLORADA","cuatrigram":"EMPC","nivel":" ","provincia":"RIO NEGRO","zona":"PZMN","rios":" ","telefono":"02934-481154","direccion":"Villa Hi.pa.r.s.a. Sector “d” Casa Nº 12","ciudad":"Punta Colorada","codigo_pos":"8532","jurisdicci":" ","latitud":"41° 41' 41,02\" S","longitud":"65° 1' 34,19\" W","region":0,"frontera":" ","mail":"pcol-efocapemm@prefecturanaval.gov.ar","senal":" ","frecuencia":" ","canal_comu":" ","nombre_est":" ","lat_dd":-41.694727780000001,"lon_dd":-65.026163890000007}},{"type":"Feature","id":227,"geometry":{"type":"Point","coordinates":[-58.355403610999986,-34.622565832999953]},"properties":{"objectid":227,"objectid_1":240,"dependenci":"AGRUPACION GUARDACOSTAS","cod_numer":" ","dep_organ":" ","cuatrigram":"AGGU","nivel":"II","provincia":"CABA","zona":"DPRO","rios":"RIO DE LA PLATA","telefono":"01143074819","direccion":"Francisco Pareja 125","ciudad":"Ciudad Autonoma de Buenos Aires","codigo_pos":" ","jurisdicci":" ","latitud":"34° 37' 21,237\" S","longitud":"58° 21' 19,453\" W","region":1,"frontera":" ","mail":" ","senal":" ","frecuencia":" ","canal_comu":" ","nombre_est":" ","lat_dd":-34.622565829999999,"lon_dd":-58.355403610000003}},{"type":"Feature","id":228,"geometry":{"type":"Point","coordinates":[-58.357008332999953,-34.624130555999955]},"properties":{"objectid":228,"objectid_1":221,"dependenci":"DEPARTAMENTO ARCHIVO CENTRAL","cod_numer":" ","dep_organ":" ","cuatrigram":"ARCH","nivel":"DEPARTAMENTO","provincia":"CABA","zona":"SGEN","rios":"RIO DE LA PLATA","telefono":" ","direccion":"Benito Correa 1058","ciudad":"Ciudad Autonoma de Buenos Aires","codigo_pos":" ","jurisdicci":" ","latitud":"34° 37' 26,870\" S","longitud":"58° 21' 25,230\" W","region":1,"frontera":" ","mail":" ","senal":" ","frecuencia":" ","canal_comu":" ","nombre_est":" ","lat_dd":-34.624130559999998,"lon_dd":-58.357008329999999}},{"type":"Feature","id":229,"geometry":{"type":"Point","coordinates":[-58.354777499999955,-34.632394721999958]},"properties":{"objectid":229,"objectid_1":247,"dependenci":"DEPARTAMENTO ARMAS Y AUTOMOTORES","cod_numer":" ","dep_organ":" ","cuatrigram":"ARMO","nivel":"DEPARTAMENTO","provincia":"CABA","zona":"DMAT","rios":"RIO DE LA PLATA","telefono":" ","direccion":"Brandsen 65","ciudad":"Ciudad Autonoma de Buenos Aires","codigo_pos":" ","jurisdicci":" ","latitud":"34° 37' 56,621\" S","longitud":"58° 21' 17,199\" W","region":1,"frontera":" ","mail":" ","senal":" ","frecuencia":" ","canal_comu":" ","nombre_est":" ","lat_dd":-34.632394720000001,"lon_dd":-58.354777500000004}},{"type":"Feature","id":230,"geometry":{"type":"Point","coordinates":[-58.367634721999934,-34.604610832999981]},"properties":{"objectid":230,"objectid_1":248,"dependenci":"ASUNTOS ANTARTICOS","cod_numer":" ","dep_organ":" ","cuatrigram":"ASAN","nivel":"DEPARTAMENTO","provincia":"CABA","zona":"PNAR","rios":"RIO DE LA PLATA","telefono":" ","direccion":"Eduardo Madero 235","ciudad":"Ciudad Autonoma de Buenos Aires","codigo_pos":" ","jurisdicci":" ","latitud":"34° 36' 16,599\" S","longitud":"58° 22' 3,485\" W","region":1,"frontera":" ","mail":" ","senal":" ","frecuencia":" ","canal_comu":" ","nombre_est":" ","lat_dd":-34.604610829999999,"lon_dd":-58.367634720000005}},{"type":"Feature","id":231,"geometry":{"type":"Point","coordinates":[-58.357008332999953,-34.624130555999955]},"properties":{"objectid":231,"objectid_1":249,"dependenci":"DEPARTAMENTO ASUNTOS HISTORICOS","cod_numer":" ","dep_organ":" ","cuatrigram":"ASHI","nivel":"DEPARTAMENTO","provincia":"CABA","zona":"SGEN","rios":"RIO DE LA PLATA","telefono":" ","direccion":"Benito Correa 1058","ciudad":"Ciudad Autonoma de Buenos Aires","codigo_pos":" ","jurisdicci":" ","latitud":"34° 37' 26,870\" S","longitud":"58° 21' 25,230\" W","region":1,"frontera":" ","mail":" ","senal":" ","frecuencia":" ","canal_comu":" ","nombre_est":" ","lat_dd":-34.624130559999998,"lon_dd":-58.357008329999999}},{"type":"Feature","id":232,"geometry":{"type":"Point","coordinates":[-58.367634721999934,-34.604610832999981]},"properties":{"objectid":232,"objectid_1":250,"dependenci":"SECRETARIA ASUNTOS INTERNACIONALES","cod_numer":" ","dep_organ":" ","cuatrigram":"ASIN","nivel":"DEPARTAMENTO","provincia":"CABA","zona":"PNAR","rios":"RIO DE LA PLATA","telefono":" ","direccion":"Eduardo Madero 235","ciudad":"Ciudad Autonoma de Buenos Aires","codigo_pos":" ","jurisdicci":" ","latitud":"34° 36' 16,599\" S","longitud":"58° 22' 3,485\" W","region":1,"frontera":" ","mail":" ","senal":" ","frecuencia":" ","canal_comu":" ","nombre_est":" ","lat_dd":-34.604610829999999,"lon_dd":-58.367634720000005}},{"type":"Feature","id":233,"geometry":{"type":"Point","coordinates":[-58.367634721999934,-34.604610832999981]},"properties":{"objectid":233,"objectid_1":251,"dependenci":"ASESORIA JURIDICA","cod_numer":" ","dep_organ":" ","cuatrigram":"ASJU","nivel":"DEPARTAMENTO","provincia":"CABA","zona":"PNAR","rios":"RIO DE LA PLATA","telefono":" ","direccion":"Eduardo Madero 235","ciudad":"Ciudad Autonoma de Buenos Aires","codigo_pos":" ","jurisdicci":" ","latitud":"34° 36' 16,599\" S","longitud":"58° 22' 3,485\" W","region":1,"frontera":" ","mail":" ","senal":" ","frecuencia":" ","canal_comu":" ","nombre_est":" ","lat_dd":-34.604610829999999,"lon_dd":-58.367634720000005}},{"type":"Feature","id":352,"geometry":{"type":"Point","coordinates":[-60.625399999999956,-32.950692499999946]},"properties":{"objectid":352,"objectid_1":341,"dependenci":"GUARDACOSTAS PNA \"GOLFO SAN MATIAS\"","cod_numer":"8366","dep_organ":"PZBP - BAJO PARANA","cuatrigram":"GCSM","nivel":"DIVISIÓN","provincia":"SANTA FE","zona":"PZBP","rios":"RIO PARANA","telefono":" ","direccion":"Apostadero Rosario","ciudad":"Rosario","codigo_pos":" ","jurisdicci":" ","latitud":"32° 57' 2,493\" S","longitud":"60° 37' 31,440\" W","region":1,"frontera":" ","mail":" ","senal":" ","frecuencia":" ","canal_comu":" ","nombre_est":" ","lat_dd":-32.950692500000002,"lon_dd":-60.625399999999999}},{"type":"Feature","id":398,"geometry":{"type":"Point","coordinates":[-55.981472221999979,-35.100774999999942]},"properties":{"objectid":398,"objectid_1":322,"dependenci":"ESTACIONARIO RECALADA","cod_numer":" ","dep_organ":" ","cuatrigram":"RECA","nivel":"DEPARTAMENTO","provincia":"BUENOS AIRES","zona":"DIOP","rios":"RIO DE LA PLATA","telefono":" ","direccion":" ","ciudad":" ","codigo_pos":" ","jurisdicci":" ","latitud":"35° 6' 2,790\" S","longitud":"55° 58' 53,300\" W","region":1,"frontera":" ","mail":" ","senal":" ","frecuencia":" ","canal_comu":" ","nombre_est":" ","lat_dd":-35.100775000000006,"lon_dd":-55.981472220000001}},{"type":"Feature","id":434,"geometry":{"type":"Point","coordinates":[-60.633447043999979,-32.943149132999963]},"properties":{"objectid":434,"objectid_1":0,"dependenci":"EFOCAPEMM ROSARIO","cod_numer":"8745","dep_organ":"ROSA - ROSARIO","cuatrigram":"EMRO","nivel":" ","provincia":"SANTA FE","zona":"PZBP","rios":" ","telefono":"0341-4669657","direccion":"Av. Belgrano 321","ciudad":"Rosario","codigo_pos":"2000","jurisdicci":" ","latitud":"32° 56' 35,33688\" S","longitud":"60° 38' 0,40936\" W","region":0,"frontera":" ","mail":"rosa-efocapemm@prefecturanaval.gov.ar","senal":" ","frecuencia":" ","canal_comu":" ","nombre_est":" ","lat_dd":-32.943149130000002,"lon_dd":-60.63344704}},{"type":"Feature","id":459,"geometry":{"type":"Point","coordinates":[-64.429165478999948,-32.206820681999943]},"properties":{"objectid":459,"objectid_1":null,"dependenci":"EMBALSE RIO TERCERO","cod_numer":"8682","dep_organ":"PZBP - BAJO PARANA","cuatrigram":"EMBA","nivel":"III","provincia":"CORDOBA","zona":"PZBP","rios":null,"telefono":null,"direccion":null,"ciudad":null,"codigo_pos":null,"jurisdicci":null,"latitud":"-32,206822","longitud":"-64,429162","region":1,"frontera":null,"mail":null,"senal":null,"frecuencia":null,"canal_comu":null,"nombre_est":null,"lat_dd":null,"lon_dd":null}},{"type":"Feature","id":239,"geometry":{"type":"Point","coordinates":[-58.367634721999934,-34.604610832999981]},"properties":{"objectid":239,"objectid_1":257,"dependenci":"DEPARTAMENTO BIENES INMUEBLES","cod_numer":" ","dep_organ":" ","cuatrigram":"BINM","nivel":"DEPARTAMENTO","provincia":"CABA","zona":"DMAT","rios":"RIO DE LA PLATA","telefono":" ","direccion":"Eduardo Madero 235","ciudad":"Ciudad Autonoma de Buenos Aires","codigo_pos":" ","jurisdicci":" ","latitud":"34° 36' 16,599\" S","longitud":"58° 22' 3,485\" W","region":1,"frontera":" ","mail":" ","senal":" ","frecuencia":" ","canal_comu":" ","nombre_est":" ","lat_dd":-34.604610829999999,"lon_dd":-58.367634720000005}},{"type":"Feature","id":240,"geometry":{"type":"Point","coordinates":[-58.367634721999934,-34.604610832999981]},"properties":{"objectid":240,"objectid_1":258,"dependenci":"DEPARTAMENTO BIENES PATRIMONIALES","cod_numer":" ","dep_organ":" ","cuatrigram":"BPAT","nivel":"DEPARTAMENTO","provincia":"CABA","zona":"DAFI","rios":"RIO DE LA PLATA","telefono":" ","direccion":"Eduardo Madero 235","ciudad":"Ciudad Autonoma de Buenos Aires","codigo_pos":" ","jurisdicci":" ","latitud":"34° 36' 16,599\" S","longitud":"58° 22' 3,485\" W","region":1,"frontera":" ","mail":" ","senal":" ","frecuencia":" ","canal_comu":" ","nombre_est":" ","lat_dd":-34.604610829999999,"lon_dd":-58.367634720000005}},{"type":"Feature","id":241,"geometry":{"type":"Point","coordinates":[-58.367634721999934,-34.604610832999981]},"properties":{"objectid":241,"objectid_1":262,"dependenci":"DEPARTAMENTO BIENESTAR","cod_numer":" ","dep_organ":" ","cuatrigram":"BTAR","nivel":"DEPARTAMENTO","provincia":"CABA","zona":"DEBI","rios":"RIO DE LA PLATA","telefono":" ","direccion":"Eduardo Madero 235","ciudad":"Ciudad Autonoma de Buenos Aires","codigo_pos":" ","jurisdicci":" ","latitud":"34° 36' 16,599\" S","longitud":"58° 22' 3,485\" W","region":1,"frontera":" ","mail":" ","senal":" ","frecuencia":" ","canal_comu":" ","nombre_est":" ","lat_dd":-34.604610829999999,"lon_dd":-58.367634720000005}},{"type":"Feature","id":243,"geometry":{"type":"Point","coordinates":[-58.360550555999964,-34.617110277999984]},"properties":{"objectid":243,"objectid_1":264,"dependenci":"CAPELLANIA MAYOR","cod_numer":" ","dep_organ":" ","cuatrigram":"CAPE","nivel":"DEPARTAMENTO","provincia":"CABA","zona":"DEBI","rios":"RIO DE LA PLATA","telefono":" ","direccion":"Rosario Vera Peñaloza Y Aimé Paine","ciudad":"Ciudad Autonoma de Buenos Aires","codigo_pos":" ","jurisdicci":" ","latitud":"34° 37' 1,597\" S","longitud":"58° 21' 37,982\" W","region":1,"frontera":" ","mail":" ","senal":" ","frecuencia":" ","canal_comu":" ","nombre_est":" ","lat_dd":-34.617110279999999,"lon_dd":-58.36055056}},{"type":"Feature","id":244,"geometry":{"type":"Point","coordinates":[-58.376198332999934,-34.580885555999942]},"properties":{"objectid":244,"objectid_1":265,"dependenci":"CTRO. DE CAPACIT. Y ACT. EN TELECOMUNICACIONES","cod_numer":" ","dep_organ":" ","cuatrigram":"CCAT","nivel":"DEPARTAMENTO","provincia":"CABA","zona":"DICO","rios":"RIO DE LA PLATA","telefono":" ","direccion":"Prefectura Naval Argentina Y Av. Presidente Ramón S. Castillo","ciudad":"Ciudad Autonoma de Buenos Aires","codigo_pos":" ","jurisdicci":" ","latitud":"34° 34' 51,188\" S","longitud":"58° 22' 34,314\" W","region":1,"frontera":" ","mail":" ","senal":" ","frecuencia":" ","canal_comu":" ","nombre_est":" ","lat_dd":-34.580885559999999,"lon_dd":-58.376198330000001}},{"type":"Feature","id":245,"geometry":{"type":"Point","coordinates":[-58.367634721999934,-34.604610832999981]},"properties":{"objectid":245,"objectid_1":267,"dependenci":"DEPARTAMENTO CONTROL DE GESTION PRESUPUESTARIA","cod_numer":" ","dep_organ":" ","cuatrigram":"CGPR","nivel":"DEPARTAMENTO","provincia":"CABA","zona":"DMAT","rios":"RIO DE LA PLATA","telefono":" ","direccion":"Eduardo Madero 235","ciudad":"Ciudad Autonoma de Buenos Aires","codigo_pos":" ","jurisdicci":" ","latitud":"34° 36' 16,599\" S","longitud":"58° 22' 3,485\" W","region":1,"frontera":" ","mail":" ","senal":" ","frecuencia":" ","canal_comu":" ","nombre_est":" ","lat_dd":-34.604610829999999,"lon_dd":-58.367634720000005}},{"type":"Feature","id":249,"geometry":{"type":"Point","coordinates":[-58.367634721999934,-34.604610832999981]},"properties":{"objectid":249,"objectid_1":270,"dependenci":"CENTRO INTEGRAL DE GENERO","cod_numer":" ","dep_organ":" ","cuatrigram":"CIGE","nivel":"DEPARTAMENTO","provincia":"CABA","zona":"DPER","rios":"RIO DE LA PLATA","telefono":" ","direccion":"Eduardo Madero 235","ciudad":"Ciudad Autonoma de Buenos Aires","codigo_pos":" ","jurisdicci":" ","latitud":"34° 36' 16,599\" S","longitud":"58° 22' 3,485\" W","region":1,"frontera":" ","mail":" ","senal":" ","frecuencia":" ","canal_comu":" ","nombre_est":" ","lat_dd":-34.604610829999999,"lon_dd":-58.367634720000005}},{"type":"Feature","id":252,"geometry":{"type":"Point","coordinates":[-58.367634721999934,-34.604610832999981]},"properties":{"objectid":252,"objectid_1":273,"dependenci":"DEPARTAMENTO CONTENCIOSO","cod_numer":" ","dep_organ":" ","cuatrigram":"CIOS","nivel":"DEPARTAMENTO","provincia":"CABA","zona":"PNAR","rios":"RIO DE LA PLATA","telefono":" ","direccion":"Eduardo Madero 235","ciudad":"Ciudad Autonoma de Buenos Aires","codigo_pos":" ","jurisdicci":" ","latitud":"34° 36' 16,599\" S","longitud":"58° 22' 3,485\" W","region":1,"frontera":" ","mail":" ","senal":" ","frecuencia":" ","canal_comu":" ","nombre_est":" ","lat_dd":-34.604610829999999,"lon_dd":-58.367634720000005}},{"type":"Feature","id":253,"geometry":{"type":"Point","coordinates":[-58.357008332999953,-34.624130555999955]},"properties":{"objectid":253,"objectid_1":274,"dependenci":"DEPARTAMENTO CIENTIFICO PERICIAL","cod_numer":" ","dep_organ":" ","cuatrigram":"CIPE","nivel":"DEPARTAMENTO","provincia":"CABA","zona":"DJPM","rios":"RIO DE LA PLATA","telefono":" ","direccion":"Benito Correa 1058","ciudad":"Ciudad Autonoma de Buenos Aires","codigo_pos":" ","jurisdicci":" ","latitud":"34° 37' 26,870\" S","longitud":"58° 21' 25,230\" W","region":1,"frontera":" ","mail":" ","senal":" ","frecuencia":" ","canal_comu":" ","nombre_est":" ","lat_dd":-34.624130559999998,"lon_dd":-58.357008329999999}},{"type":"Feature","id":261,"geometry":{"type":"Point","coordinates":[-58.367634721999934,-34.604610832999981]},"properties":{"objectid":261,"objectid_1":230,"dependenci":"DEPARTAMENTO COMUNICACIONES","cod_numer":" ","dep_organ":" ","cuatrigram":"CNES","nivel":"DEPARTAMENTO","provincia":"CABA","zona":"DICO","rios":"RIO DE LA PLATA","telefono":" ","direccion":"Eduardo Madero 235","ciudad":"Ciudad Autonoma de Buenos Aires","codigo_pos":" ","jurisdicci":" ","latitud":"34° 36' 16,599\" S","longitud":"58° 22' 3,485\" W","region":1,"frontera":" ","mail":" ","senal":" ","frecuencia":" ","canal_comu":" ","nombre_est":" ","lat_dd":-34.604610829999999,"lon_dd":-58.367634720000005}},{"type":"Feature","id":262,"geometry":{"type":"Point","coordinates":[-58.367634721999934,-34.604610832999981]},"properties":{"objectid":262,"objectid_1":233,"dependenci":"DEPARTAMENTO CONTROL ENERGETICO","cod_numer":" ","dep_organ":" ","cuatrigram":"COEN","nivel":"DEPARTAMENTO","provincia":"CABA","zona":"DMAT","rios":"RIO DE LA PLATA","telefono":" ","direccion":"Eduardo Madero 235","ciudad":"Ciudad Autonoma de Buenos Aires","codigo_pos":" ","jurisdicci":" ","latitud":"34° 36' 16,599\" S","longitud":"58° 22' 3,485\" W","region":1,"frontera":" ","mail":" ","senal":" ","frecuencia":" ","canal_comu":" ","nombre_est":" ","lat_dd":-34.604610829999999,"lon_dd":-58.367634720000005}},{"type":"Feature","id":263,"geometry":{"type":"Point","coordinates":[-58.367634721999934,-34.604610832999981]},"properties":{"objectid":263,"objectid_1":234,"dependenci":"DEPARTAMENTO COORDINACION OMI","cod_numer":" ","dep_organ":" ","cuatrigram":"COMI","nivel":"DEPARTAMENTO","provincia":"CABA","zona":"PNAR","rios":"RIO DE LA PLATA","telefono":" ","direccion":"Eduardo Madero 235","ciudad":"Ciudad Autonoma de Buenos Aires","codigo_pos":" ","jurisdicci":" ","latitud":"34° 36' 16,599\" S","longitud":"58° 22' 3,485\" W","region":1,"frontera":" ","mail":" ","senal":" ","frecuencia":" ","canal_comu":" ","nombre_est":" ","lat_dd":-34.604610829999999,"lon_dd":-58.367634720000005}},{"type":"Feature","id":264,"geometry":{"type":"Point","coordinates":[-58.367634721999934,-34.604610832999981]},"properties":{"objectid":264,"objectid_1":235,"dependenci":"DEPARTAMENTO CONTABILIDAD","cod_numer":" ","dep_organ":" ","cuatrigram":"CONT","nivel":"DEPARTAMENTO","provincia":"CABA","zona":"DAFI","rios":"RIO DE LA PLATA","telefono":" ","direccion":"Eduardo Madero 235","ciudad":"Ciudad Autonoma de Buenos Aires","codigo_pos":" ","jurisdicci":" ","latitud":"34° 36' 16,599\" S","longitud":"58° 22' 3,485\" W","region":1,"frontera":" ","mail":" ","senal":" ","frecuencia":" ","canal_comu":" ","nombre_est":" ","lat_dd":-34.604610829999999,"lon_dd":-58.367634720000005}},{"type":"Feature","id":265,"geometry":{"type":"Point","coordinates":[-58.367634721999934,-34.604610832999981]},"properties":{"objectid":265,"objectid_1":237,"dependenci":"DEPARTAMENTO COORDINACION OBRA SOCIAL","cod_numer":" ","dep_organ":" ","cuatrigram":"COOS","nivel":"DEPARTAMENTO","provincia":"CABA","zona":"DEBI","rios":"RIO DE LA PLATA","telefono":" ","direccion":"Eduardo Madero 235","ciudad":"Ciudad Autonoma de Buenos Aires","codigo_pos":" ","jurisdicci":" ","latitud":"34° 36' 16,599\" S","longitud":"58° 22' 3,485\" W","region":1,"frontera":" ","mail":" ","senal":" ","frecuencia":" ","canal_comu":" ","nombre_est":" ","lat_dd":-34.604610829999999,"lon_dd":-58.367634720000005}},{"type":"Feature","id":266,"geometry":{"type":"Point","coordinates":[-58.367634721999934,-34.604610832999981]},"properties":{"objectid":266,"objectid_1":238,"dependenci":"DEPARTAMENTO  CONTROL RECAUDATORIO","cod_numer":" ","dep_organ":" ","cuatrigram":"CORE","nivel":"DEPARTAMENTO","provincia":"CABA","zona":"DPLA","rios":"RIO DE LA PLATA","telefono":" ","direccion":"Eduardo Madero 235","ciudad":"Ciudad Autonoma de Buenos Aires","codigo_pos":" ","jurisdicci":" ","latitud":"34° 36' 16,599\" S","longitud":"58° 22' 3,485\" W","region":1,"frontera":" ","mail":" ","senal":" ","frecuencia":" ","canal_comu":" ","nombre_est":" ","lat_dd":-34.604610829999999,"lon_dd":-58.367634720000005}},{"type":"Feature","id":267,"geometry":{"type":"Point","coordinates":[-58.400852499999985,-34.636414721999984]},"properties":{"objectid":267,"objectid_1":239,"dependenci":"UNIDAD CINTURON SUR 32","cod_numer":" ","dep_organ":" ","cuatrigram":"CS32","nivel":"DEPARTAMENTO","provincia":"CABA","zona":"DPRO","rios":"RIO DE LA PLATA","telefono":" ","direccion":"Avenida Caseros 2742","ciudad":"Ciudad Autonoma de Buenos Aires","codigo_pos":" ","jurisdicci":" ","latitud":"34° 38' 11,093\" S","longitud":"58° 24' 3,069\" W","region":1,"frontera":" ","mail":" ","senal":" ","frecuencia":" ","canal_comu":" ","nombre_est":" ","lat_dd":-34.636414720000005,"lon_dd":-58.400852499999999}},{"type":"Feature","id":268,"geometry":{"type":"Point","coordinates":[-58.473994721999986,-34.690529166999966]},"properties":{"objectid":268,"objectid_1":229,"dependenci":"UNIDAD CINTURON SUR 52","cod_numer":" ","dep_organ":" ","cuatrigram":"CS52","nivel":"DEPARTAMENTO","provincia":"CABA","zona":"DPRO","rios":"RIO DE LA PLATA","telefono":" ","direccion":"Gral. Fructuoso Rivera Y Montiel","ciudad":"Ciudad Autonoma de Buenos Aires","codigo_pos":" ","jurisdicci":" ","latitud":"34° 41' 25,905\" S","longitud":"58° 28' 26,381\" W","region":1,"frontera":" ","mail":" ","senal":" ","frecuencia":" ","canal_comu":" ","nombre_est":" ","lat_dd":-34.690529169999998,"lon_dd":-58.47399472}},{"type":"Feature","id":269,"geometry":{"type":"Point","coordinates":[-58.367634721999934,-34.604610832999981]},"properties":{"objectid":269,"objectid_1":232,"dependenci":"DEPARTAMENTO CIENTIFICO TECNOLOGICO","cod_numer":" ","dep_organ":" ","cuatrigram":"CTEG","nivel":"DEPARTAMENTO","provincia":"CABA","zona":"DPAM","rios":"RIO DE LA PLATA","telefono":" ","direccion":"Eduardo Madero 235","ciudad":"Ciudad Autonoma de Buenos Aires","codigo_pos":" ","jurisdicci":" ","latitud":"34° 36' 16,599\" S","longitud":"58° 22' 3,485\" W","region":1,"frontera":" ","mail":" ","senal":" ","frecuencia":" ","canal_comu":" ","nombre_est":" ","lat_dd":-34.604610829999999,"lon_dd":-58.367634720000005}},{"type":"Feature","id":271,"geometry":{"type":"Point","coordinates":[-58.367634721999934,-34.604610832999981]},"properties":{"objectid":271,"objectid_1":236,"dependenci":"DIRECCION DE BIENESTAR","cod_numer":" ","dep_organ":" ","cuatrigram":"DEBI","nivel":"DIRECCIÓN","provincia":"CABA","zona":"DEBI","rios":"RIO DE LA PLATA","telefono":" ","direccion":"Eduardo Madero 235","ciudad":"Ciudad Autonoma de Buenos Aires","codigo_pos":" ","jurisdicci":" ","latitud":"34° 36' 16,599\" S","longitud":"58° 22' 3,485\" W","region":1,"frontera":" ","mail":" ","senal":" ","frecuencia":" ","canal_comu":" ","nombre_est":" ","lat_dd":-34.604610829999999,"lon_dd":-58.367634720000005}},{"type":"Feature","id":274,"geometry":{"type":"Point","coordinates":[-58.367634721999934,-34.604610832999981]},"properties":{"objectid":274,"objectid_1":281,"dependenci":"DIRECCIÓN GENERAL DE ADMINISTRACIÓN Y LOGÍSTICA","cod_numer":" ","dep_organ":" ","cuatrigram":"DGAL","nivel":"DIRECCIÓN","provincia":"CABA","zona":"DGAL","rios":"RIO DE LA PLATA","telefono":" ","direccion":"Eduardo Madero 235","ciudad":"Ciudad Autonoma de Buenos Aires","codigo_pos":" ","jurisdicci":" ","latitud":"34° 36' 16,599\" S","longitud":"58° 22' 3,485\" W","region":1,"frontera":" ","mail":" ","senal":" ","frecuencia":" ","canal_comu":" ","nombre_est":" ","lat_dd":-34.604610829999999,"lon_dd":-58.367634720000005}},{"type":"Feature","id":275,"geometry":{"type":"Point","coordinates":[-58.367634721999934,-34.604610832999981]},"properties":{"objectid":275,"objectid_1":282,"dependenci":"DIRECCION GENERAL DE RECURSOS HUMANOS Y DESARROLLO","cod_numer":" ","dep_organ":" ","cuatrigram":"DGHD","nivel":"DIRECCIÓN","provincia":"CABA","zona":"DGHD","rios":"RIO DE LA PLATA","telefono":" ","direccion":"Eduardo Madero 235","ciudad":"Ciudad Autonoma de Buenos Aires","codigo_pos":" ","jurisdicci":" ","latitud":"34° 36' 16,599\" S","longitud":"58° 22' 3,485\" W","region":1,"frontera":" ","mail":" ","senal":" ","frecuencia":" ","canal_comu":" ","nombre_est":" ","lat_dd":-34.604610829999999,"lon_dd":-58.367634720000005}},{"type":"Feature","id":276,"geometry":{"type":"Point","coordinates":[-58.367634721999934,-34.604610832999981]},"properties":{"objectid":276,"objectid_1":284,"dependenci":"DIRECCION GENERAL DE SEGURIDAD","cod_numer":" ","dep_organ":" ","cuatrigram":"DGSE","nivel":"DIRECCIÓN","provincia":"CABA","zona":"DGSE","rios":"RIO DE LA PLATA","telefono":" ","direccion":"Eduardo Madero 235","ciudad":"Ciudad Autonoma de Buenos Aires","codigo_pos":" ","jurisdicci":" ","latitud":"34° 36' 16,599\" S","longitud":"58° 22' 3,485\" W","region":1,"frontera":" ","mail":" ","senal":" ","frecuencia":" ","canal_comu":" ","nombre_est":" ","lat_dd":-34.604610829999999,"lon_dd":-58.367634720000005}},{"type":"Feature","id":277,"geometry":{"type":"Point","coordinates":[-58.376198332999934,-34.580885555999942]},"properties":{"objectid":277,"objectid_1":285,"dependenci":"DIVISION INVEST. ACAECIMIENTOS DE LA NAVEGACION","cod_numer":"8157","dep_organ":"BSAS - BUENOS AIRES","cuatrigram":"DIAN","nivel":"DIVISIÓN","provincia":"CABA","zona":"PZRP","rios":"RIO DE LA PLATA","telefono":" ","direccion":"Prefectura Naval Argentina Y Av. Presidente Ramón S. Castillo","ciudad":"Ciudad Autonoma de Buenos Aires","codigo_pos":" ","jurisdicci":" ","latitud":"34° 34' 51,188\" S","longitud":"58° 22' 34,314\" W","region":1,"frontera":" ","mail":" ","senal":" ","frecuencia":" ","canal_comu":" ","nombre_est":" ","lat_dd":-34.580885559999999,"lon_dd":-58.376198330000001}},{"type":"Feature","id":278,"geometry":{"type":"Point","coordinates":[-58.367634721999934,-34.604610832999981]},"properties":{"objectid":278,"objectid_1":283,"dependenci":"DIRECCION DE INFORMATICA Y COMUNICACIONES","cod_numer":" ","dep_organ":" ","cuatrigram":"DICO","nivel":"DIRECCIÓN","provincia":"CABA","zona":"DICO","rios":"RIO DE LA PLATA","telefono":" ","direccion":"Eduardo Madero 235","ciudad":"Ciudad Autonoma de Buenos Aires","codigo_pos":" ","jurisdicci":" ","latitud":"34° 36' 16,599\" S","longitud":"58° 22' 3,485\" W","region":1,"frontera":" ","mail":" ","senal":" ","frecuencia":" ","canal_comu":" ","nombre_est":" ","lat_dd":-34.604610829999999,"lon_dd":-58.367634720000005}},{"type":"Feature","id":279,"geometry":{"type":"Point","coordinates":[-58.367634721999934,-34.604610832999981]},"properties":{"objectid":279,"objectid_1":286,"dependenci":"DIRECCION DE INTELIGENCIA  CRIMINAL","cod_numer":" ","dep_organ":" ","cuatrigram":"DICR","nivel":"DIRECCIÓN","provincia":"CABA","zona":"DICR","rios":"RIO DE LA PLATA","telefono":" ","direccion":"Eduardo Madero 235","ciudad":"Ciudad Autonoma de Buenos Aires","codigo_pos":" ","jurisdicci":" ","latitud":"34° 36' 16,599\" S","longitud":"58° 22' 3,485\" W","region":1,"frontera":" ","mail":" ","senal":" ","frecuencia":" ","canal_comu":" ","nombre_est":" ","lat_dd":-34.604610829999999,"lon_dd":-58.367634720000005}},{"type":"Feature","id":280,"geometry":{"type":"Point","coordinates":[-58.367634721999934,-34.604610832999981]},"properties":{"objectid":280,"objectid_1":288,"dependenci":"DIRECCION DE OPERACIONES","cod_numer":" ","dep_organ":" ","cuatrigram":"DIOP","nivel":"DIRECCIÓN","provincia":"CABA","zona":"DIOP","rios":"RIO DE LA PLATA","telefono":" ","direccion":"Eduardo Madero 235","ciudad":"Ciudad Autonoma de Buenos Aires","codigo_pos":" ","jurisdicci":" ","latitud":"34° 36' 16,599\" S","longitud":"58° 22' 3,485\" W","region":1,"frontera":" ","mail":" ","senal":" ","frecuencia":" ","canal_comu":" ","nombre_est":" ","lat_dd":-34.604610829999999,"lon_dd":-58.367634720000005}},{"type":"Feature","id":281,"geometry":{"type":"Point","coordinates":[-58.367634721999934,-34.604610832999981]},"properties":{"objectid":281,"objectid_1":290,"dependenci":"DIRECCION POLICIA JUDICIAL, PROT. MAR. Y PUERTOS","cod_numer":" ","dep_organ":" ","cuatrigram":"DJPM","nivel":"DIRECCIÓN","provincia":"CABA","zona":"DJPM","rios":"RIO DE LA PLATA","telefono":" ","direccion":"Eduardo Madero 235","ciudad":"Ciudad Autonoma de Buenos Aires","codigo_pos":" ","jurisdicci":" ","latitud":"34° 36' 16,599\" S","longitud":"58° 22' 3,485\" W","region":1,"frontera":" ","mail":" ","senal":" ","frecuencia":" ","canal_comu":" ","nombre_est":" ","lat_dd":-34.604610829999999,"lon_dd":-58.367634720000005}},{"type":"Feature","id":282,"geometry":{"type":"Point","coordinates":[-58.376198332999934,-34.580885555999942]},"properties":{"objectid":282,"objectid_1":291,"dependenci":"DIV. INVESTIGACION PENAL ADMINISTRATIVA","cod_numer":" ","dep_organ":" ","cuatrigram":"DIPA","nivel":"DIVISIÓN","provincia":"CABA","zona":"PZRP","rios":"RIO DE LA PLATA","telefono":" ","direccion":"Prefectura Naval Argentina Y Av. Presidente Ramón S. Castillo","ciudad":"Ciudad Autonoma de Buenos Aires","codigo_pos":" ","jurisdicci":" ","latitud":"34° 34' 51,188\" S","longitud":"58° 22' 34,314\" W","region":1,"frontera":" ","mail":" ","senal":" ","frecuencia":" ","canal_comu":" ","nombre_est":" ","lat_dd":-34.580885559999999,"lon_dd":-58.376198330000001}},{"type":"Feature","id":283,"geometry":{"type":"Point","coordinates":[-58.354777499999955,-34.632394721999958]},"properties":{"objectid":283,"objectid_1":292,"dependenci":"DIRECCION DEL MATERIAL","cod_numer":" ","dep_organ":" ","cuatrigram":"DMAT","nivel":"DIRECCIÓN","provincia":"CABA","zona":"DMAT","rios":"RIO DE LA PLATA","telefono":" ","direccion":"Brandsen 65","ciudad":"Ciudad Autonoma de Buenos Aires","codigo_pos":" ","jurisdicci":" ","latitud":"34° 37' 56,621\" S","longitud":"58° 21' 17,199\" W","region":1,"frontera":" ","mail":" ","senal":" ","frecuencia":" ","canal_comu":" ","nombre_est":" ","lat_dd":-34.632394720000001,"lon_dd":-58.354777500000004}},{"type":"Feature","id":284,"geometry":{"type":"Point","coordinates":[-58.367634721999934,-34.604610832999981]},"properties":{"objectid":284,"objectid_1":293,"dependenci":"DEPARTAMENTO DEPORTE NAUTICO","cod_numer":" ","dep_organ":" ","cuatrigram":"DNAU","nivel":"DEPARTAMENTO","provincia":"CABA","zona":"DPSN","rios":"RIO DE LA PLATA","telefono":" ","direccion":"Eduardo Madero 235","ciudad":"Ciudad Autonoma de Buenos Aires","codigo_pos":" ","jurisdicci":" ","latitud":"34° 36' 16,599\" S","longitud":"58° 22' 3,485\" W","region":1,"frontera":" ","mail":" ","senal":" ","frecuencia":" ","canal_comu":" ","nombre_est":" ","lat_dd":-34.604610829999999,"lon_dd":-58.367634720000005}},{"type":"Feature","id":286,"geometry":{"type":"Point","coordinates":[-58.367634721999934,-34.604610832999981]},"properties":{"objectid":286,"objectid_1":295,"dependenci":"DIRECCION DE PROTECCION AMBIENTAL","cod_numer":" ","dep_organ":" ","cuatrigram":"DPAM","nivel":"DIRECCIÓN","provincia":"CABA","zona":"DPAM","rios":"RIO DE LA PLATA","telefono":" ","direccion":"Eduardo Madero 235","ciudad":"Ciudad Autonoma de Buenos Aires","codigo_pos":" ","jurisdicci":" ","latitud":"34° 36' 16,599\" S","longitud":"58° 22' 3,485\" W","region":1,"frontera":" ","mail":" ","senal":" ","frecuencia":" ","canal_comu":" ","nombre_est":" ","lat_dd":-34.604610829999999,"lon_dd":-58.367634720000005}},{"type":"Feature","id":287,"geometry":{"type":"Point","coordinates":[-58.367634721999934,-34.604610832999981]},"properties":{"objectid":287,"objectid_1":287,"dependenci":"DIRECCION DEL PERSONAL","cod_numer":" ","dep_organ":" ","cuatrigram":"DPER","nivel":"DIRECCIÓN","provincia":"CABA","zona":"DPER","rios":"RIO DE LA PLATA","telefono":" ","direccion":"Eduardo Madero 235","ciudad":"Ciudad Autonoma de Buenos Aires","codigo_pos":" ","jurisdicci":" ","latitud":"34° 36' 16,599\" S","longitud":"58° 22' 3,485\" W","region":1,"frontera":" ","mail":" ","senal":" ","frecuencia":" ","canal_comu":" ","nombre_est":" ","lat_dd":-34.604610829999999,"lon_dd":-58.367634720000005}},{"type":"Feature","id":288,"geometry":{"type":"Point","coordinates":[-58.367634721999934,-34.604610832999981]},"properties":{"objectid":288,"objectid_1":289,"dependenci":"DIRECCION DE PLANEAMIENTO","cod_numer":" ","dep_organ":" ","cuatrigram":"DPLA","nivel":"DIRECCIÓN","provincia":"CABA","zona":"DPLA","rios":"RIO DE LA PLATA","telefono":" ","direccion":"Eduardo Madero 235","ciudad":"Ciudad Autonoma de Buenos Aires","codigo_pos":" ","jurisdicci":" ","latitud":"34° 36' 16,599\" S","longitud":"58° 22' 3,485\" W","region":1,"frontera":" ","mail":" ","senal":" ","frecuencia":" ","canal_comu":" ","nombre_est":" ","lat_dd":-34.604610829999999,"lon_dd":-58.367634720000005}},{"type":"Feature","id":289,"geometry":{"type":"Point","coordinates":[-58.411666666999963,-34.622499999999945]},"properties":{"objectid":289,"objectid_1":296,"dependenci":"DIRECCION DE PROTECCION CIUDADANA","cod_numer":" ","dep_organ":" ","cuatrigram":"DPRO","nivel":"DIRECCIÓN","provincia":"CABA","zona":"DPRO","rios":"RIO DE LA PLATA","telefono":"4300-1024","direccion":"Alferes Pareja N° 152","ciudad":"Ciudad Autonoma de Buenos Aires","codigo_pos":" ","jurisdicci":" ","latitud":"34° 37' 021\" S","longitud":"58° 21' 0222\" W","region":1,"frontera":" ","mail":" ","senal":" ","frecuencia":" ","canal_comu":" ","nombre_est":" ","lat_dd":-34.622500000000002,"lon_dd":-58.411666670000002}},{"type":"Feature","id":290,"geometry":{"type":"Point","coordinates":[-58.367634721999934,-34.604610832999981]},"properties":{"objectid":290,"objectid_1":388,"dependenci":"DIRECCION DE POLICIA SEGURIDAD DE LA NAVEGACION","cod_numer":" ","dep_organ":" ","cuatrigram":"DPSN","nivel":"DIRECCIÓN","provincia":"CABA","zona":"DPSN","rios":"RIO DE LA PLATA","telefono":" ","direccion":"Eduardo Madero 235","ciudad":"Ciudad Autonoma de Buenos Aires","codigo_pos":" ","jurisdicci":" ","latitud":"34° 36' 16,599\" S","longitud":"58° 22' 3,485\" W","region":1,"frontera":" ","mail":" ","senal":" ","frecuencia":" ","canal_comu":" ","nombre_est":" ","lat_dd":-34.604610829999999,"lon_dd":-58.367634720000005}},{"type":"Feature","id":291,"geometry":{"type":"Point","coordinates":[-58.357008332999953,-34.624130555999955]},"properties":{"objectid":291,"objectid_1":389,"dependenci":"DEPARTAMENTO INVESTIGACIONES DE DELITOS ECONOMICOS","cod_numer":" ","dep_organ":" ","cuatrigram":"ECON","nivel":"DEPARTAMENTO","provincia":"CABA","zona":"DICR","rios":"RIO DE LA PLATA","telefono":" ","direccion":"Benito Correa 1058","ciudad":"Ciudad Autonoma de Buenos Aires","codigo_pos":" ","jurisdicci":" ","latitud":"34° 37' 26,870\" S","longitud":"58° 21' 25,230\" W","region":1,"frontera":" ","mail":" ","senal":" ","frecuencia":" ","canal_comu":" ","nombre_est":" ","lat_dd":-34.624130559999998,"lon_dd":-58.357008329999999}},{"type":"Feature","id":292,"geometry":{"type":"Point","coordinates":[-58.380856388999973,-34.575326666999956]},"properties":{"objectid":292,"objectid_1":390,"dependenci":"ESCUELA NACIONAL DE SALVAMENTO Y BUCEO","cod_numer":" ","dep_organ":" ","cuatrigram":"ENSS","nivel":"DEPARTAMENTO","provincia":"CABA","zona":"DEDU","rios":"RIO DE LA PLATA","telefono":" ","direccion":"Edison 988","ciudad":"Ciudad Autonoma de Buenos Aires","codigo_pos":" ","jurisdicci":" ","latitud":"34° 34' 31,176\" S","longitud":"58° 22' 51,083\" W","region":1,"frontera":" ","mail":" ","senal":" ","frecuencia":" ","canal_comu":" ","nombre_est":" ","lat_dd":-34.575326669999995,"lon_dd":-58.380856389999998}},{"type":"Feature","id":295,"geometry":{"type":"Point","coordinates":[-58.354777499999955,-34.632394721999958]},"properties":{"objectid":295,"objectid_1":392,"dependenci":"DEPART. INVEST. DE SINIESTROS Y SUCESOS MARITIMOS","cod_numer":" ","dep_organ":" ","cuatrigram":"ISSM","nivel":"DEPARTAMENTO","provincia":"CABA","zona":"PNAR","rios":"RIO DE LA PLATA","telefono":" ","direccion":"Brandsen 65","ciudad":"Ciudad Autonoma de Buenos Aires","codigo_pos":" ","jurisdicci":" ","latitud":"34° 37' 56,621\" S","longitud":"58° 21' 17,199\" W","region":1,"frontera":" ","mail":" ","senal":" ","frecuencia":" ","canal_comu":" ","nombre_est":" ","lat_dd":-34.632394720000001,"lon_dd":-58.354777500000004}},{"type":"Feature","id":297,"geometry":{"type":"Point","coordinates":[-58.376132499999983,-34.580586110999946]},"properties":{"objectid":297,"objectid_1":394,"dependenci":"DEPARTAMENTO INVESTIGACIONES DEL NARCOTRAFICO","cod_numer":" ","dep_organ":" ","cuatrigram":"NARC","nivel":"DEPARTAMENTO","provincia":"CABA","zona":"DICR","rios":"RIO DE LA PLATA","telefono":" ","direccion":"Calle Pna Y Av. Ramon Castillo","ciudad":"Ciudad Autonoma de Buenos Aires","codigo_pos":" ","jurisdicci":" ","latitud":"34° 34' 50,110\" S","longitud":"58° 22' 34,077\" W","region":1,"frontera":" ","mail":" ","senal":" ","frecuencia":" ","canal_comu":" ","nombre_est":" ","lat_dd":-34.580586109999999,"lon_dd":-58.376132500000004}},{"type":"Feature","id":298,"geometry":{"type":"Point","coordinates":[-58.376075277999973,-34.581013610999946]},"properties":{"objectid":298,"objectid_1":395,"dependenci":"DIV. CONTROL DE LA NAVEG. Y REGISTROS PORTUARIOS","cod_numer":"8154","dep_organ":"BSAS - BUENOS AIRES","cuatrigram":"NAVI","nivel":"DIVISIÓN","provincia":"CABA","zona":"PZRP","rios":"RIO DE LA PLATA","telefono":" ","direccion":"Calle Pna Y Av. Ramon Castillo","ciudad":"Ciudad Autonoma de Buenos Aires","codigo_pos":" ","jurisdicci":" ","latitud":"34° 34' 51,649\" S","longitud":"58° 22' 33,871\" W","region":1,"frontera":" ","mail":" ","senal":" ","frecuencia":" ","canal_comu":" ","nombre_est":" ","lat_dd":-34.581013610000007,"lon_dd":-58.376075279999995}},{"type":"Feature","id":299,"geometry":{"type":"Point","coordinates":[-58.376198332999934,-34.580885555999942]},"properties":{"objectid":299,"objectid_1":396,"dependenci":"SERVICIO DE SEGURIDAD PUERTO MADERO","cod_numer":" ","dep_organ":" ","cuatrigram":"PMAD","nivel":"DIVISIÓN","provincia":"CABA","zona":"PZRP","rios":"RIO DE LA PLATA","telefono":" ","direccion":"Calle Pna Y Av. Ramon Castillo","ciudad":"Ciudad Autonoma de Buenos Aires","codigo_pos":" ","jurisdicci":" ","latitud":"34° 34' 51,188\" S","longitud":"58° 22' 34,314\" W","region":1,"frontera":" ","mail":" ","senal":" ","frecuencia":" ","canal_comu":" ","nombre_est":" ","lat_dd":-34.580885559999999,"lon_dd":-58.376198330000001}},{"type":"Feature","id":300,"geometry":{"type":"Point","coordinates":[-58.376901110999938,-34.582885832999978]},"properties":{"objectid":300,"objectid_1":330,"dependenci":"DEPARTAMENTO TECNICO LOGISTICO","cod_numer":" ","dep_organ":" ","cuatrigram":"TECL","nivel":"DEPARTAMENTO","provincia":"CABA","zona":"DICO","rios":"RIO DE LA PLATA","telefono":" ","direccion":"Calle Pna Y Av. Ramon Castillo","ciudad":"Ciudad Autonoma de Buenos Aires","codigo_pos":" ","jurisdicci":" ","latitud":"34° 34' 58,389\" S","longitud":"58° 22' 36,844\" W","region":1,"frontera":" ","mail":" ","senal":" ","frecuencia":" ","canal_comu":" ","nombre_est":" ","lat_dd":-34.582885830000002,"lon_dd":-58.376901109999999}},{"type":"Feature","id":301,"geometry":{"type":"Point","coordinates":[-58.35187222199994,-34.628625555999974]},"properties":{"objectid":301,"objectid_1":397,"dependenci":"DIV TAGEREAU","cod_numer":" ","dep_organ":" ","cuatrigram":"TAGE","nivel":"DIVISIÓN","provincia":"CABA","zona":"DMAT","rios":"RIO DE LA PLATA","telefono":" ","direccion":"Lavaisse 1553 (ex Benito Correa)","ciudad":"Ciudad Autonoma de Buenos Aires","codigo_pos":" ","jurisdicci":" ","latitud":"34° 37' 43,052\" S","longitud":"58° 21' 6,740\" W","region":1,"frontera":" ","mail":" ","senal":" ","frecuencia":" ","canal_comu":" ","nombre_est":" ","lat_dd":-34.628625559999996,"lon_dd":-58.351872219999997}},{"type":"Feature","id":302,"geometry":{"type":"Point","coordinates":[-58.380952777999937,-34.574236943999949]},"properties":{"objectid":302,"objectid_1":398,"dependenci":"BUQUE DE SALVAMENTO PNA SB-15 TANGO","cod_numer":" ","dep_organ":" ","cuatrigram":"TNGO","nivel":"DIVISIÓN","provincia":"CABA","zona":"DIOP","rios":"RIO DE LA PLATA","telefono":" ","direccion":"Edison 988","ciudad":"Ciudad Autonoma de Buenos Aires","codigo_pos":" ","jurisdicci":" ","latitud":"34° 34' 27,253\" S","longitud":"58° 22' 51,430\" W","region":1,"frontera":" ","mail":" ","senal":" ","frecuencia":" ","canal_comu":" ","nombre_est":" ","lat_dd":-34.574236939999999,"lon_dd":-58.380952779999994}},{"type":"Feature","id":303,"geometry":{"type":"Point","coordinates":[-58.380578055999933,-34.574463055999956]},"properties":{"objectid":303,"objectid_1":399,"dependenci":"SERVICIO DE SALVAM. INCENDIO Y PROTEC. AMBIENTAL","cod_numer":" ","dep_organ":" ","cuatrigram":"SERS","nivel":"DEPARTAMENTO","provincia":"CABA","zona":"DIOP","rios":"RIO DE LA PLATA","telefono":" ","direccion":"Edison 988","ciudad":"Ciudad Autonoma de Buenos Aires","codigo_pos":" ","jurisdicci":" ","latitud":"34° 34' 28,067\" S","longitud":"58° 22' 50,081\" W","region":1,"frontera":" ","mail":" ","senal":" ","frecuencia":" ","canal_comu":" ","nombre_est":" ","lat_dd":-34.574463059999999,"lon_dd":-58.380578059999998}},{"type":"Feature","id":304,"geometry":{"type":"Point","coordinates":[-58.381822221999983,-34.576352499999985]},"properties":{"objectid":304,"objectid_1":400,"dependenci":"DEPARTAMENTO SANIDAD","cod_numer":" ","dep_organ":" ","cuatrigram":"SANI","nivel":"DEPARTAMENTO","provincia":"CABA","zona":"DEBI","rios":"RIO DE LA PLATA","telefono":" ","direccion":"Av. Tomas A. Edison S/n","ciudad":"Ciudad Autonoma de Buenos Aires","codigo_pos":" ","jurisdicci":" ","latitud":"34° 34' 34,869\" S","longitud":"58° 22' 54,560\" W","region":1,"frontera":" ","mail":" ","senal":" ","frecuencia":" ","canal_comu":" ","nombre_est":" ","lat_dd":-34.576352500000006,"lon_dd":-58.381822219999997}},{"type":"Feature","id":309,"geometry":{"type":"Point","coordinates":[-58.380454166999982,-34.576259721999975]},"properties":{"objectid":309,"objectid_1":343,"dependenci":"TALLER GENERAL DE ARTES GRAFICAS","cod_numer":" ","dep_organ":" ","cuatrigram":"TGAG","nivel":"DEPARTAMENTO","provincia":"CABA","zona":"DPLA","rios":"RIO DE LA PLATA","telefono":" ","direccion":"Edison Y Av. Cost. Rafael Obli","ciudad":"Ciudad Autonoma de Buenos Aires","codigo_pos":" ","jurisdicci":" ","latitud":"34° 34' 34,535\" S","longitud":"58° 22' 49,635\" W","region":1,"frontera":" ","mail":" ","senal":" ","frecuencia":" ","canal_comu":" ","nombre_est":" ","lat_dd":-34.576259720000003,"lon_dd":-58.38045417}},{"type":"Feature","id":310,"geometry":{"type":"Point","coordinates":[-58.38115972199995,-34.574190832999932]},"properties":{"objectid":310,"objectid_1":324,"dependenci":"YATE PNA ESPERANZA","cod_numer":" ","dep_organ":" ","cuatrigram":"YATE","nivel":"DIVISIÓN","provincia":"CABA","zona":"DPSN","rios":"RIO DE LA PLATA","telefono":" ","direccion":"Apostadero Servicio Buques Gc","ciudad":"Ciudad Autonoma de Buenos Aires","codigo_pos":" ","jurisdicci":" ","latitud":"34° 34' 27,087\" S","longitud":"58° 22' 52,175\" W","region":1,"frontera":" ","mail":" ","senal":" ","frecuencia":" ","canal_comu":" ","nombre_est":" ","lat_dd":-34.574190829999999,"lon_dd":-58.381159720000007}},{"type":"Feature","id":312,"geometry":{"type":"Point","coordinates":[-58.380964721999987,-34.574161666999942]},"properties":{"objectid":312,"objectid_1":345,"dependenci":"MOTOVELERO OCEANOGRAFICO \"DR. BERNARDO HOUSSAY\"","cod_numer":" ","dep_organ":" ","cuatrigram":"MOBH","nivel":"DIVISIÓN","provincia":"CABA","zona":"DIOP","rios":"RIO DE LA PLATA","telefono":" ","direccion":"Apostadero Servicio Buques Gc","ciudad":"Ciudad Autonoma de Buenos Aires","codigo_pos":" ","jurisdicci":" ","latitud":"34° 34' 26,982\" S","longitud":"58° 22' 51,473\" W","region":1,"frontera":" ","mail":" ","senal":" ","frecuencia":" ","canal_comu":" ","nombre_est":" ","lat_dd":-34.574161670000002,"lon_dd":-58.380964719999994}},{"type":"Feature","id":314,"geometry":{"type":"Point","coordinates":[-58.380879999999934,-34.57416916699998]},"properties":{"objectid":314,"objectid_1":346,"dependenci":"GUARDACOSTAS PNA \"PREFECTO CORREA FALCON\"","cod_numer":" ","dep_organ":" ","cuatrigram":"GCCF","nivel":"DIVISIÓN","provincia":"CABA","zona":"DIOP","rios":"RIO DE LA PLATA","telefono":" ","direccion":"Apostadero Servicio Buques Gc","ciudad":"Ciudad Autonoma de Buenos Aires","codigo_pos":" ","jurisdicci":" ","latitud":"34° 34' 27,009\" S","longitud":"58° 22' 51,168\" W","region":1,"frontera":" ","mail":" ","senal":" ","frecuencia":" ","canal_comu":" ","nombre_est":" ","lat_dd":-34.574169170000005,"lon_dd":-58.380879999999998}},{"type":"Feature","id":315,"geometry":{"type":"Point","coordinates":[-58.380762221999987,-34.574258332999932]},"properties":{"objectid":315,"objectid_1":347,"dependenci":"GUARDACOSTAS PNA \"PREFECTO GARCIA\"","cod_numer":" ","dep_organ":" ","cuatrigram":"GCGR","nivel":"DIVISIÓN","provincia":"CABA","zona":"DIOP","rios":"RIO DE LA PLATA","telefono":" ","direccion":"Apostadero Servicio Buques Gc","ciudad":"Ciudad Autonoma de Buenos Aires","codigo_pos":" ","jurisdicci":" ","latitud":"34° 34' 27,330\" S","longitud":"58° 22' 50,744\" W","region":1,"frontera":" ","mail":" ","senal":" ","frecuencia":" ","canal_comu":" ","nombre_est":" ","lat_dd":-34.574258329999999,"lon_dd":-58.380762219999994}},{"type":"Feature","id":316,"geometry":{"type":"Point","coordinates":[-58.380793055999959,-34.574176388999945]},"properties":{"objectid":316,"objectid_1":348,"dependenci":"GUARDACOSTAS PNA \"LAGO VIEDMA\"","cod_numer":" ","dep_organ":" ","cuatrigram":"GCLV","nivel":"DIVISIÓN","provincia":"CABA","zona":"DIOP","rios":"RIO DE LA PLATA","telefono":" ","direccion":"Apostadero Servicio Buques Gc","ciudad":"Ciudad Autonoma de Buenos Aires","codigo_pos":" ","jurisdicci":" ","latitud":"34° 34' 27,035\" S","longitud":"58° 22' 50,855\" W","region":1,"frontera":" ","mail":" ","senal":" ","frecuencia":" ","canal_comu":" ","nombre_est":" ","lat_dd":-34.574176389999998,"lon_dd":-58.380793059999995}},{"type":"Feature","id":317,"geometry":{"type":"Point","coordinates":[-58.381039443999953,-34.574260832999983]},"properties":{"objectid":317,"objectid_1":349,"dependenci":"GUARDACOSTAS PNA \"DR. MARIANO MORENO\"","cod_numer":" ","dep_organ":" ","cuatrigram":"GCMM","nivel":"DIVISIÓN","provincia":"CABA","zona":"DIOP","rios":"RIO DE LA PLATA","telefono":" ","direccion":"Apostadero Servicio Buques Gc","ciudad":"Ciudad Autonoma de Buenos Aires","codigo_pos":" ","jurisdicci":" ","latitud":"34° 34' 27,339\" S","longitud":"58° 22' 51,742\" W","region":1,"frontera":" ","mail":" ","senal":" ","frecuencia":" ","canal_comu":" ","nombre_est":" ","lat_dd":-34.57426083,"lon_dd":-58.381039440000002}},{"type":"Feature","id":318,"geometry":{"type":"Point","coordinates":[-58.38106666699997,-34.574163332999944]},"properties":{"objectid":318,"objectid_1":323,"dependenci":"GUARDACOSTAS PNA \"PREFECTO MANSILLA\"","cod_numer":" ","dep_organ":" ","cuatrigram":"GCMS","nivel":"DIVISIÓN","provincia":"CABA","zona":"DIOP","rios":"RIO DE LA PLATA","telefono":" ","direccion":"Apostadero Servicio Buques Gc","ciudad":"Ciudad Autonoma de Buenos Aires","codigo_pos":" ","jurisdicci":" ","latitud":"34° 34' 26,988\" S","longitud":"58° 22' 51,840\" W","region":1,"frontera":" ","mail":" ","senal":" ","frecuencia":" ","canal_comu":" ","nombre_est":" ","lat_dd":-34.574163330000005,"lon_dd":-58.381066670000003}},{"type":"Feature","id":319,"geometry":{"type":"Point","coordinates":[-58.380843055999947,-34.574248888999932]},"properties":{"objectid":319,"objectid_1":326,"dependenci":"GUARDACOSTAS SPA 1 'Dr. LUIS FEDERICO LELOIR'","cod_numer":" ","dep_organ":" ","cuatrigram":"LOIR","nivel":"DIVISIÓN","provincia":"CABA","zona":"DPAM","rios":"RIO DE LA PLATA","telefono":" ","direccion":"Apostadero Servicio Buques Gc","ciudad":"Ciudad Autonoma de Buenos Aires","codigo_pos":" ","jurisdicci":" ","latitud":"34° 34' 27,296\" S","longitud":"58° 22' 51,035\" W","region":1,"frontera":" ","mail":" ","senal":" ","frecuencia":" ","canal_comu":" ","nombre_est":" ","lat_dd":-34.57424889,"lon_dd":-58.380843060000004}},{"type":"Feature","id":334,"geometry":{"type":"Point","coordinates":[-58.380663888999948,-34.574247777999972]},"properties":{"objectid":334,"objectid_1":403,"dependenci":"GUARDACOSTAS PNA \"AZOPARDO\"","cod_numer":" ","dep_organ":" ","cuatrigram":"GCAZ","nivel":"DIVISIÓN","provincia":"CABA","zona":"DIOP","rios":"RIO DE LA PLATA","telefono":" ","direccion":"Guardacostas Pna \"azopardo\"","ciudad":"Ciudad Autonoma de Buenos Aires","codigo_pos":" ","jurisdicci":" ","latitud":"34° 34' 27,292\" S","longitud":"58° 22' 50,390\" W","region":1,"frontera":" ","mail":" ","senal":" ","frecuencia":" ","canal_comu":" ","nombre_est":" ","lat_dd":-34.57424778,"lon_dd":-58.380663890000001}},{"type":"Feature","id":335,"geometry":{"type":"Point","coordinates":[-58.380685277999987,-34.57416916699998]},"properties":{"objectid":335,"objectid_1":328,"dependenci":"GUARDACOSTAS PNA \"CABO CORRIENTES\"","cod_numer":"8360","dep_organ":"PZRP - RIO DE LA PLATA","cuatrigram":"GCCC","nivel":"DIVISIÓN","provincia":"CABA","zona":"PZRP","rios":"RIO DE LA PLATA","telefono":" ","direccion":"Guardacostas Pna \"cabo Corrientes\"","ciudad":"Ciudad Autonoma de Buenos Aires","codigo_pos":" ","jurisdicci":" ","latitud":"34° 34' 27,009\" S","longitud":"58° 22' 50,467\" W","region":1,"frontera":" ","mail":" ","senal":" ","frecuencia":" ","canal_comu":" ","nombre_est":" ","lat_dd":-34.574169170000005,"lon_dd":-58.380685280000002}},{"type":"Feature","id":355,"geometry":{"type":"Point","coordinates":[-58.367634721999934,-34.604610832999981]},"properties":{"objectid":355,"objectid_1":318,"dependenci":"DEPARTAMENTO GESTION DE CALIDAD","cod_numer":" ","dep_organ":" ","cuatrigram":"GECA","nivel":"DEPARTAMENTO","provincia":"CABA","zona":"SPNN","rios":"RIO DE LA PLATA","telefono":" ","direccion":"Eduardo Madero 235","ciudad":"Ciudad Autonoma de Buenos Aires","codigo_pos":" ","jurisdicci":" ","latitud":"34° 36' 16,599\" S","longitud":"58° 22' 3,485\" W","region":1,"frontera":" ","mail":" ","senal":" ","frecuencia":" ","canal_comu":" ","nombre_est":" ","lat_dd":-34.604610829999999,"lon_dd":-58.367634720000005}},{"type":"Feature","id":356,"geometry":{"type":"Point","coordinates":[-58.367634721999934,-34.604610832999981]},"properties":{"objectid":356,"objectid_1":319,"dependenci":"DEPARTAMENTO GESTION DE CALIDAD Y COORDINACION","cod_numer":" ","dep_organ":" ","cuatrigram":"GECC","nivel":"DEPARTAMENTO","provincia":"CABA","zona":"DPSN","rios":"RIO DE LA PLATA","telefono":" ","direccion":"Eduardo Madero 235","ciudad":"Ciudad Autonoma de Buenos Aires","codigo_pos":" ","jurisdicci":" ","latitud":"34° 36' 16,599\" S","longitud":"58° 22' 3,485\" W","region":1,"frontera":" ","mail":" ","senal":" ","frecuencia":" ","canal_comu":" ","nombre_est":" ","lat_dd":-34.604610829999999,"lon_dd":-58.367634720000005}},{"type":"Feature","id":357,"geometry":{"type":"Point","coordinates":[-58.37167055599997,-34.602991110999938]},"properties":{"objectid":357,"objectid_1":320,"dependenci":"DEPARTAMENTO GESTION EDUCATIVA","cod_numer":" ","dep_organ":" ","cuatrigram":"GEDU","nivel":"DEPARTAMENTO","provincia":"CABA","zona":"DEDU","rios":"RIO DE LA PLATA","telefono":" ","direccion":"Avenida Corrientes 345","ciudad":"Ciudad Autonoma de Buenos Aires","codigo_pos":" ","jurisdicci":" ","latitud":"34° 36' 10,768\" S","longitud":"58° 22' 18,014\" W","region":1,"frontera":" ","mail":" ","senal":" ","frecuencia":" ","canal_comu":" ","nombre_est":" ","lat_dd":-34.602991109999998,"lon_dd":-58.371670559999998}},{"type":"Feature","id":358,"geometry":{"type":"Point","coordinates":[-58.367634721999934,-34.604610832999981]},"properties":{"objectid":358,"objectid_1":300,"dependenci":"DEPARTAMENTO INVESTIGACION DE DELITOS COMPLEJOS","cod_numer":" ","dep_organ":" ","cuatrigram":"INDC","nivel":"DEPARTAMENTO","provincia":"CABA","zona":"DICR","rios":"RIO DE LA PLATA","telefono":" ","direccion":"Eduardo Madero 235","ciudad":"Ciudad Autonoma de Buenos Aires","codigo_pos":" ","jurisdicci":" ","latitud":"34° 36' 16,599\" S","longitud":"58° 22' 3,485\" W","region":1,"frontera":" ","mail":" ","senal":" ","frecuencia":" ","canal_comu":" ","nombre_est":" ","lat_dd":-34.604610829999999,"lon_dd":-58.367634720000005}},{"type":"Feature","id":359,"geometry":{"type":"Point","coordinates":[-58.367634721999934,-34.604610832999981]},"properties":{"objectid":359,"objectid_1":301,"dependenci":"DEPARTAMENTO JURIDICO ADMINISTRATIVO","cod_numer":" ","dep_organ":" ","cuatrigram":"JADM","nivel":"DEPARTAMENTO","provincia":"CABA","zona":"PNAR","rios":"RIO DE LA PLATA","telefono":" ","direccion":"Eduardo Madero 235","ciudad":"Ciudad Autonoma de Buenos Aires","codigo_pos":" ","jurisdicci":" ","latitud":"34° 36' 16,599\" S","longitud":"58° 22' 3,485\" W","region":1,"frontera":" ","mail":" ","senal":" ","frecuencia":" ","canal_comu":" ","nombre_est":" ","lat_dd":-34.604610829999999,"lon_dd":-58.367634720000005}},{"type":"Feature","id":360,"geometry":{"type":"Point","coordinates":[-58.367634721999934,-34.604610832999981]},"properties":{"objectid":360,"objectid_1":302,"dependenci":"TRAFICO MARITIMO","cod_numer":" ","dep_organ":" ","cuatrigram":"KSTM","nivel":"DEPARTAMENTO","provincia":"CABA","zona":"DIOP","rios":"RIO DE LA PLATA","telefono":" ","direccion":"Eduardo Madero 235","ciudad":"Ciudad Autonoma de Buenos Aires","codigo_pos":" ","jurisdicci":" ","latitud":"34° 36' 16,599\" S","longitud":"58° 22' 3,485\" W","region":1,"frontera":" ","mail":" ","senal":" ","frecuencia":" ","canal_comu":" ","nombre_est":" ","lat_dd":-34.604610829999999,"lon_dd":-58.367634720000005}},{"type":"Feature","id":361,"geometry":{"type":"Point","coordinates":[-58.367634721999934,-34.604610832999981]},"properties":{"objectid":361,"objectid_1":303,"dependenci":"DEPARTAMENTO LOGISTICO Y CONTABLE","cod_numer":" ","dep_organ":" ","cuatrigram":"LCON","nivel":"DEPARTAMENTO","provincia":"CABA","zona":"DPSN","rios":"RIO DE LA PLATA","telefono":" ","direccion":"Eduardo Madero 235","ciudad":"Ciudad Autonoma de Buenos Aires","codigo_pos":" ","jurisdicci":" ","latitud":"34° 36' 16,599\" S","longitud":"58° 22' 3,485\" W","region":1,"frontera":" ","mail":" ","senal":" ","frecuencia":" ","canal_comu":" ","nombre_est":" ","lat_dd":-34.604610829999999,"lon_dd":-58.367634720000005}},{"type":"Feature","id":362,"geometry":{"type":"Point","coordinates":[-58.367634721999934,-34.604610832999981]},"properties":{"objectid":362,"objectid_1":304,"dependenci":"DEPARTAMENTO LIQUIDACIONES JUDICIALES","cod_numer":" ","dep_organ":" ","cuatrigram":"LIJU","nivel":"DEPARTAMENTO","provincia":"CABA","zona":"DAFI","rios":"RIO DE LA PLATA","telefono":" ","direccion":"Eduardo Madero 235","ciudad":"Ciudad Autonoma de Buenos Aires","codigo_pos":" ","jurisdicci":" ","latitud":"34° 36' 16,599\" S","longitud":"58° 22' 3,485\" W","region":1,"frontera":" ","mail":" ","senal":" ","frecuencia":" ","canal_comu":" ","nombre_est":" ","lat_dd":-34.604610829999999,"lon_dd":-58.367634720000005}},{"type":"Feature","id":363,"geometry":{"type":"Point","coordinates":[-58.37167055599997,-34.602991110999938]},"properties":{"objectid":363,"objectid_1":305,"dependenci":"DEPART. MARINA MERC. Y NAUTICA DEPORT.Y RECREAT","cod_numer":" ","dep_organ":" ","cuatrigram":"MAME","nivel":"DEPARTAMENTO","provincia":"CABA","zona":"DEDU","rios":"RIO DE LA PLATA","telefono":" ","direccion":"Avenida Corrientes 345","ciudad":"Ciudad Autonoma de Buenos Aires","codigo_pos":" ","jurisdicci":" ","latitud":"34° 36' 10,768\" S","longitud":"58° 22' 18,014\" W","region":1,"frontera":" ","mail":" ","senal":" ","frecuencia":" ","canal_comu":" ","nombre_est":" ","lat_dd":-34.602991109999998,"lon_dd":-58.371670559999998}},{"type":"Feature","id":364,"geometry":{"type":"Point","coordinates":[-58.367634721999934,-34.604610832999981]},"properties":{"objectid":364,"objectid_1":306,"dependenci":"DEPARTAMENTO ORGANIZACION Y DESARROLLO","cod_numer":" ","dep_organ":" ","cuatrigram":"OYDE","nivel":"DEPARTAMENTO","provincia":"CABA","zona":"DPLA","rios":"RIO DE LA PLATA","telefono":" ","direccion":"Eduardo Madero 235","ciudad":"Ciudad Autonoma de Buenos Aires","codigo_pos":" ","jurisdicci":" ","latitud":"34° 36' 16,599\" S","longitud":"58° 22' 3,485\" W","region":1,"frontera":" ","mail":" ","senal":" ","frecuencia":" ","canal_comu":" ","nombre_est":" ","lat_dd":-34.604610829999999,"lon_dd":-58.367634720000005}},{"type":"Feature","id":365,"geometry":{"type":"Point","coordinates":[-58.367634721999934,-34.604610832999981]},"properties":{"objectid":365,"objectid_1":307,"dependenci":"DEPARTAMENTO POLICIA AUX. PESQUERA","cod_numer":" ","dep_organ":" ","cuatrigram":"PAPE","nivel":"DEPARTAMENTO","provincia":"CABA","zona":"DIOP","rios":"RIO DE LA PLATA","telefono":" ","direccion":"Eduardo Madero 235","ciudad":"Ciudad Autonoma de Buenos Aires","codigo_pos":" ","jurisdicci":" ","latitud":"34° 36' 16,599\" S","longitud":"58° 22' 3,485\" W","region":1,"frontera":" ","mail":" ","senal":" ","frecuencia":" ","canal_comu":" ","nombre_est":" ","lat_dd":-34.604610829999999,"lon_dd":-58.367634720000005}},{"type":"Feature","id":366,"geometry":{"type":"Point","coordinates":[-58.367634721999934,-34.604610832999981]},"properties":{"objectid":366,"objectid_1":308,"dependenci":"DEPARTAMENTO PLANIFICACION ESTRATEGICA","cod_numer":" ","dep_organ":" ","cuatrigram":"PLAE","nivel":"DEPARTAMENTO","provincia":"CABA","zona":"DPLA","rios":"RIO DE LA PLATA","telefono":" ","direccion":"Eduardo Madero 235","ciudad":"Ciudad Autonoma de Buenos Aires","codigo_pos":" ","jurisdicci":" ","latitud":"34° 36' 16,599\" S","longitud":"58° 22' 3,485\" W","region":1,"frontera":" ","mail":" ","senal":" ","frecuencia":" ","canal_comu":" ","nombre_est":" ","lat_dd":-34.604610829999999,"lon_dd":-58.367634720000005}},{"type":"Feature","id":367,"geometry":{"type":"Point","coordinates":[-58.37167055599997,-34.602991110999938]},"properties":{"objectid":367,"objectid_1":309,"dependenci":"DEPARTAMENTO PLANEAMIENTO EDUCATIVO","cod_numer":" ","dep_organ":" ","cuatrigram":"PLED","nivel":"DEPARTAMENTO","provincia":"CABA","zona":"DEDU","rios":"RIO DE LA PLATA","telefono":" ","direccion":"Avenida Corrientes 345","ciudad":"Ciudad Autonoma de Buenos Aires","codigo_pos":" ","jurisdicci":" ","latitud":"34° 36' 10,768\" S","longitud":"58° 22' 18,014\" W","region":1,"frontera":" ","mail":" ","senal":" ","frecuencia":" ","canal_comu":" ","nombre_est":" ","lat_dd":-34.602991109999998,"lon_dd":-58.371670559999998}},{"type":"Feature","id":368,"geometry":{"type":"Point","coordinates":[-58.367634721999934,-34.604610832999981]},"properties":{"objectid":368,"objectid_1":310,"dependenci":"DEPARTAMENTO PROT.MARITIMA Y PUERTOS","cod_numer":" ","dep_organ":" ","cuatrigram":"PMAP","nivel":"DEPARTAMENTO","provincia":"CABA","zona":"DJPM","rios":"RIO DE LA PLATA","telefono":" ","direccion":"Eduardo Madero 235","ciudad":"Ciudad Autonoma de Buenos Aires","codigo_pos":" ","jurisdicci":" ","latitud":"34° 36' 16,599\" S","longitud":"58° 22' 3,485\" W","region":1,"frontera":" ","mail":" ","senal":" ","frecuencia":" ","canal_comu":" ","nombre_est":" ","lat_dd":-34.604610829999999,"lon_dd":-58.367634720000005}},{"type":"Feature","id":370,"geometry":{"type":"Point","coordinates":[-58.367634721999934,-34.604610832999981]},"properties":{"objectid":370,"objectid_1":312,"dependenci":"DEPARTAMENTO POLICIA JUDICIAL","cod_numer":" ","dep_organ":" ","cuatrigram":"POJU","nivel":"DEPARTAMENTO","provincia":"CABA","zona":"DJPM","rios":"RIO DE LA PLATA","telefono":" ","direccion":"Eduardo Madero 235","ciudad":"Ciudad Autonoma de Buenos Aires","codigo_pos":" ","jurisdicci":" ","latitud":"34° 36' 16,599\" S","longitud":"58° 22' 3,485\" W","region":1,"frontera":" ","mail":" ","senal":" ","frecuencia":" ","canal_comu":" ","nombre_est":" ","lat_dd":-34.604610829999999,"lon_dd":-58.367634720000005}},{"type":"Feature","id":371,"geometry":{"type":"Point","coordinates":[-58.367634721999934,-34.604610832999981]},"properties":{"objectid":371,"objectid_1":313,"dependenci":"DEPARTAMENTO PRESUPUESTO DEL PERSONAL","cod_numer":" ","dep_organ":" ","cuatrigram":"PPER","nivel":"DEPARTAMENTO","provincia":"CABA","zona":"DPER","rios":"RIO DE LA PLATA","telefono":" ","direccion":"Eduardo Madero 235","ciudad":"Ciudad Autonoma de Buenos Aires","codigo_pos":" ","jurisdicci":" ","latitud":"34° 36' 16,599\" S","longitud":"58° 22' 3,485\" W","region":1,"frontera":" ","mail":" ","senal":" ","frecuencia":" ","canal_comu":" ","nombre_est":" ","lat_dd":-34.604610829999999,"lon_dd":-58.367634720000005}},{"type":"Feature","id":372,"geometry":{"type":"Point","coordinates":[-58.367634721999934,-34.604610832999981]},"properties":{"objectid":372,"objectid_1":314,"dependenci":"DEPARTAMENTO PRACTICAJE Y PERS DE LA NAVEGACION","cod_numer":" ","dep_organ":" ","cuatrigram":"PRAC","nivel":"DEPARTAMENTO","provincia":"CABA","zona":"DPSN","rios":"RIO DE LA PLATA","telefono":" ","direccion":"Eduardo Madero 235","ciudad":"Ciudad Autonoma de Buenos Aires","codigo_pos":" ","jurisdicci":" ","latitud":"34° 36' 16,599\" S","longitud":"58° 22' 3,485\" W","region":1,"frontera":" ","mail":" ","senal":" ","frecuencia":" ","canal_comu":" ","nombre_est":" ","lat_dd":-34.604610829999999,"lon_dd":-58.367634720000005}},{"type":"Feature","id":373,"geometry":{"type":"Point","coordinates":[-58.367634721999934,-34.604610832999981]},"properties":{"objectid":373,"objectid_1":315,"dependenci":"DEPARTAMENTO PREVENCION DE LA CONTAMINACION","cod_numer":" ","dep_organ":" ","cuatrigram":"PRCO","nivel":"DEPARTAMENTO","provincia":"CABA","zona":"DPAM","rios":"RIO DE LA PLATA","telefono":" ","direccion":"Eduardo Madero 235","ciudad":"Ciudad Autonoma de Buenos Aires","codigo_pos":" ","jurisdicci":" ","latitud":"34° 36' 16,599\" S","longitud":"58° 22' 3,485\" W","region":1,"frontera":" ","mail":" ","senal":" ","frecuencia":" ","canal_comu":" ","nombre_est":" ","lat_dd":-34.604610829999999,"lon_dd":-58.367634720000005}},{"type":"Feature","id":374,"geometry":{"type":"Point","coordinates":[-58.367634721999934,-34.604610832999981]},"properties":{"objectid":374,"objectid_1":363,"dependenci":"DEPARTAMENTO PREVISION","cod_numer":" ","dep_organ":" ","cuatrigram":"PREV","nivel":"DEPARTAMENTO","provincia":"CABA","zona":"DPER","rios":"RIO DE LA PLATA","telefono":" ","direccion":"Eduardo Madero 235","ciudad":"Ciudad Autonoma de Buenos Aires","codigo_pos":" ","jurisdicci":" ","latitud":"34° 36' 16,599\" S","longitud":"58° 22' 3,485\" W","region":1,"frontera":" ","mail":" ","senal":" ","frecuencia":" ","canal_comu":" ","nombre_est":" ","lat_dd":-34.604610829999999,"lon_dd":-58.367634720000005}},{"type":"Feature","id":376,"geometry":{"type":"Point","coordinates":[-58.367634721999934,-34.604610832999981]},"properties":{"objectid":376,"objectid_1":365,"dependenci":"DEPARTAMENTO PERSONAL SUPERIOR","cod_numer":" ","dep_organ":" ","cuatrigram":"PSUP","nivel":"DEPARTAMENTO","provincia":"CABA","zona":"DPER","rios":"RIO DE LA PLATA","telefono":" ","direccion":"Eduardo Madero 235","ciudad":"Ciudad Autonoma de Buenos Aires","codigo_pos":" ","jurisdicci":" ","latitud":"34° 36' 16,599\" S","longitud":"58° 22' 3,485\" W","region":1,"frontera":" ","mail":" ","senal":" ","frecuencia":" ","canal_comu":" ","nombre_est":" ","lat_dd":-34.604610829999999,"lon_dd":-58.367634720000005}},{"type":"Feature","id":377,"geometry":{"type":"Point","coordinates":[-58.367634721999934,-34.604610832999981]},"properties":{"objectid":377,"objectid_1":366,"dependenci":"DEPARTAMENTO RELACIONES INSTITUCIONALES","cod_numer":" ","dep_organ":" ","cuatrigram":"REIN","nivel":"DEPARTAMENTO","provincia":"CABA","zona":"SGEN","rios":"RIO DE LA PLATA","telefono":" ","direccion":"Eduardo Madero 235","ciudad":"Ciudad Autonoma de Buenos Aires","codigo_pos":" ","jurisdicci":" ","latitud":"34° 36' 16,599\" S","longitud":"58° 22' 3,485\" W","region":1,"frontera":" ","mail":" ","senal":" ","frecuencia":" ","canal_comu":" ","nombre_est":" ","lat_dd":-34.604610829999999,"lon_dd":-58.367634720000005}},{"type":"Feature","id":378,"geometry":{"type":"Point","coordinates":[-58.367634721999934,-34.604610832999981]},"properties":{"objectid":378,"objectid_1":369,"dependenci":"DEPARTAMENTO REVISTAS","cod_numer":" ","dep_organ":" ","cuatrigram":"REVI","nivel":"DEPARTAMENTO","provincia":"CABA","zona":"DAFI","rios":"RIO DE LA PLATA","telefono":" ","direccion":"Eduardo Madero 235","ciudad":"Ciudad Autonoma de Buenos Aires","codigo_pos":" ","jurisdicci":" ","latitud":"34° 36' 16,599\" S","longitud":"58° 22' 3,485\" W","region":1,"frontera":" ","mail":" ","senal":" ","frecuencia":" ","canal_comu":" ","nombre_est":" ","lat_dd":-34.604610829999999,"lon_dd":-58.367634720000005}},{"type":"Feature","id":380,"geometry":{"type":"Point","coordinates":[-58.367634721999934,-34.604610832999981]},"properties":{"objectid":380,"objectid_1":371,"dependenci":"DEPARTAMENTO REGLAM. DE LA NAVEGACION","cod_numer":" ","dep_organ":" ","cuatrigram":"RPOL","nivel":"DEPARTAMENTO","provincia":"CABA","zona":"DPSN","rios":"RIO DE LA PLATA","telefono":" ","direccion":"Eduardo Madero 235","ciudad":"Ciudad Autonoma de Buenos Aires","codigo_pos":" ","jurisdicci":" ","latitud":"34° 36' 16,599\" S","longitud":"58° 22' 3,485\" W","region":1,"frontera":" ","mail":" ","senal":" ","frecuencia":" ","canal_comu":" ","nombre_est":" ","lat_dd":-34.604610829999999,"lon_dd":-58.367634720000005}},{"type":"Feature","id":381,"geometry":{"type":"Point","coordinates":[-58.367634721999934,-34.604610832999981]},"properties":{"objectid":381,"objectid_1":372,"dependenci":"SERVICIO DE COORD. DE OPERACIONES POLICIALES","cod_numer":" ","dep_organ":" ","cuatrigram":"SCOP","nivel":"DEPARTAMENTO","provincia":"CABA","zona":"DIOP","rios":"RIO DE LA PLATA","telefono":" ","direccion":"Eduardo Madero 235","ciudad":"Ciudad Autonoma de Buenos Aires","codigo_pos":" ","jurisdicci":" ","latitud":"34° 36' 16,599\" S","longitud":"58° 22' 3,485\" W","region":1,"frontera":" ","mail":" ","senal":" ","frecuencia":" ","canal_comu":" ","nombre_est":" ","lat_dd":-34.604610829999999,"lon_dd":-58.367634720000005}},{"type":"Feature","id":382,"geometry":{"type":"Point","coordinates":[-58.381822221999983,-34.576352499999985]},"properties":{"objectid":382,"objectid_1":373,"dependenci":"SERVICIO DOCENCIA E INVESTIGACION","cod_numer":" ","dep_organ":" ","cuatrigram":"SDIN","nivel":"DEPARTAMENTO","provincia":"CABA","zona":"DEBI","rios":"RIO DE LA PLATA","telefono":" ","direccion":"Av. Tomas A. Edison S/n","ciudad":"Ciudad Autonoma de Buenos Aires","codigo_pos":" ","jurisdicci":" ","latitud":"34° 34' 34,869\" S","longitud":"58° 22' 54,560\" W","region":1,"frontera":" ","mail":" ","senal":" ","frecuencia":" ","canal_comu":" ","nombre_est":" ","lat_dd":-34.576352500000006,"lon_dd":-58.381822219999997}},{"type":"Feature","id":383,"geometry":{"type":"Point","coordinates":[-58.367634721999934,-34.604610832999981]},"properties":{"objectid":383,"objectid_1":374,"dependenci":"DEPARTAMENTO SEGURIDAD Y DOCTRINA","cod_numer":" ","dep_organ":" ","cuatrigram":"SDOC","nivel":"DEPARTAMENTO","provincia":"CABA","zona":"DICR","rios":"RIO DE LA PLATA","telefono":" ","direccion":"Eduardo Madero 235","ciudad":"Ciudad Autonoma de Buenos Aires","codigo_pos":" ","jurisdicci":" ","latitud":"34° 36' 16,599\" S","longitud":"58° 22' 3,485\" W","region":1,"frontera":" ","mail":" ","senal":" ","frecuencia":" ","canal_comu":" ","nombre_est":" ","lat_dd":-34.604610829999999,"lon_dd":-58.367634720000005}},{"type":"Feature","id":384,"geometry":{"type":"Point","coordinates":[-58.367634721999934,-34.604610832999981]},"properties":{"objectid":384,"objectid_1":375,"dependenci":"DEPARTAMENTO SEGURIDAD AMBIENTAL","cod_numer":" ","dep_organ":" ","cuatrigram":"SEAM","nivel":"DEPARTAMENTO","provincia":"CABA","zona":"DPAM","rios":"RIO DE LA PLATA","telefono":" ","direccion":"Eduardo Madero 235","ciudad":"Ciudad Autonoma de Buenos Aires","codigo_pos":" ","jurisdicci":" ","latitud":"34° 36' 16,599\" S","longitud":"58° 22' 3,485\" W","region":1,"frontera":" ","mail":" ","senal":" ","frecuencia":" ","canal_comu":" ","nombre_est":" ","lat_dd":-34.604610829999999,"lon_dd":-58.367634720000005}},{"type":"Feature","id":385,"geometry":{"type":"Point","coordinates":[-58.367634721999934,-34.604610832999981]},"properties":{"objectid":385,"objectid_1":376,"dependenci":"SECRETARIA GENERAL","cod_numer":" ","dep_organ":" ","cuatrigram":"SGEN","nivel":"DIRECCIÓN","provincia":"CABA","zona":"SGEN","rios":"RIO DE LA PLATA","telefono":" ","direccion":"Eduardo Madero 235","ciudad":"Ciudad Autonoma de Buenos Aires","codigo_pos":" ","jurisdicci":" ","latitud":"34° 36' 16,599\" S","longitud":"58° 22' 3,485\" W","region":1,"frontera":" ","mail":" ","senal":" ","frecuencia":" ","canal_comu":" ","nombre_est":" ","lat_dd":-34.604610829999999,"lon_dd":-58.367634720000005}},{"type":"Feature","id":386,"geometry":{"type":"Point","coordinates":[-58.381822221999983,-34.576352499999985]},"properties":{"objectid":386,"objectid_1":377,"dependenci":"SERVICIO MEDICINA LABORAL Y TECNICA ADMINISTRATIVA","cod_numer":" ","dep_organ":" ","cuatrigram":"SLTA","nivel":"DEPARTAMENTO","provincia":"CABA","zona":"DEBI","rios":"RIO DE LA PLATA","telefono":" ","direccion":"Av. Tomas A. Edison S/n","ciudad":"Ciudad Autonoma de Buenos Aires","codigo_pos":" ","jurisdicci":" ","latitud":"34° 34' 34,869\" S","longitud":"58° 22' 54,560\" W","region":1,"frontera":" ","mail":" ","senal":" ","frecuencia":" ","canal_comu":" ","nombre_est":" ","lat_dd":-34.576352500000006,"lon_dd":-58.381822219999997}},{"type":"Feature","id":387,"geometry":{"type":"Point","coordinates":[-58.381822221999983,-34.576352499999985]},"properties":{"objectid":387,"objectid_1":378,"dependenci":"SERVICIO MEDICO SANITARIO OPERACIONAL","cod_numer":" ","dep_organ":" ","cuatrigram":"SMSO","nivel":"DEPARTAMENTO","provincia":"CABA","zona":"DEBI","rios":"RIO DE LA PLATA","telefono":" ","direccion":"Av. Tomas A. Edison S/n","ciudad":"Ciudad Autonoma de Buenos Aires","codigo_pos":" ","jurisdicci":" ","latitud":"34° 34' 34,869\" S","longitud":"58° 22' 54,560\" W","region":1,"frontera":" ","mail":" ","senal":" ","frecuencia":" ","canal_comu":" ","nombre_est":" ","lat_dd":-34.576352500000006,"lon_dd":-58.381822219999997}},{"type":"Feature","id":388,"geometry":{"type":"Point","coordinates":[-58.367634721999934,-34.604610832999981]},"properties":{"objectid":388,"objectid_1":379,"dependenci":"SECRETARIA DEL SUBPREFECTO NACIONAL NAVAL","cod_numer":" ","dep_organ":" ","cuatrigram":"SNAC","nivel":"DEPARTAMENTO","provincia":"CABA","zona":"SPNN","rios":"RIO DE LA PLATA","telefono":" ","direccion":"Eduardo Madero 235","ciudad":"Ciudad Autonoma de Buenos Aires","codigo_pos":" ","jurisdicci":" ","latitud":"34° 36' 16,599\" S","longitud":"58° 22' 3,485\" W","region":1,"frontera":" ","mail":" ","senal":" ","frecuencia":" ","canal_comu":" ","nombre_est":" ","lat_dd":-34.604610829999999,"lon_dd":-58.367634720000005}},{"type":"Feature","id":389,"geometry":{"type":"Point","coordinates":[-58.367634721999934,-34.604610832999981]},"properties":{"objectid":389,"objectid_1":380,"dependenci":"DEPARTAMENTO SEGURIDAD DE LA NAVEGACION","cod_numer":" ","dep_organ":" ","cuatrigram":"SNAV","nivel":"DEPARTAMENTO","provincia":"CABA","zona":"DPSN","rios":"RIO DE LA PLATA","telefono":" ","direccion":"Eduardo Madero 235","ciudad":"Ciudad Autonoma de Buenos Aires","codigo_pos":" ","jurisdicci":" ","latitud":"34° 36' 16,599\" S","longitud":"58° 22' 3,485\" W","region":1,"frontera":" ","mail":" ","senal":" ","frecuencia":" ","canal_comu":" ","nombre_est":" ","lat_dd":-34.604610829999999,"lon_dd":-58.367634720000005}},{"type":"Feature","id":390,"geometry":{"type":"Point","coordinates":[-58.367634721999934,-34.604610832999981]},"properties":{"objectid":390,"objectid_1":381,"dependenci":"SUBPREFECTURA NACIONAL NAVAL","cod_numer":" ","dep_organ":" ","cuatrigram":"SPNN","nivel":"DIRECCIÓN","provincia":"CABA","zona":"SPNN","rios":"RIO DE LA PLATA","telefono":" ","direccion":"Eduardo Madero 235","ciudad":"Ciudad Autonoma de Buenos Aires","codigo_pos":" ","jurisdicci":" ","latitud":"34° 36' 16,599\" S","longitud":"58° 22' 3,485\" W","region":1,"frontera":" ","mail":" ","senal":" ","frecuencia":" ","canal_comu":" ","nombre_est":" ","lat_dd":-34.604610829999999,"lon_dd":-58.367634720000005}},{"type":"Feature","id":391,"geometry":{"type":"Point","coordinates":[-58.367634721999934,-34.604610832999981]},"properties":{"objectid":391,"objectid_1":382,"dependenci":"SUPERVISOR UNIDADES CINTURON SUR","cod_numer":" ","dep_organ":" ","cuatrigram":"SUCS","nivel":"DEPARTAMENTO","provincia":"CABA","zona":"DIOP","rios":"RIO DE LA PLATA","telefono":" ","direccion":"Eduardo Madero 235","ciudad":"Ciudad Autonoma de Buenos Aires","codigo_pos":" ","jurisdicci":" ","latitud":"34° 36' 16,599\" S","longitud":"58° 22' 3,485\" W","region":1,"frontera":" ","mail":" ","senal":" ","frecuencia":" ","canal_comu":" ","nombre_est":" ","lat_dd":-34.604610829999999,"lon_dd":-58.367634720000005}},{"type":"Feature","id":392,"geometry":{"type":"Point","coordinates":[-58.367634721999934,-34.604610832999981]},"properties":{"objectid":392,"objectid_1":383,"dependenci":"DEPARTAMENTO SUMARIOS","cod_numer":" ","dep_organ":" ","cuatrigram":"SUMS","nivel":"DEPARTAMENTO","provincia":"CABA","zona":"DJPM","rios":"RIO DE LA PLATA","telefono":" ","direccion":"Eduardo Madero 235","ciudad":"Ciudad Autonoma de Buenos Aires","codigo_pos":" ","jurisdicci":" ","latitud":"34° 36' 16,599\" S","longitud":"58° 22' 3,485\" W","region":1,"frontera":" ","mail":" ","senal":" ","frecuencia":" ","canal_comu":" ","nombre_est":" ","lat_dd":-34.604610829999999,"lon_dd":-58.367634720000005}},{"type":"Feature","id":393,"geometry":{"type":"Point","coordinates":[-58.367634721999934,-34.604610832999981]},"properties":{"objectid":393,"objectid_1":384,"dependenci":"DEPARTAMENTO SEGURIDAD SERV Y LOGISTIC","cod_numer":" ","dep_organ":" ","cuatrigram":"SYSE","nivel":"DEPARTAMENTO","provincia":"CABA","zona":"SGEN","rios":"RIO DE LA PLATA","telefono":" ","direccion":"Eduardo Madero 235","ciudad":"Ciudad Autonoma de Buenos Aires","codigo_pos":" ","jurisdicci":" ","latitud":"34° 36' 16,599\" S","longitud":"58° 22' 3,485\" W","region":1,"frontera":" ","mail":" ","senal":" ","frecuencia":" ","canal_comu":" ","nombre_est":" ","lat_dd":-34.604610829999999,"lon_dd":-58.367634720000005}},{"type":"Feature","id":396,"geometry":{"type":"Point","coordinates":[-58.367634721999934,-34.604610832999981]},"properties":{"objectid":396,"objectid_1":387,"dependenci":"DEPARTAMENTO VETERANOS DE GUERRA","cod_numer":" ","dep_organ":" ","cuatrigram":"VGUE","nivel":"DEPARTAMENTO","provincia":"CABA","zona":"DPER","rios":"RIO DE LA PLATA","telefono":" ","direccion":"Eduardo Madero 235","ciudad":"Ciudad Autonoma de Buenos Aires","codigo_pos":" ","jurisdicci":" ","latitud":"34° 36' 16,599\" S","longitud":"58° 22' 3,485\" W","region":1,"frontera":" ","mail":" ","senal":" ","frecuencia":" ","canal_comu":" ","nombre_est":" ","lat_dd":-34.604610829999999,"lon_dd":-58.367634720000005}},{"type":"Feature","id":408,"geometry":{"type":"Point","coordinates":[-58.365032999999983,-34.647312399999976]},"properties":{"objectid":408,"objectid_1":413,"dependenci":"OPERATIVO DE SEGURIDAD ZABALETA","cod_numer":" ","dep_organ":" ","cuatrigram":"OSTA","nivel":"II","provincia":"CABA","zona":" ","rios":" ","telefono":" ","direccion":"Río Cuarto N° 3939","ciudad":"Ciudad Autonoma de Buenos Aires","codigo_pos":" ","jurisdicci":" ","latitud":"-34,6473124","longitud":"-58,365033","region":1,"frontera":" ","mail":"ucs32cuenta2@outlook.com.ar","senal":" ","frecuencia":" ","canal_comu":" ","nombre_est":" ","lat_dd":-34.647312400000004,"lon_dd":-58.365033000000004}},{"type":"Feature","id":187,"geometry":{"type":"Point","coordinates":[-55.914507777999972,-27.354409443999941]},"properties":{"objectid":187,"objectid_1":222,"dependenci":"POSADAS","cod_numer":"8659","dep_organ":"PZAP - ALTO PARANA","cuatrigram":"POSA","nivel":"II","provincia":"MISIONES","zona":"PZAP","rios":"RIO PARANA","telefono":"03764402034","direccion":"Fleming Y Polonia","ciudad":"Posadas","codigo_pos":"N3305","jurisdicci":"Río Paraná desde la margen derecha del  Arroyo Yabebiry (km 1.624); hasta el km 1.528.","latitud":"27° 21' 15,900\" S","longitud":"55° 54' 52,300\" W","region":0,"frontera":"PAR","mail":"posa@prefecturanaval.gov.ar","senal":"L7N","frecuencia":"(1)156,450M(2)156,600M(3)156,700M(4)156,800M","canal_comu":"(1)09 (2)12 (3)14 (4)16","nombre_est":"Posadas Prefectura Naval Radio","lat_dd":-27.354409439999998,"lon_dd":-55.914507779999994}},{"type":"Feature","id":409,"geometry":{"type":"Point","coordinates":[-58.365032999999983,-34.647312399999976]},"properties":{"objectid":409,"objectid_1":414,"dependenci":"OPERATIVO SE SEGURIDAD CIUDADANA 21-24","cod_numer":" ","dep_organ":" ","cuatrigram":"OSBA","nivel":"II","provincia":"CABA","zona":" ","rios":" ","telefono":" ","direccion":"Río Cuarto N° 3939","ciudad":"Ciudad Autonoma de Buenos Aires","codigo_pos":" ","jurisdicci":" ","latitud":"-34,6473124","longitud":"-58,365033","region":1,"frontera":" ","mail":"ucs32cuenta2@outlook.com.ar","senal":" ","frecuencia":" ","canal_comu":" ","nombre_est":" ","lat_dd":-34.647312400000004,"lon_dd":-58.365033000000004}},{"type":"Feature","id":410,"geometry":{"type":"Point","coordinates":[-58.472245999999984,-34.655667999999935]},"properties":{"objectid":410,"objectid_1":416,"dependenci":"OPERATIVO DE SEGURIDAD CIUDADANA CILDAÑES","cod_numer":" ","dep_organ":" ","cuatrigram":"OSIC","nivel":"II","provincia":"CABA","zona":" ","rios":" ","telefono":" ","direccion":"Av. San Juan Bautista de Lasalle N° 2359","ciudad":"Ciudad Autonoma de Buenos Aires","codigo_pos":" ","jurisdicci":" ","latitud":"-34,655668","longitud":"-58,472246","region":1,"frontera":" ","mail":"cs30pna.material@gmail.com","senal":" ","frecuencia":" ","canal_comu":" ","nombre_est":" ","lat_dd":-34.655667999999999,"lon_dd":-58.472245999999998}},{"type":"Feature","id":424,"geometry":{"type":"Point","coordinates":[-58.367634721999934,-34.604610832999981]},"properties":{"objectid":424,"objectid_1":428,"dependenci":"DIRECCIÓN GENERAL DE SEGUR. MARÍTIMA Y PORTUARIA","cod_numer":" ","dep_organ":" ","cuatrigram":"DGMP","nivel":"DIRECCIÓN","provincia":"CABA","zona":"DGMP","rios":"RIO DE LA PLATA","telefono":" ","direccion":"Eduardo Madero 235","ciudad":"Ciudad Autonoma de Buenos Aires","codigo_pos":" ","jurisdicci":" ","latitud":"34° 36' 16,599\" S","longitud":"58° 22' 3,485\" W","region":1,"frontera":" ","mail":" ","senal":" ","frecuencia":" ","canal_comu":" ","nombre_est":" ","lat_dd":-34.604610829999999,"lon_dd":-58.367634720000005}},{"type":"Feature","id":460,"geometry":{"type":"Point","coordinates":[-67.555597926999951,-45.930408825999962]},"properties":{"objectid":460,"objectid_1":null,"dependenci":"RADA TILLY","cod_numer":"8105","dep_organ":"CRIV - COMODORO RIVADAVIA","cuatrigram":"TLLY","nivel":"V","provincia":"CHUBUT","zona":"PZMS","rios":"MAR ARGENTINO","telefono":"2974476800","direccion":"1499 Av. Armada Argentina","ciudad":"Rada Tilly","codigo_pos":"9001","jurisdicci":"No informada.","latitud":"-45,930392","longitud":"-67,555479","region":2,"frontera":null,"mail":null,"senal":null,"frecuencia":null,"canal_comu":null,"nombre_est":null,"lat_dd":null,"lon_dd":null}},{"type":"Feature","id":461,"geometry":{"type":"Point","coordinates":[-67.151368911999953,-38.156135161999941]},"properties":{"objectid":461,"objectid_1":null,"dependenci":"CASA DE PIEDRA","cod_numer":"8583","dep_organ":"CHUE - DEL COMAHUE","cuatrigram":"CPIE","nivel":"V","provincia":"LA PAMPA","zona":"PZLC","rios":"RIO COLORADO","telefono":null,"direccion":"Villa Casa De Piedra","ciudad":"Colorado","codigo_pos":"8201","jurisdicci":"No informada.","latitud":null,"longitud":null,"region":2,"frontera":null,"mail":null,"senal":null,"frecuencia":null,"canal_comu":null,"nombre_est":null,"lat_dd":-38.155970000000003,"lon_dd":-67.151510999999999}},{"type":"Feature","id":462,"geometry":{"type":"Point","coordinates":[-55.914501577999943,-27.354393886999958]},"properties":{"objectid":462,"objectid_1":0,"dependenci":"EFOCAPEM POSADAS","cod_numer":"8663","dep_organ":" POSA-POSADAS","cuatrigram":"EMPO","nivel":null,"provincia":"MISIONES","zona":" PZAP","rios":null,"telefono":"03764402269","direccion":"Fleming y Polonia","ciudad":" Posadas","codigo_pos":"N3305","jurisdicci":null,"latitud":"27,3543939°S","longitud":"55,9145016°W","region":null,"frontera":null,"mail":"posa-efocapemm@prefecturanaval.gov.ar","senal":null,"frecuencia":null,"canal_comu":null,"nombre_est":null,"lat_dd":null,"lon_dd":null}}]}